property_id,name,address,price,sq_ft,collected_at,source,listing_id,coordinates,area,type
,,,983093,,2026-03-19T12:49:24.009285,LoopNet API,,,1558,Multi-Family
,,,1527237,,2026-03-19T12:49:24.009304,LoopNet API,,,4417,Industrial
,,,707000,,2026-03-19T12:49:24.009307,LoopNet API,,,4106,Industrial
,,,1508372,,2026-03-19T12:49:24.009310,LoopNet API,,,1894,Industrial
,,,1351592,,2026-03-19T12:49:24.009312,LoopNet API,,,1065,Retail
,,,1916713,,2026-03-19T12:49:24.009314,LoopNet API,,,3756,Retail
,,,1236861,,2026-03-19T12:49:24.009316,LoopNet API,,,3792,Multi-Family
,,,1361521,,2026-03-19T12:49:24.009317,LoopNet API,,,2442,Office
,,,286488,,2026-03-19T12:49:24.009319,LoopNet API,,,3854,Office
,,,1139181,,2026-03-19T12:49:24.009321,LoopNet API,,,1999,Office
,,,504054,,2026-03-19T12:49:24.009323,LoopNet API,,,2447,Industrial
,,,1992008,,2026-03-19T12:49:24.009325,LoopNet API,,,3776,Retail
,,,1187846,,2026-03-19T12:49:24.009326,LoopNet API,,,3488,Retail
,,,1846004,,2026-03-19T12:49:24.009328,LoopNet API,,,1769,Office
,,,1423999,,2026-03-19T12:49:24.009330,LoopNet API,,,2884,Multi-Family
,,,1030539,,2026-03-19T12:49:24.009331,LoopNet API,,,1108,Multi-Family
,,,1124908,,2026-03-19T12:49:24.009333,LoopNet API,,,984,Office
,,,1319729,,2026-03-19T12:49:24.009335,LoopNet API,,,1892,Multi-Family
,,,1226654,,2026-03-19T12:49:24.009337,LoopNet API,,,1779,Retail
,,,1206645,,2026-03-19T12:49:24.009338,LoopNet API,,,2207,Industrial
,,,1559898,,2026-03-19T12:49:24.009340,LoopNet API,,,3079,Retail
,,,593472,,2026-03-19T12:49:24.009342,LoopNet API,,,4675,Multi-Family
,,,342156,,2026-03-19T12:49:24.009344,LoopNet API,,,2359,Retail
,,,1794297,,2026-03-19T12:49:24.009345,LoopNet API,,,1878,Office
,,,421375,,2026-03-19T12:49:24.009347,LoopNet API,,,1192,Retail
,,,924683,,2026-03-19T12:49:24.009349,LoopNet API,,,3213,Multi-Family
,,,565682,,2026-03-19T12:49:24.009351,LoopNet API,,,2300,Office
,,,208116,,2026-03-19T12:49:24.009353,LoopNet API,,,3581,Industrial
,,,1097666,,2026-03-19T12:49:24.009354,LoopNet API,,,4770,Multi-Family
,,,1343428,,2026-03-19T12:49:24.009356,LoopNet API,,,993,Multi-Family
,,,1663702,,2026-03-19T12:49:24.009358,LoopNet API,,,4624,Multi-Family
,,,1562276,,2026-03-19T12:49:24.009359,LoopNet API,,,4519,Multi-Family
,,,183460,,2026-03-19T12:49:24.009361,LoopNet API,,,3908,Office
,,,879239,,2026-03-19T12:49:24.009363,LoopNet API,,,4033,Multi-Family
,,,1720030,,2026-03-19T12:49:24.009365,LoopNet API,,,2568,Industrial
,,,1428741,,2026-03-19T12:49:24.009366,LoopNet API,,,4274,Office
,,,684266,,2026-03-19T12:49:24.009368,LoopNet API,,,1949,Office
,,,1089407,,2026-03-19T12:49:24.009370,LoopNet API,,,1901,Multi-Family
,,,189398,,2026-03-19T12:49:24.009371,LoopNet API,,,3360,Multi-Family
,,,1350955,,2026-03-19T12:49:24.009373,LoopNet API,,,2345,Retail
,,,284623,,2026-03-19T12:49:24.009375,LoopNet API,,,3150,Office
,,,1262899,,2026-03-19T12:49:24.009377,LoopNet API,,,3921,Multi-Family
,,,401306,,2026-03-19T12:49:24.009378,LoopNet API,,,4145,Office
,,,1445233,,2026-03-19T12:49:24.009380,LoopNet API,,,2233,Multi-Family
,,,1640343,,2026-03-19T12:49:24.009387,LoopNet API,,,1393,Industrial
,,,479757,,2026-03-19T12:49:24.009389,LoopNet API,,,983,Office
,,,1187363,,2026-03-19T12:49:24.009391,LoopNet API,,,1199,Multi-Family
,,,869292,,2026-03-19T12:49:24.009392,LoopNet API,,,4837,Retail
,,,635815,,2026-03-19T12:49:24.009394,LoopNet API,,,1290,Retail
,,,1343288,,2026-03-19T12:49:24.009396,LoopNet API,,,4271,Multi-Family
,,,1569382,,2026-03-19T12:49:24.009397,LoopNet API,,,1670,Industrial
,,,1696185,,2026-03-19T12:49:24.009399,LoopNet API,,,4109,Office
,,,1822169,,2026-03-19T12:49:24.009401,LoopNet API,,,3406,Industrial
,,,1510683,,2026-03-19T12:49:24.009403,LoopNet API,,,4666,Multi-Family
,,,1467852,,2026-03-19T12:49:24.009404,LoopNet API,,,3946,Retail
,,,1958653,,2026-03-19T12:49:24.009406,LoopNet API,,,3721,Office
,,,880398,,2026-03-19T12:49:24.009408,LoopNet API,,,3172,Industrial
,,,1007465,,2026-03-19T12:49:24.009409,LoopNet API,,,3765,Industrial
,,,1677591,,2026-03-19T12:49:24.009411,LoopNet API,,,1572,Office
,,,678047,,2026-03-19T12:49:24.009413,LoopNet API,,,3329,Retail
,,,1915384,,2026-03-19T12:49:24.009414,LoopNet API,,,1013,Retail
,,,786150,,2026-03-19T12:49:24.009416,LoopNet API,,,4752,Office
,,,1735119,,2026-03-19T12:49:24.009417,LoopNet API,,,2160,Retail
,,,1745714,,2026-03-19T12:49:24.009419,LoopNet API,,,3603,Industrial
,,,435833,,2026-03-19T12:49:24.009423,LoopNet API,,,4521,Industrial
,,,1368249,,2026-03-19T12:49:24.009426,LoopNet API,,,830,Industrial
,,,616758,,2026-03-19T12:49:24.009428,LoopNet API,,,2185,Multi-Family
,,,430140,,2026-03-19T12:49:24.009430,LoopNet API,,,4386,Industrial
,,,888698,,2026-03-19T12:49:24.009431,LoopNet API,,,1166,Retail
,,,1386053,,2026-03-19T12:49:24.009433,LoopNet API,,,3771,Office
,,,1465286,,2026-03-19T12:49:24.009435,LoopNet API,,,938,Industrial
,,,605529,,2026-03-19T12:49:24.009436,LoopNet API,,,1904,Industrial
,,,1381836,,2026-03-19T12:49:24.009438,LoopNet API,,,3002,Industrial
,,,500413,,2026-03-19T12:49:24.009440,LoopNet API,,,3254,Multi-Family
,,,1444265,,2026-03-19T12:49:24.009442,LoopNet API,,,3131,Retail
,,,626685,,2026-03-19T12:49:24.009443,LoopNet API,,,967,Retail
,,,351443,,2026-03-19T12:49:24.009445,LoopNet API,,,2611,Multi-Family
,,,1669045,,2026-03-19T12:49:24.009448,LoopNet API,,,1138,Retail
,,,523278,,2026-03-19T12:49:24.009450,LoopNet API,,,2103,Office
,,,149508,,2026-03-19T12:49:24.009452,LoopNet API,,,3868,Multi-Family
,,,517880,,2026-03-19T12:49:24.009453,LoopNet API,,,1072,Retail
,,,518008,,2026-03-19T12:49:24.009455,LoopNet API,,,3730,Retail
,,,1996047,,2026-03-19T12:49:24.009457,LoopNet API,,,2798,Industrial
,,,351124,,2026-03-19T12:49:24.009460,LoopNet API,,,3821,Multi-Family
,,,211649,,2026-03-19T12:49:24.009462,LoopNet API,,,2453,Industrial
,,,1759502,,2026-03-19T12:49:24.009464,LoopNet API,,,1241,Retail
,,,1734831,,2026-03-19T12:49:24.009466,LoopNet API,,,2842,Retail
,,,703636,,2026-03-19T12:49:24.009467,LoopNet API,,,4120,Industrial
,,,1131211,,2026-03-19T12:49:24.009469,LoopNet API,,,4722,Office
,,,751841,,2026-03-19T12:49:24.009471,LoopNet API,,,936,Office
,,,1812429,,2026-03-19T12:49:24.009473,LoopNet API,,,4425,Industrial
,,,1429181,,2026-03-19T12:49:24.009474,LoopNet API,,,4797,Multi-Family
,,,298218,,2026-03-19T12:49:24.009476,LoopNet API,,,1673,Multi-Family
,,,157401,,2026-03-19T12:49:24.009479,LoopNet API,,,4596,Office
,,,1617094,,2026-03-19T12:49:24.009480,LoopNet API,,,2475,Office
,,,304609,,2026-03-19T12:49:24.009482,LoopNet API,,,3647,Multi-Family
,,,731128,,2026-03-19T12:49:24.009484,LoopNet API,,,3546,Industrial
,,,1782135,,2026-03-19T12:49:24.009486,LoopNet API,,,1949,Multi-Family
,,,1176776,,2026-03-19T12:49:24.009487,LoopNet API,,,2795,Multi-Family
,,,1166304,,2026-03-19T12:49:24.009489,LoopNet API,,,3505,Office
,,,876864,,2026-03-19T12:49:24.009491,LoopNet API,,,2990,Industrial
,,,315333,,2026-03-19T12:49:24.009492,LoopNet API,,,826,Multi-Family
,,,1653878,,2026-03-19T12:49:24.009494,LoopNet API,,,4788,Multi-Family
,,,1908724,,2026-03-19T12:49:24.009496,LoopNet API,,,665,Multi-Family
,,,1862093,,2026-03-19T12:49:24.009498,LoopNet API,,,1126,Multi-Family
,,,1055885,,2026-03-19T12:49:24.009499,LoopNet API,,,3961,Retail
,,,1915677,,2026-03-19T12:49:24.009501,LoopNet API,,,2499,Office
,,,1128074,,2026-03-19T12:49:24.009503,LoopNet API,,,4562,Office
,,,1314346,,2026-03-19T12:49:24.009504,LoopNet API,,,1536,Multi-Family
,,,526350,,2026-03-19T12:49:24.009507,LoopNet API,,,3553,Industrial
,,,676387,,2026-03-19T12:49:24.009509,LoopNet API,,,3826,Multi-Family
,,,686836,,2026-03-19T12:49:24.009512,LoopNet API,,,3399,Office
,,,572290,,2026-03-19T12:49:24.009514,LoopNet API,,,1340,Industrial
,,,136590,,2026-03-19T12:49:24.009516,LoopNet API,,,4698,Retail
,,,421414,,2026-03-19T12:49:24.009518,LoopNet API,,,2066,Office
,,,1387862,,2026-03-19T12:49:24.009519,LoopNet API,,,3655,Retail
,,,963709,,2026-03-19T12:49:24.009521,LoopNet API,,,3077,Industrial
,,,506364,,2026-03-19T12:49:24.009523,LoopNet API,,,3536,Industrial
,,,1540803,,2026-03-19T12:49:24.009525,LoopNet API,,,4218,Multi-Family
,,,868025,,2026-03-19T12:49:24.009526,LoopNet API,,,799,Office
,,,1648271,,2026-03-19T12:49:24.009528,LoopNet API,,,1227,Multi-Family
,,,574588,,2026-03-19T12:49:24.009530,LoopNet API,,,1292,Industrial
,,,1165669,,2026-03-19T12:49:24.009531,LoopNet API,,,620,Office
,,,446957,,2026-03-19T12:49:24.009533,LoopNet API,,,3790,Retail
,,,1994733,,2026-03-19T12:49:24.009535,LoopNet API,,,4313,Industrial
,,,241703,,2026-03-19T12:49:24.009537,LoopNet API,,,4313,Retail
,,,1994462,,2026-03-19T12:49:24.009538,LoopNet API,,,1434,Multi-Family
,,,601667,,2026-03-19T12:49:24.009540,LoopNet API,,,1639,Office
,,,1199546,,2026-03-19T12:49:24.009542,LoopNet API,,,3623,Office
,,,926999,,2026-03-19T12:49:24.009544,LoopNet API,,,4924,Multi-Family
,,,206388,,2026-03-19T12:49:24.009546,LoopNet API,,,3137,Retail
,,,1881666,,2026-03-19T12:49:24.009547,LoopNet API,,,2242,Multi-Family
,,,1896119,,2026-03-19T12:49:24.009549,LoopNet API,,,3310,Industrial
,,,1067794,,2026-03-19T12:49:24.009551,LoopNet API,,,884,Multi-Family
,,,1001771,,2026-03-19T12:49:24.009553,LoopNet API,,,1588,Industrial
,,,1881595,,2026-03-19T12:49:24.009554,LoopNet API,,,549,Office
,,,942313,,2026-03-19T12:49:24.009556,LoopNet API,,,2555,Multi-Family
,,,861491,,2026-03-19T12:49:24.009558,LoopNet API,,,2476,Multi-Family
,,,1839998,,2026-03-19T12:49:24.009560,LoopNet API,,,1685,Industrial
,,,694522,,2026-03-19T12:49:24.009561,LoopNet API,,,2273,Multi-Family
,,,606759,,2026-03-19T12:49:24.009563,LoopNet API,,,4335,Retail
,,,1669764,,2026-03-19T12:49:24.009565,LoopNet API,,,3373,Multi-Family
,,,419376,,2026-03-19T12:49:24.009566,LoopNet API,,,2741,Retail
,,,1273021,,2026-03-19T12:49:24.009568,LoopNet API,,,1869,Retail
,,,1106475,,2026-03-19T12:49:24.009570,LoopNet API,,,2915,Industrial
,,,145153,,2026-03-19T12:49:24.009571,LoopNet API,,,4141,Office
,,,116432,,2026-03-19T12:49:24.009573,LoopNet API,,,4991,Industrial
,,,1398425,,2026-03-19T12:49:24.009575,LoopNet API,,,3763,Multi-Family
,,,564237,,2026-03-19T12:49:24.009576,LoopNet API,,,1410,Office
,,,1040885,,2026-03-19T12:49:24.009579,LoopNet API,,,2601,Office
,,,1815627,,2026-03-19T12:49:24.009580,LoopNet API,,,2708,Industrial
,,,1127512,,2026-03-19T12:49:24.009582,LoopNet API,,,2292,Industrial
,,,578124,,2026-03-19T12:49:24.009583,LoopNet API,,,820,Retail
,,,843054,,2026-03-19T12:49:24.009585,LoopNet API,,,4516,Multi-Family
,,,1799559,,2026-03-19T12:49:24.009587,LoopNet API,,,4390,Industrial
,,,1304462,,2026-03-19T12:49:24.009588,LoopNet API,,,3507,Office
,,,689322,,2026-03-19T12:49:48.001590,LoopNet API,,,4997,Office
,,,1185555,,2026-03-19T12:49:48.001619,LoopNet API,,,4204,Retail
,,,228942,,2026-03-19T12:49:48.001627,LoopNet API,,,4348,Retail
,,,194979,,2026-03-19T12:49:48.001632,LoopNet API,,,4104,Retail
,,,1777820,,2026-03-19T12:49:48.001636,LoopNet API,,,3932,Multi-Family
,,,1869342,,2026-03-19T12:49:48.001640,LoopNet API,,,4183,Retail
,,,1056042,,2026-03-19T12:49:48.001644,LoopNet API,,,1184,Industrial
,,,219645,,2026-03-19T12:49:48.001647,LoopNet API,,,4873,Retail
,,,301981,,2026-03-19T12:49:48.001651,LoopNet API,,,4681,Retail
,,,1302507,,2026-03-19T12:49:48.001655,LoopNet API,,,1301,Multi-Family
,,,866837,,2026-03-19T12:49:48.001658,LoopNet API,,,2354,Industrial
,,,1436660,,2026-03-19T12:49:48.001662,LoopNet API,,,952,Office
,,,464190,,2026-03-19T12:49:48.001665,LoopNet API,,,1479,Multi-Family
,,,288575,,2026-03-19T12:49:48.001669,LoopNet API,,,2344,Multi-Family
,,,1197280,,2026-03-19T12:49:48.001672,LoopNet API,,,2784,Multi-Family
,,,594429,,2026-03-19T12:49:48.001676,LoopNet API,,,4560,Multi-Family
,,,352219,,2026-03-19T12:49:48.001679,LoopNet API,,,4094,Industrial
,,,1321702,,2026-03-19T12:49:48.001683,LoopNet API,,,3453,Industrial
,,,1643549,,2026-03-19T12:49:48.001687,LoopNet API,,,3551,Office
,,,1205733,,2026-03-19T12:49:48.001691,LoopNet API,,,883,Multi-Family
,,,225376,,2026-03-19T12:49:48.001694,LoopNet API,,,1430,Industrial
,,,1624283,,2026-03-19T12:49:48.001697,LoopNet API,,,2815,Office
,,,642401,,2026-03-19T12:49:48.001701,LoopNet API,,,1654,Multi-Family
,,,1574079,,2026-03-19T12:49:48.001717,LoopNet API,,,2894,Office
,,,1988328,,2026-03-19T12:49:48.001723,LoopNet API,,,4988,Office
,,,1922775,,2026-03-19T12:49:48.001727,LoopNet API,,,3208,Office
,,,1753217,,2026-03-19T12:49:48.001731,LoopNet API,,,1270,Multi-Family
,,,1498631,,2026-03-19T12:49:48.001734,LoopNet API,,,2967,Industrial
,,,869595,,2026-03-19T12:49:48.001810,LoopNet API,,,2049,Office
,,,1670411,,2026-03-19T12:49:48.001814,LoopNet API,,,1623,Multi-Family
,,,1627232,,2026-03-19T12:49:48.001817,LoopNet API,,,1884,Industrial
,,,1307144,,2026-03-19T12:49:48.001821,LoopNet API,,,842,Retail
,,,892251,,2026-03-19T12:49:48.001824,LoopNet API,,,2603,Multi-Family
,,,1108405,,2026-03-19T12:49:48.001828,LoopNet API,,,4186,Industrial
,,,1965943,,2026-03-19T12:49:48.001832,LoopNet API,,,795,Multi-Family
,,,443737,,2026-03-19T12:49:48.001835,LoopNet API,,,4359,Office
,,,927117,,2026-03-19T12:49:48.001839,LoopNet API,,,4822,Multi-Family
,,,1061662,,2026-03-19T12:49:48.001842,LoopNet API,,,2566,Multi-Family
,,,1158043,,2026-03-19T12:49:48.001845,LoopNet API,,,2678,Office
,,,244171,,2026-03-19T12:49:48.001849,LoopNet API,,,1682,Industrial
,,,1507646,,2026-03-19T12:49:48.001852,LoopNet API,,,3067,Office
,,,1525338,,2026-03-19T12:49:48.001856,LoopNet API,,,2865,Industrial
,,,1992299,,2026-03-19T12:49:48.001859,LoopNet API,,,4800,Retail
,,,1072530,,2026-03-19T12:49:48.001863,LoopNet API,,,2328,Office
,,,1517819,,2026-03-19T12:49:48.001875,LoopNet API,,,2818,Multi-Family
,,,940172,,2026-03-19T12:49:48.001879,LoopNet API,,,3438,Retail
,,,912005,,2026-03-19T12:49:48.001883,LoopNet API,,,4651,Multi-Family
,,,550986,,2026-03-19T12:49:48.001886,LoopNet API,,,4580,Multi-Family
,,,1361559,,2026-03-19T12:49:48.001889,LoopNet API,,,4749,Retail
,,,473713,,2026-03-19T12:49:48.001893,LoopNet API,,,2872,Industrial
,,,155941,,2026-03-19T12:49:48.001896,LoopNet API,,,3872,Office
,,,918432,,2026-03-19T12:49:48.001899,LoopNet API,,,3379,Retail
,,,1225056,,2026-03-19T12:49:48.001902,LoopNet API,,,1232,Office
,,,1826545,,2026-03-19T12:49:48.001906,LoopNet API,,,894,Retail
,,,196553,,2026-03-19T12:49:48.001910,LoopNet API,,,2455,Industrial
,,,421648,,2026-03-19T12:49:48.001913,LoopNet API,,,2859,Industrial
,,,600122,,2026-03-19T12:49:48.001916,LoopNet API,,,1140,Office
,,,1538890,,2026-03-19T12:49:48.001920,LoopNet API,,,1992,Retail
,,,1115906,,2026-03-19T12:49:48.001923,LoopNet API,,,894,Multi-Family
,,,491898,,2026-03-19T12:49:48.001927,LoopNet API,,,4604,Multi-Family
,,,360089,,2026-03-19T12:49:48.001930,LoopNet API,,,838,Industrial
,,,1559589,,2026-03-19T12:49:48.001933,LoopNet API,,,1211,Multi-Family
,,,618928,,2026-03-19T12:49:48.001937,LoopNet API,,,1535,Multi-Family
,,,1567851,,2026-03-19T12:49:48.001940,LoopNet API,,,3477,Retail
,,,384574,,2026-03-19T12:49:48.001946,LoopNet API,,,4508,Retail
,,,1309082,,2026-03-19T12:49:48.001953,LoopNet API,,,3366,Industrial
,,,345657,,2026-03-19T12:49:48.001957,LoopNet API,,,4280,Retail
,,,585042,,2026-03-19T12:49:48.001960,LoopNet API,,,3943,Multi-Family
,,,204348,,2026-03-19T12:49:48.001963,LoopNet API,,,2491,Retail
,,,1985387,,2026-03-19T12:49:48.001967,LoopNet API,,,3757,Retail
,,,1558922,,2026-03-19T12:49:48.001970,LoopNet API,,,2458,Industrial
,,,1631024,,2026-03-19T12:49:48.001974,LoopNet API,,,3912,Industrial
,,,1228127,,2026-03-19T12:49:48.001977,LoopNet API,,,4399,Office
,,,1307624,,2026-03-19T12:49:48.001981,LoopNet API,,,1521,Industrial
,,,836856,,2026-03-19T12:49:48.001984,LoopNet API,,,3407,Industrial
,,,343346,,2026-03-19T12:49:48.001987,LoopNet API,,,2315,Industrial
,,,421664,,2026-03-19T12:49:48.001991,LoopNet API,,,4818,Office
,,,1318707,,2026-03-19T12:49:48.001997,LoopNet API,,,3093,Industrial
,,,1077498,,2026-03-19T12:49:48.002000,LoopNet API,,,2564,Industrial
,,,1943697,,2026-03-19T12:49:48.002004,LoopNet API,,,3022,Multi-Family
,,,1429095,,2026-03-19T12:49:48.002007,LoopNet API,,,662,Office
,,,1304626,,2026-03-19T12:49:48.002011,LoopNet API,,,3091,Office
,,,1429929,,2026-03-19T12:49:48.002014,LoopNet API,,,2103,Retail
,,,131527,,2026-03-19T12:49:48.002020,LoopNet API,,,1973,Industrial
,,,1450055,,2026-03-19T12:49:48.002024,LoopNet API,,,4536,Multi-Family
,,,1698631,,2026-03-19T12:49:48.002028,LoopNet API,,,3887,Multi-Family
,,,356284,,2026-03-19T12:49:48.002031,LoopNet API,,,1378,Multi-Family
,,,233262,,2026-03-19T12:49:48.002035,LoopNet API,,,637,Office
,,,786650,,2026-03-19T12:49:48.002038,LoopNet API,,,1835,Office
,,,1447461,,2026-03-19T12:49:48.002042,LoopNet API,,,3736,Office
,,,792840,,2026-03-19T12:49:48.002046,LoopNet API,,,877,Industrial
,,,802957,,2026-03-19T12:49:48.002049,LoopNet API,,,2015,Multi-Family
,,,757639,,2026-03-19T12:49:48.002053,LoopNet API,,,3533,Multi-Family
,,,1438668,,2026-03-19T12:49:48.002057,LoopNet API,,,3478,Office
,,,1519413,,2026-03-19T12:49:48.002061,LoopNet API,,,2047,Multi-Family
,,,1103811,,2026-03-19T12:49:48.002064,LoopNet API,,,1448,Multi-Family
,,,634481,,2026-03-19T12:49:48.002068,LoopNet API,,,2090,Office
,,,1603513,,2026-03-19T12:49:48.002071,LoopNet API,,,4749,Multi-Family
,,,551259,,2026-03-19T12:49:48.002075,LoopNet API,,,2366,Retail
,,,725043,,2026-03-19T12:49:48.002078,LoopNet API,,,648,Industrial
,,,1928527,,2026-03-19T12:49:48.002082,LoopNet API,,,597,Industrial
,,,1922317,,2026-03-19T12:49:48.002085,LoopNet API,,,3541,Retail
,,,1770372,,2026-03-19T12:49:48.002089,LoopNet API,,,1665,Office
,,,1510822,,2026-03-19T12:49:48.002092,LoopNet API,,,540,Retail
,,,1291902,,2026-03-19T12:49:48.002096,LoopNet API,,,1750,Office
,,,254805,,2026-03-19T12:49:48.002099,LoopNet API,,,1042,Multi-Family
,,,1646121,,2026-03-19T12:49:48.002103,LoopNet API,,,2853,Multi-Family
,,,1015991,,2026-03-19T12:49:48.002106,LoopNet API,,,4954,Industrial
,,,477836,,2026-03-19T12:49:48.002110,LoopNet API,,,2053,Retail
,,,1646517,,2026-03-19T12:49:48.002114,LoopNet API,,,4152,Multi-Family
,,,1995162,,2026-03-19T12:49:48.002120,LoopNet API,,,3189,Industrial
,,,1183196,,2026-03-19T12:49:48.002124,LoopNet API,,,2114,Multi-Family
,,,164210,,2026-03-19T12:49:48.002127,LoopNet API,,,2081,Office
,,,497053,,2026-03-19T12:49:48.002131,LoopNet API,,,4025,Multi-Family
,,,1069002,,2026-03-19T12:49:48.002134,LoopNet API,,,2674,Retail
,,,1143370,,2026-03-19T12:49:48.002138,LoopNet API,,,4618,Office
,,,230968,,2026-03-19T12:49:48.002141,LoopNet API,,,2883,Multi-Family
,,,1560063,,2026-03-19T12:49:48.002144,LoopNet API,,,2423,Office
,,,1682892,,2026-03-19T12:49:48.002148,LoopNet API,,,2256,Office
,,,458137,,2026-03-19T12:49:48.002151,LoopNet API,,,1580,Industrial
,,,1338391,,2026-03-19T12:49:48.002155,LoopNet API,,,4204,Multi-Family
,,,1180855,,2026-03-19T12:49:48.002158,LoopNet API,,,3291,Multi-Family
,,,564492,,2026-03-19T12:49:48.002162,LoopNet API,,,1183,Retail
,,,1322144,,2026-03-19T12:49:48.002165,LoopNet API,,,2359,Retail
,,,449013,,2026-03-19T12:49:48.002168,LoopNet API,,,1648,Multi-Family
,,,1757606,,2026-03-19T12:49:48.002172,LoopNet API,,,4996,Industrial
,,,1674325,,2026-03-19T12:49:48.002175,LoopNet API,,,3786,Industrial
,,,1068442,,2026-03-19T12:49:48.002178,LoopNet API,,,1457,Multi-Family
,,,1473898,,2026-03-19T12:49:48.002182,LoopNet API,,,2317,Industrial
,,,772160,,2026-03-19T12:49:48.002186,LoopNet API,,,1819,Retail
,,,566296,,2026-03-19T12:49:48.002190,LoopNet API,,,2285,Multi-Family
,,,644022,,2026-03-19T12:49:48.002193,LoopNet API,,,4586,Office
,,,1875938,,2026-03-19T12:49:48.002197,LoopNet API,,,4655,Multi-Family
,,,417004,,2026-03-19T12:49:48.002200,LoopNet API,,,1881,Office
,,,235202,,2026-03-19T12:49:48.002204,LoopNet API,,,4829,Multi-Family
,,,1702769,,2026-03-19T12:49:48.002207,LoopNet API,,,962,Multi-Family
,,,650102,,2026-03-19T12:49:48.002211,LoopNet API,,,1875,Industrial
,,,1454425,,2026-03-19T12:49:48.002214,LoopNet API,,,3363,Office
,,,1500468,,2026-03-19T12:49:48.002217,LoopNet API,,,561,Industrial
,,,1376060,,2026-03-19T12:49:48.002221,LoopNet API,,,1512,Industrial
,,,1850775,,2026-03-19T12:49:48.002224,LoopNet API,,,2149,Office
,,,154900,,2026-03-19T12:49:48.002228,LoopNet API,,,1844,Office
,,,1864593,,2026-03-19T12:49:48.002231,LoopNet API,,,510,Retail
,,,1627887,,2026-03-19T12:49:48.002234,LoopNet API,,,1720,Industrial
,,,1222409,,2026-03-19T12:49:48.002238,LoopNet API,,,4287,Office
,,,1749396,,2026-03-19T12:49:48.002241,LoopNet API,,,1229,Industrial
,,,882594,,2026-03-19T12:49:48.002245,LoopNet API,,,2871,Office
,,,1533143,,2026-03-19T12:49:48.002248,LoopNet API,,,2320,Industrial
,,,284275,,2026-03-19T12:49:48.002251,LoopNet API,,,2103,Office
,,,1957580,,2026-03-19T12:49:48.002256,LoopNet API,,,2811,Multi-Family
,,,575044,,2026-03-19T12:49:48.002259,LoopNet API,,,2191,Retail
,,,585067,,2026-03-19T12:49:48.002263,LoopNet API,,,1437,Office
,,,1258803,,2026-03-19T12:49:48.002266,LoopNet API,,,1943,Retail
,,,318718,,2026-03-19T12:49:48.002270,LoopNet API,,,3806,Retail
,,,1955493,,2026-03-19T12:49:48.002273,LoopNet API,,,4116,Multi-Family
,,,1265550,,2026-03-19T12:49:48.002276,LoopNet API,,,3865,Multi-Family
,,,1046967,,2026-03-22T19:23:40.968538,LoopNet API,33157222,"[[-77.629305, 43.193999]]",737,Retail
,,,137651,,2026-03-22T19:23:40.968550,LoopNet API,39251110,"[[-77.477505, 43.204216]]",4637,Industrial
,,,1515263,,2026-03-22T19:23:40.968554,LoopNet API,39817288,"[[-77.630988, 43.19586]]",3949,Industrial
,,,1940386,,2026-03-22T19:23:40.968556,LoopNet API,39712189,"[[-77.678778, 43.108532]]",1161,Office
,,,586175,,2026-03-22T19:23:40.968558,LoopNet API,39625204,"[[-77.7088, 43.146607]]",1368,Multi-Family
,,,1161032,,2026-03-22T19:23:40.968560,LoopNet API,39616616,"[[-77.696694, 43.183124]]",4758,Retail
,,,1949426,,2026-03-22T19:23:40.968563,LoopNet API,39602403,"[[-77.452169, 43.208601]]",4176,Retail
,,,680107,,2026-03-22T19:23:40.968565,LoopNet API,39587954,"[[-77.699985, 43.149222]]",1105,Office
,,,1662174,,2026-03-22T19:23:40.968567,LoopNet API,39577570,"[[-77.732281, 43.21782]]",4210,Industrial
,,,338117,,2026-03-22T19:23:40.968569,LoopNet API,39558241,"[[-77.486755, 43.079174]]",4666,Multi-Family
,,,1460574,,2026-03-22T19:23:40.968571,LoopNet API,39432321,"[[-77.603237, 43.115479]]",991,Multi-Family
,,,1861221,,2026-03-22T19:23:40.968573,LoopNet API,39402981,"[[-77.569621, 43.201708]]",2920,Retail
,,,336731,,2026-03-22T19:23:40.968575,LoopNet API,39388644,"[[-77.583062, 43.163556]]",3195,Multi-Family
,,,1140614,,2026-03-22T19:23:40.968576,LoopNet API,39323587,"[[-77.628679, 43.099292]]",4182,Retail
,,,142116,,2026-03-22T19:23:40.968578,LoopNet API,39322261,"[[-77.628546, 43.135555], [-77.62244, 43.13992], [-77.62866, 43.13642], [-77.64013, 43.12885]]",1842,Multi-Family
,,,511847,,2026-03-22T19:23:40.968580,LoopNet API,39317559,"[[-77.652737, 43.184384]]",4803,Industrial
,,,251424,,2026-03-22T19:23:40.968582,LoopNet API,39302800,"[[-77.687407, 43.208923]]",3110,Industrial
,,,286065,,2026-03-22T19:23:40.968584,LoopNet API,39292350,"[[-77.621133, 43.082114]]",1729,Retail
,,,1531613,,2026-03-22T19:23:40.968586,LoopNet API,39270340,"[[-77.596377, 43.140599], [-77.595678, 43.140665], [-77.596294, 43.140951], [-77.596385, 43.140912], [-77.596329, 43.140442]]",3108,Retail
,,,333445,,2026-03-22T19:23:40.968587,LoopNet API,39265429,"[[-77.579476, 43.138666]]",894,Retail
,,,1963091,,2026-03-22T19:23:40.968589,LoopNet API,39265207,"[[-77.579987, 43.150797]]",4415,Office
,,,1442429,,2026-03-22T19:23:40.968591,LoopNet API,39228650,"[[-77.615279, 43.101188]]",2904,Retail
,,,1999408,,2026-03-22T19:23:40.968593,LoopNet API,39172088,"[[-77.674289, 43.111963]]",4450,Multi-Family
,,,650266,,2026-03-22T19:23:40.968594,LoopNet API,39113038,"[[-77.641053, 43.146858]]",2139,Multi-Family
,,,1585248,,2026-03-22T19:23:40.968596,LoopNet API,39082310,"[[-77.607652, 43.180298]]",4448,Retail
,,,884955,,2026-03-22T19:23:40.968598,LoopNet API,39031619,"[[-77.559786, 43.169987]]",2989,Retail
,,,558918,,2026-03-22T19:23:40.968599,LoopNet API,39011722,"[[-77.614977, 43.178606]]",2785,Industrial
,,,763330,,2026-03-22T19:23:40.968601,LoopNet API,38985531,"[[-77.635785, 43.095101]]",3882,Industrial
,,,1698689,,2026-03-22T19:23:40.968603,LoopNet API,38816016,"[[-77.66101, 43.149414]]",2256,Industrial
,,,1694984,,2026-03-22T19:23:40.968605,LoopNet API,38794915,"[[-77.651745, 43.145283]]",2954,Retail
,,,124580,,2026-03-22T19:23:40.968606,LoopNet API,38693769,"[[-77.642082, 43.222331]]",2788,Industrial
,,,969609,,2026-03-22T19:23:40.968608,LoopNet API,38658005,"[[-77.649384, 43.161883]]",964,Multi-Family
,,,788044,,2026-03-22T19:23:40.968610,LoopNet API,38636419,"[[-77.626949, 43.16643], [-77.600855, 43.173812]]",4657,Retail
,,,1587066,,2026-03-22T19:23:40.968612,LoopNet API,38636410,"[[-77.661895, 43.046676]]",610,Retail
,,,1380663,,2026-03-22T19:23:40.968613,LoopNet API,38610227,"[[-77.564976, 43.14901]]",2526,Retail
,,,889811,,2026-03-22T19:23:40.968615,LoopNet API,38579493,"[[-77.65508, 43.153301]]",4518,Retail
,,,1658929,,2026-03-22T19:23:40.968617,LoopNet API,38553022,"[[-77.599309, 43.157494]]",1387,Multi-Family
,,,1013109,,2026-03-22T19:23:40.968618,LoopNet API,38530756,"[[-77.59832, 43.159179]]",4430,Retail
,,,330227,,2026-03-22T19:23:40.968620,LoopNet API,38530691,"[[-77.599626, 43.159095]]",4089,Retail
,,,349931,,2026-03-22T19:23:40.968622,LoopNet API,38500653,"[[-77.59903, 43.142998]]",895,Retail
,,,1576750,,2026-03-22T19:23:40.968623,LoopNet API,38455770,"[[-77.63365, 43.197508]]",3300,Multi-Family
,,,1166543,,2026-03-22T19:23:40.968625,LoopNet API,38433685,"[[-77.509827, 43.178265]]",3827,Office
,,,813295,,2026-03-22T19:23:40.968627,LoopNet API,38423222,"[[-77.670455, 43.205365]]",4039,Retail
,,,1685901,,2026-03-22T19:23:40.968629,LoopNet API,38410033,"[[-77.612807, 43.165168]]",3754,Retail
,,,1864214,,2026-03-22T19:23:40.968630,LoopNet API,38391803,"[[-77.69616, 43.221334]]",4561,Multi-Family
,,,1422729,,2026-03-22T19:23:40.968632,LoopNet API,38357735,"[[-77.61102, 43.25571]]",4675,Retail
,,,1031568,,2026-03-22T19:23:40.968634,LoopNet API,38353121,"[[-77.487226, 43.118583]]",2166,Office
,,,1416130,,2026-03-22T19:23:40.968635,LoopNet API,38337053,"[[-77.736792, 43.182119]]",4077,Industrial
,,,526801,,2026-03-22T19:23:40.968637,LoopNet API,38306416,"[[-77.618951, 43.10377], [-77.619241, 43.104197]]",3723,Retail
,,,957042,,2026-03-22T19:23:40.968639,LoopNet API,38263561,"[[-77.66493, 43.131087]]",4169,Retail
,,,811058,,2026-03-22T19:23:40.968640,LoopNet API,38223668,"[[-77.508242, 43.18241]]",645,Multi-Family
,,,780555,,2026-03-22T19:23:40.968642,LoopNet API,38013173,"[[-77.653018, 43.149681]]",2716,Office
,,,199812,,2026-03-22T19:23:40.968643,LoopNet API,37994174,"[[-77.675616, 43.037633]]",2020,Industrial
,,,1753925,,2026-03-22T19:23:40.968645,LoopNet API,37974523,"[[-77.606928, 43.160039]]",4101,Multi-Family
,,,1951512,,2026-03-22T19:23:40.968647,LoopNet API,37938064,"[[-77.609412, 43.159125]]",4076,Retail
,,,1491237,,2026-03-22T19:23:40.968649,LoopNet API,37863022,"[[-77.66444, 43.13292]]",3175,Multi-Family
,,,448930,,2026-03-22T19:23:40.968650,LoopNet API,37840949,"[[-77.607784, 43.14062]]",2686,Office
,,,1154300,,2026-03-22T19:23:40.968653,LoopNet API,37766162,"[[-77.659114, 43.15824]]",4268,Office
,,,1490109,,2026-03-22T19:23:40.968654,LoopNet API,37685380,"[[-77.640861, 43.080778]]",3658,Multi-Family
,,,204860,,2026-03-22T19:23:40.968656,LoopNet API,37564679,"[[-77.601539, 43.089175], [-77.602465, 43.089255]]",3955,Multi-Family
,,,1349129,,2026-03-22T19:23:40.968658,LoopNet API,37409507,"[[-77.703288, 43.18576]]",3454,Office
,,,1894380,,2026-03-22T19:23:40.968659,LoopNet API,37029121,"[[-77.704267, 43.185293]]",4346,Office
,,,1583213,,2026-03-22T19:23:40.968661,LoopNet API,36999876,"[[-77.618147, 43.103253]]",600,Retail
,,,1015858,,2026-03-22T19:23:40.968663,LoopNet API,36911005,"[[-77.665334, 43.133994]]",2400,Retail
,,,1526978,,2026-03-22T19:23:40.968664,LoopNet API,36845807,"[[-77.521768, 43.091687]]",4283,Office
,,,1406380,,2026-03-22T19:23:40.968667,LoopNet API,36693922,"[[-77.618859, 43.102351]]",3384,Industrial
,,,661764,,2026-03-22T19:23:40.968668,LoopNet API,36611613,"[[-77.628904, 43.174154]]",3202,Multi-Family
,,,159017,,2026-03-22T19:23:40.968670,LoopNet API,36398849,"[[-77.581112, 43.0941]]",2052,Retail
,,,1984052,,2026-03-22T19:23:40.968672,LoopNet API,35789458,"[[-77.710627, 43.146659]]",550,Retail
,,,567097,,2026-03-22T19:23:40.968673,LoopNet API,35561380,"[[-77.603447, 43.147115]]",4883,Multi-Family
,,,176897,,2026-03-22T19:23:40.968675,LoopNet API,35079036,"[[-77.668244, 43.165093]]",3100,Industrial
,,,1935565,,2026-03-22T19:23:40.968677,LoopNet API,35029105,"[[-77.593411, 43.12617]]",2335,Retail
,,,1056714,,2026-03-22T19:23:40.968678,LoopNet API,34615706,"[[-77.631762, 43.087828]]",2591,Industrial
,,,356203,,2026-03-22T19:23:40.968680,LoopNet API,34483921,"[[-77.628616, 43.135441]]",4063,Multi-Family
,,,827837,,2026-03-22T19:23:40.968681,LoopNet API,33831590,"[[-77.761502, 43.097409]]",4805,Industrial
,,,1168488,,2026-03-22T19:23:40.968683,LoopNet API,33830092,"[[-77.734078, 43.095041]]",4383,Multi-Family
,,,1044896,,2026-03-22T19:23:40.968685,LoopNet API,33162249,"[[-77.611413, 43.155727]]",3438,Industrial
,,,279365,,2026-03-22T19:23:40.968688,LoopNet API,33041169,"[[-77.593028, 43.146437]]",588,Retail
,,,1243786,,2026-03-22T19:23:40.968690,LoopNet API,32968464,"[[-77.589541, 43.144419]]",1617,Office
,,,1027715,,2026-03-22T19:23:40.968692,LoopNet API,32876301,"[[-77.693209, 43.210131]]",1372,Industrial
,,,995574,,2026-03-22T19:23:40.968694,LoopNet API,32654787,"[[-77.650142, 43.135638]]",4647,Office
,,,103927,,2026-03-22T19:23:40.968695,LoopNet API,32554456,"[[-77.615191, 43.159897]]",1886,Office
,,,1613707,,2026-03-22T19:23:40.968697,LoopNet API,32108855,"[[-77.561308, 43.204157]]",1981,Multi-Family
,,,787071,,2026-03-22T19:23:40.968699,LoopNet API,31478200,"[[-77.673524, 43.109445]]",1152,Retail
,,,1074182,,2026-03-22T19:23:40.968701,LoopNet API,31300848,"[[-77.455286, 43.209852]]",4793,Office
,,,287445,,2026-03-22T19:23:40.968703,LoopNet API,30644543,"[[-77.623535, 43.147484]]",3795,Multi-Family
,,,1892443,,2026-03-22T19:23:40.968704,LoopNet API,30346044,"[[-77.608702, 43.156989]]",4958,Office
,,,1529058,,2026-03-22T19:23:40.968706,LoopNet API,29800269,"[[-77.5831, 43.092362]]",4596,Multi-Family
,,,162166,,2026-03-22T19:23:40.968708,LoopNet API,29057874,"[[-77.636271, 43.0941]]",2942,Retail
,,,596429,,2026-03-22T19:23:40.968709,LoopNet API,28764317,"[[-74.193444, 40.921858], [-77.656597, 43.11786]]",3209,Multi-Family
,,,329814,,2026-03-22T19:23:40.968711,LoopNet API,28639149,"[[-77.620477, 43.086632]]",3517,Retail
,,,268507,,2026-03-22T19:23:40.968713,LoopNet API,28431245,"[[-77.587104, 43.18259]]",4964,Multi-Family
,,,1855200,,2026-03-22T19:23:40.968715,LoopNet API,27373913,"[[-77.616208, 43.068077]]",4774,Office
,,,1575047,,2026-03-22T19:23:40.968718,LoopNet API,25060286,"[[-77.731417, 43.213995]]",977,Industrial
,,,715631,,2026-03-22T19:23:40.968719,LoopNet API,24504892,"[[-77.602434, 43.161704]]",3940,Multi-Family
,,,1266924,,2026-03-22T19:23:40.968721,LoopNet API,22039846,"[[-77.711586, 43.210741]]",4620,Office
,,,427472,,2026-03-22T19:23:40.968723,LoopNet API,18800479,"[[-77.697693, 43.105656]]",4928,Multi-Family
,,,1416457,,2026-03-22T19:23:40.968724,LoopNet API,16334777,"[[-77.735362, 43.214659]]",1513,Office
,,,1950543,,2026-03-22T19:23:40.968726,LoopNet API,9282621,"[[-77.66594, 43.014168]]",2202,Office
,,,1432263,,2026-03-22T19:23:40.968728,LoopNet API,39690768,"[[-77.636795, 43.199908]]",1933,Office
,,,253042,,2026-03-22T19:23:40.968730,LoopNet API,39543460,"[[-77.598923, 43.210388]]",2827,Multi-Family
,,,384733,,2026-03-22T19:23:40.968731,LoopNet API,39135136,"[[-77.450523, 43.107187]]",4803,Industrial
,,,1378578,,2026-03-22T19:23:40.968733,LoopNet API,38704259,"[[-77.695072, 43.217637]]",774,Multi-Family
,,,1445897,,2026-03-22T19:23:40.968735,LoopNet API,37835183,"[[-77.689202, 43.184202]]",4914,Industrial
,,,1744438,,2026-03-22T19:23:40.968736,LoopNet API,37802144,"[[-77.729757, 43.216637]]",1591,Office
,,,549425,,2026-03-22T19:23:40.968738,LoopNet API,37685159,"[[-77.507708, 43.180254]]",2517,Multi-Family
,,,1837974,,2026-03-22T19:23:40.968740,LoopNet API,37672628,"[[-77.58338, 43.161273]]",1284,Industrial
,,,1483211,,2026-03-22T19:23:40.968747,LoopNet API,36753479,"[[-77.609031, 43.188089]]",2694,Industrial
,,,363971,,2026-03-22T19:23:40.968749,LoopNet API,35918214,"[[-77.598063, 43.158212]]",2418,Multi-Family
,,,1716774,,2026-03-22T19:23:40.968752,LoopNet API,34615563,"[[-77.606169, 43.123466]]",2100,Retail
,,,743455,,2026-03-22T19:23:40.968754,LoopNet API,33967070,"[[-77.600692, 43.090541]]",2409,Office
,,,996640,,2026-03-22T19:23:40.968756,LoopNet API,33594054,"[[-77.59515, 43.197256]]",2097,Office
,,,236776,,2026-03-22T19:23:40.968757,LoopNet API,33563624,"[[-77.670594, 43.205411]]",2144,Industrial
,,,481156,,2026-03-22T19:23:40.968759,LoopNet API,31365120,"[[-77.617893, 43.104205]]",4098,Office
,,,1719976,,2026-03-22T19:23:40.968761,LoopNet API,31072254,"[[-77.672354, 43.208394]]",4150,Multi-Family
,,,1986953,,2026-03-22T19:23:40.968763,LoopNet API,29679893,"[[-77.625991, 43.083275]]",3028,Office
,,,1610406,,2026-03-22T19:23:40.968764,LoopNet API,28677556,"[[-77.496353, 43.128384]]",2593,Retail
,,,1167778,,2026-03-22T19:23:40.968766,LoopNet API,27340026,"[[-77.596171, 43.094725]]",3200,Industrial
,,,1579096,,2026-03-22T19:23:40.968768,LoopNet API,25423067,"[[-77.660068, 43.189489]]",2700,Industrial
,,,1510317,,2026-03-22T19:23:40.968769,LoopNet API,39240335,"[[-77.626972, 43.266573]]",2275,Multi-Family
,,,297595,,2026-03-22T19:23:40.968771,LoopNet API,38506503,"[[-77.722156, 43.147954]]",2677,Office
,,,1977208,,2026-03-22T19:23:40.968773,LoopNet API,39688759,"[[-77.491895, 43.134963]]",4502,Office
,,,425440,,2026-03-22T19:23:40.968774,LoopNet API,39493768,"[[-77.652739, 43.183327]]",1044,Office
,,,1086499,,2026-03-22T19:23:40.968776,LoopNet API,39179151,"[[-77.637042, 43.21747]]",592,Industrial
,,,1889359,,2026-03-22T19:23:40.968778,LoopNet API,39135313,"[[-77.59963, 43.147174]]",4171,Multi-Family
,,,1185405,,2026-03-22T19:23:40.968779,LoopNet API,39029056,"[[-77.629854, 43.253288]]",3440,Office
,,,195155,,2026-03-22T19:23:40.968781,LoopNet API,38805754,"[[-77.609516, 43.159373], [-77.60937, 43.159498], [-77.609022, 43.159498]]",1545,Retail
,,,576575,,2026-03-22T19:23:40.968782,LoopNet API,38672790,"[[-77.695841, 43.252085]]",1783,Multi-Family
,,,1041000,,2026-03-22T19:23:40.968784,LoopNet API,38667709,"[[-77.684791, 43.163939]]",1497,Retail
,,,431421,,2026-03-22T19:23:40.968787,LoopNet API,38657835,"[[-77.680431, 43.165312]]",4292,Retail
,,,1837467,,2026-03-22T19:23:40.968788,LoopNet API,38642840,"[[-77.63687, 43.178827], [-77.642536, 43.179533], [-77.642392, 43.179532], [-77.62665, 43.14951], [-77.62825, 43.15788], [-77.60167, 43.17348], [-77.64267, 43.17865], [-77.574784, 43.159554], [-77.642874, 43.178356], [-77.64269, 43.17833], [-77.648616, 43.175477]]",3574,Industrial
,,,1679099,,2026-03-22T19:23:40.968790,LoopNet API,38392450,"[[-77.563914, 43.165658]]",1338,Retail
,,,195914,,2026-03-22T19:23:40.968791,LoopNet API,38349243,"[[-77.630426, 43.152136]]",2062,Retail
,,,563019,,2026-03-22T19:23:40.968793,LoopNet API,38336132,"[[-77.606721, 43.148846]]",3353,Office
,,,247862,,2026-03-22T19:23:40.968795,LoopNet API,37642625,"[[-77.521411, 43.091164]]",1963,Multi-Family
,,,1172923,,2026-03-22T19:23:40.968796,LoopNet API,37635578,"[[-77.605897, 43.163075]]",4272,Office
,,,1760858,,2026-03-22T19:23:40.968798,LoopNet API,37597791,"[[-77.622107, 43.237705], [-77.650804, 43.149728], [-77.621603, 43.239027]]",1812,Multi-Family
,,,285610,,2026-03-22T19:23:40.968800,LoopNet API,36946149,"[[-77.640255, 43.216379]]",1778,Office
,,,1731335,,2026-03-22T19:23:40.968801,LoopNet API,36759255,"[[-77.555457, 43.176733]]",3927,Multi-Family
,,,1406009,,2026-03-22T19:23:40.968803,LoopNet API,36720805,"[[-77.507789, 43.181558]]",3205,Industrial
,,,234179,,2026-03-22T19:23:40.968805,LoopNet API,36541756,"[[-77.609937, 43.162058]]",4060,Industrial
,,,1448048,,2026-03-22T19:23:40.968806,LoopNet API,36012352,"[[-77.547591, 43.226692]]",1445,Industrial
,,,1554936,,2026-03-22T19:23:40.968808,LoopNet API,35743582,"[[-77.552951, 43.1471]]",2804,Industrial
,,,376151,,2026-03-22T19:23:40.968809,LoopNet API,35635912,"[[-77.663813, 43.204382]]",4399,Office
,,,380435,,2026-03-22T19:23:40.968811,LoopNet API,33872004,"[[-77.483396, 43.203826]]",851,Industrial
,,,1808646,,2026-03-22T19:23:40.968813,LoopNet API,33820009,"[[-77.599713, 43.172094]]",803,Multi-Family
,,,1845329,,2026-03-22T19:23:40.968814,LoopNet API,33012857,"[[-77.750032, 43.254493]]",2053,Office
,,,754322,,2026-03-22T19:23:40.968816,LoopNet API,32888406,"[[-77.658047, 43.128951]]",2152,Retail
,,,1212723,,2026-03-22T19:23:40.968818,LoopNet API,32669501,"[[-77.438521, 43.130325]]",2504,Office
,,,1480010,,2026-03-22T19:23:40.968820,LoopNet API,30842456,"[[-77.645307, 43.123657]]",4716,Retail
,,,1490206,,2026-03-22T19:23:40.968822,LoopNet API,30058882,"[[-77.650628, 43.131562]]",3857,Retail
,,,198308,,2026-03-22T19:23:40.968823,LoopNet API,28535219,"[[-77.640383, 43.058454]]",2194,Office
,,,1527264,,2026-03-22T19:23:40.968825,LoopNet API,25194189,"[[-77.5988, 43.20861]]",1099,Retail
,,,325161,,2026-03-22T19:23:40.968827,LoopNet API,37336938,"[[-77.68565, 43.186082]]",988,Multi-Family
,,,904764,,2026-03-22T19:23:40.968828,LoopNet API,35191239,"[[-77.462175, 43.110628]]",3661,Industrial
,,,1198464,,2026-03-22T19:23:40.968830,LoopNet API,29771223,"[[-77.599426, 43.193142], [-77.599521, 43.192894], [-77.599646, 43.193356]]",1674,Retail
,,,406797,,2026-03-22T19:23:40.968831,LoopNet API,25271303,"[[-77.652613, 43.187679]]",3796,Multi-Family
,,,1732211,,2026-03-22T19:23:40.968833,LoopNet API,37144799,"[[-77.445522, 43.127799], [-77.446778, 43.126919]]",4282,Multi-Family
,,,1173539,,2026-03-22T19:31:25.611231,LoopNet API,33157222,"[[-77.629305, 43.193999]]",1207,Multi-Family
,,,117273,,2026-03-22T19:31:25.611258,LoopNet API,39251110,"[[-77.477505, 43.204216]]",1994,Industrial
,,,917232,,2026-03-22T19:31:25.611265,LoopNet API,39817288,"[[-77.630988, 43.19586]]",3007,Retail
,,,1846130,,2026-03-22T19:31:25.611269,LoopNet API,39712189,"[[-77.678778, 43.108532]]",896,Industrial
,,,661044,,2026-03-22T19:31:25.611274,LoopNet API,39625204,"[[-77.7088, 43.146607]]",2237,Office
,,,1939843,,2026-03-22T19:31:25.611278,LoopNet API,39616616,"[[-77.696694, 43.183124]]",1376,Multi-Family
,,,1851427,,2026-03-22T19:31:25.611283,LoopNet API,39602403,"[[-77.452169, 43.208601]]",2499,Retail
,,,1397642,,2026-03-22T19:31:25.611287,LoopNet API,39587954,"[[-77.699985, 43.149222]]",2855,Multi-Family
,,,1333713,,2026-03-22T19:31:25.611291,LoopNet API,39577570,"[[-77.732281, 43.21782]]",3378,Retail
,,,992215,,2026-03-22T19:31:25.611295,LoopNet API,39558241,"[[-77.486755, 43.079174]]",3205,Retail
,,,367861,,2026-03-22T19:31:25.611299,LoopNet API,39432321,"[[-77.603237, 43.115479]]",2834,Industrial
,,,188448,,2026-03-22T19:31:25.611303,LoopNet API,39402981,"[[-77.569621, 43.201708]]",2939,Multi-Family
,,,971981,,2026-03-22T19:31:25.611307,LoopNet API,39388644,"[[-77.583062, 43.163556]]",3049,Multi-Family
,,,1649982,,2026-03-22T19:31:25.611310,LoopNet API,39323587,"[[-77.628679, 43.099292]]",3960,Office
,,,1300721,,2026-03-22T19:31:25.611314,LoopNet API,39322261,"[[-77.628546, 43.135555], [-77.62244, 43.13992], [-77.62866, 43.13642], [-77.64013, 43.12885]]",1325,Retail
,,,716514,,2026-03-22T19:31:25.611318,LoopNet API,39317559,"[[-77.652737, 43.184384]]",1071,Office
,,,1042578,,2026-03-22T19:31:25.611322,LoopNet API,39302800,"[[-77.687407, 43.208923]]",4049,Multi-Family
,,,1275449,,2026-03-22T19:31:25.611326,LoopNet API,39292350,"[[-77.621133, 43.082114]]",4231,Office
,,,336529,,2026-03-22T19:31:25.611329,LoopNet API,39270340,"[[-77.596377, 43.140599], [-77.595678, 43.140665], [-77.596294, 43.140951], [-77.596385, 43.140912], [-77.596329, 43.140442]]",548,Multi-Family
,,,1714483,,2026-03-22T19:31:25.611333,LoopNet API,39265429,"[[-77.579476, 43.138666]]",3446,Office
,,,1820310,,2026-03-22T19:31:25.611337,LoopNet API,39265207,"[[-77.579987, 43.150797]]",2859,Industrial
,,,1416854,,2026-03-22T19:31:25.611340,LoopNet API,39228650,"[[-77.615279, 43.101188]]",4399,Office
,,,1528907,,2026-03-22T19:31:25.611344,LoopNet API,39172088,"[[-77.674289, 43.111963]]",1013,Retail
,,,510275,,2026-03-22T19:31:25.611347,LoopNet API,39113038,"[[-77.641053, 43.146858]]",4570,Retail
,,,254855,,2026-03-22T19:31:25.611351,LoopNet API,39082310,"[[-77.607652, 43.180298]]",3920,Industrial
,,,1225850,,2026-03-22T19:31:25.611355,LoopNet API,39031619,"[[-77.559786, 43.169987]]",3795,Industrial
,,,1765576,,2026-03-22T19:31:25.611359,LoopNet API,39011722,"[[-77.614977, 43.178606]]",1423,Office
,,,1428688,,2026-03-22T19:31:25.611362,LoopNet API,38985531,"[[-77.635785, 43.095101]]",2057,Industrial
,,,1416067,,2026-03-22T19:31:25.611366,LoopNet API,38816016,"[[-77.66101, 43.149414]]",4712,Multi-Family
,,,569964,,2026-03-22T19:31:25.611369,LoopNet API,38794915,"[[-77.651745, 43.145283]]",3553,Office
,,,422239,,2026-03-22T19:31:25.611373,LoopNet API,38693769,"[[-77.642082, 43.222331]]",3992,Retail
,,,481775,,2026-03-22T19:31:25.611376,LoopNet API,38658005,"[[-77.649384, 43.161883]]",2883,Retail
,,,1529553,,2026-03-22T19:31:25.611380,LoopNet API,38636419,"[[-77.626949, 43.16643], [-77.600855, 43.173812]]",740,Multi-Family
,,,1667451,,2026-03-22T19:31:25.611384,LoopNet API,38636410,"[[-77.661895, 43.046676]]",2557,Office
,,,633092,,2026-03-22T19:31:25.611387,LoopNet API,38610227,"[[-77.564976, 43.14901]]",4826,Retail
,,,647663,,2026-03-22T19:31:25.611391,LoopNet API,38579493,"[[-77.65508, 43.153301]]",616,Retail
,,,383948,,2026-03-22T19:31:25.611394,LoopNet API,38553022,"[[-77.599309, 43.157494]]",1736,Multi-Family
,,,1994747,,2026-03-22T19:31:25.611398,LoopNet API,38530756,"[[-77.59832, 43.159179]]",1954,Retail
,,,1658841,,2026-03-22T19:31:25.611401,LoopNet API,38530691,"[[-77.599626, 43.159095]]",3365,Multi-Family
,,,1549305,,2026-03-22T19:31:25.611405,LoopNet API,38500653,"[[-77.59903, 43.142998]]",3007,Office
,,,1915944,,2026-03-22T19:31:25.611409,LoopNet API,38455770,"[[-77.63365, 43.197508]]",4350,Office
,,,942856,,2026-03-22T19:31:25.611413,LoopNet API,38433685,"[[-77.509827, 43.178265]]",4739,Retail
,,,1711601,,2026-03-22T19:31:25.611417,LoopNet API,38423222,"[[-77.670455, 43.205365]]",1145,Industrial
,,,211351,,2026-03-22T19:31:25.611420,LoopNet API,38410033,"[[-77.612807, 43.165168]]",4468,Multi-Family
,,,814141,,2026-03-22T19:31:25.611424,LoopNet API,38391803,"[[-77.69616, 43.221334]]",3706,Office
,,,603769,,2026-03-22T19:31:25.611428,LoopNet API,38357735,"[[-77.61102, 43.25571]]",2702,Retail
,,,551562,,2026-03-22T19:31:25.611463,LoopNet API,38353121,"[[-77.487226, 43.118583]]",1869,Multi-Family
,,,1048475,,2026-03-22T19:31:25.611469,LoopNet API,38337053,"[[-77.736792, 43.182119]]",2061,Multi-Family
,,,579423,,2026-03-22T19:31:25.611473,LoopNet API,38306416,"[[-77.618951, 43.10377], [-77.619241, 43.104197]]",4079,Retail
,,,1694750,,2026-03-22T19:31:25.611477,LoopNet API,38263561,"[[-77.66493, 43.131087]]",3349,Multi-Family
,,,1227952,,2026-03-22T19:31:25.611481,LoopNet API,38223668,"[[-77.508242, 43.18241]]",4860,Office
,,,425655,,2026-03-22T19:31:25.611484,LoopNet API,38013173,"[[-77.653018, 43.149681]]",3839,Multi-Family
,,,1890602,,2026-03-22T19:31:25.611488,LoopNet API,37994174,"[[-77.675616, 43.037633]]",2676,Industrial
,,,1510404,,2026-03-22T19:31:25.611492,LoopNet API,37974523,"[[-77.606928, 43.160039]]",4728,Office
,,,622089,,2026-03-22T19:31:25.611496,LoopNet API,37938064,"[[-77.609412, 43.159125]]",4268,Industrial
,,,1401738,,2026-03-22T19:31:25.611500,LoopNet API,37863022,"[[-77.66444, 43.13292]]",2883,Industrial
,,,480520,,2026-03-22T19:31:25.611503,LoopNet API,37840949,"[[-77.607784, 43.14062]]",3762,Industrial
,,,636345,,2026-03-22T19:31:25.611507,LoopNet API,37766162,"[[-77.659114, 43.15824]]",4222,Retail
,,,522185,,2026-03-22T19:31:25.611511,LoopNet API,37685380,"[[-77.640861, 43.080778]]",2071,Office
,,,1405042,,2026-03-22T19:31:25.611514,LoopNet API,37564679,"[[-77.601539, 43.089175], [-77.602465, 43.089255]]",4131,Multi-Family
,,,1799774,,2026-03-22T19:31:25.611518,LoopNet API,37409507,"[[-77.703288, 43.18576]]",857,Office
,,,1101571,,2026-03-22T19:31:25.611521,LoopNet API,37029121,"[[-77.704267, 43.185293]]",3673,Industrial
,,,1851348,,2026-03-22T19:31:25.611526,LoopNet API,36999876,"[[-77.618147, 43.103253]]",3826,Retail
,,,926004,,2026-03-22T19:31:25.611529,LoopNet API,36911005,"[[-77.665334, 43.133994]]",2329,Retail
,,,1711790,,2026-03-22T19:31:25.611533,LoopNet API,36845807,"[[-77.521768, 43.091687]]",793,Industrial
,,,131904,,2026-03-22T19:31:25.611538,LoopNet API,36693922,"[[-77.618859, 43.102351]]",4989,Office
,,,150247,,2026-03-22T19:31:25.611542,LoopNet API,36611613,"[[-77.628904, 43.174154]]",1629,Office
,,,1755146,,2026-03-22T19:31:25.611545,LoopNet API,36398849,"[[-77.581112, 43.0941]]",4503,Multi-Family
,,,1316692,,2026-03-22T19:31:25.611549,LoopNet API,35789458,"[[-77.710627, 43.146659]]",2294,Retail
,,,359071,,2026-03-22T19:31:25.611552,LoopNet API,35561380,"[[-77.603447, 43.147115]]",4149,Office
,,,1393830,,2026-03-22T19:31:25.611556,LoopNet API,35079036,"[[-77.668244, 43.165093]]",4803,Multi-Family
,,,881544,,2026-03-22T19:31:25.611559,LoopNet API,35029105,"[[-77.593411, 43.12617]]",2850,Industrial
,,,1363845,,2026-03-22T19:31:25.611563,LoopNet API,34615706,"[[-77.631762, 43.087828]]",4045,Office
,,,1508537,,2026-03-22T19:31:25.611566,LoopNet API,34483921,"[[-77.628616, 43.135441]]",2423,Office
,,,1786984,,2026-03-22T19:31:25.611570,LoopNet API,33831590,"[[-77.761502, 43.097409]]",4675,Industrial
,,,976791,,2026-03-22T19:31:25.611574,LoopNet API,33830092,"[[-77.734078, 43.095041]]",2414,Multi-Family
,,,1827829,,2026-03-22T19:31:25.611577,LoopNet API,33162249,"[[-77.611413, 43.155727]]",3698,Office
,,,114114,,2026-03-22T19:31:25.611584,LoopNet API,33041169,"[[-77.593028, 43.146437]]",2946,Retail
,,,1620992,,2026-03-22T19:31:25.611588,LoopNet API,32968464,"[[-77.589541, 43.144419]]",2899,Retail
,,,1419134,,2026-03-22T19:31:25.611592,LoopNet API,32876301,"[[-77.693209, 43.210131]]",518,Multi-Family
,,,1676167,,2026-03-22T19:31:25.611595,LoopNet API,32654787,"[[-77.650142, 43.135638]]",2992,Industrial
,,,1989138,,2026-03-22T19:31:25.611599,LoopNet API,32554456,"[[-77.615191, 43.159897]]",1677,Multi-Family
,,,1208433,,2026-03-22T19:31:25.611603,LoopNet API,32108855,"[[-77.561308, 43.204157]]",3094,Multi-Family
,,,1270259,,2026-03-22T19:31:25.611607,LoopNet API,31478200,"[[-77.673524, 43.109445]]",3513,Retail
,,,1672508,,2026-03-22T19:31:25.611611,LoopNet API,31300848,"[[-77.455286, 43.209852]]",3493,Multi-Family
,,,364958,,2026-03-22T19:31:25.611615,LoopNet API,30644543,"[[-77.623535, 43.147484]]",2223,Industrial
,,,941863,,2026-03-22T19:31:25.611618,LoopNet API,30346044,"[[-77.608702, 43.156989]]",1005,Retail
,,,1727884,,2026-03-22T19:31:25.611622,LoopNet API,29800269,"[[-77.5831, 43.092362]]",4984,Industrial
,,,224675,,2026-03-22T19:31:25.611626,LoopNet API,29057874,"[[-77.636271, 43.0941]]",4324,Retail
,,,127825,,2026-03-22T19:31:25.611630,LoopNet API,28764317,"[[-74.193444, 40.921858], [-77.656597, 43.11786]]",4397,Industrial
,,,215245,,2026-03-22T19:31:25.611634,LoopNet API,28639149,"[[-77.620477, 43.086632]]",1555,Office
,,,1881785,,2026-03-22T19:31:25.611638,LoopNet API,28431245,"[[-77.587104, 43.18259]]",3226,Multi-Family
,,,157307,,2026-03-22T19:31:25.611641,LoopNet API,27373913,"[[-77.616208, 43.068077]]",2165,Industrial
,,,1946696,,2026-03-22T19:31:25.611646,LoopNet API,25060286,"[[-77.731417, 43.213995]]",1660,Retail
,,,1053687,,2026-03-22T19:31:25.611650,LoopNet API,24504892,"[[-77.602434, 43.161704]]",2858,Retail
,,,346697,,2026-03-22T19:31:25.611654,LoopNet API,22039846,"[[-77.711586, 43.210741]]",2819,Multi-Family
,,,1491908,,2026-03-22T19:31:25.611658,LoopNet API,18800479,"[[-77.697693, 43.105656]]",1615,Retail
,,,1369008,,2026-03-22T19:31:25.611661,LoopNet API,16334777,"[[-77.735362, 43.214659]]",918,Retail
,,,815228,,2026-03-22T19:31:25.611665,LoopNet API,9282621,"[[-77.66594, 43.014168]]",2564,Multi-Family
,,,1938090,,2026-03-22T19:31:25.611669,LoopNet API,39690768,"[[-77.636795, 43.199908]]",1252,Retail
,,,638789,,2026-03-22T19:31:25.611672,LoopNet API,39543460,"[[-77.598923, 43.210388]]",2327,Office
,,,670189,,2026-03-22T19:31:25.611676,LoopNet API,39135136,"[[-77.450523, 43.107187]]",2292,Retail
,,,794985,,2026-03-22T19:31:25.611679,LoopNet API,38704259,"[[-77.695072, 43.217637]]",3895,Multi-Family
,,,1431809,,2026-03-22T19:31:25.611683,LoopNet API,37835183,"[[-77.689202, 43.184202]]",4333,Industrial
,,,1553183,,2026-03-22T19:31:25.611687,LoopNet API,37802144,"[[-77.729757, 43.216637]]",4219,Industrial
,,,1881672,,2026-03-22T19:31:25.611690,LoopNet API,37685159,"[[-77.507708, 43.180254]]",815,Industrial
,,,310745,,2026-03-22T19:31:25.611694,LoopNet API,37672628,"[[-77.58338, 43.161273]]",3568,Retail
,,,728856,,2026-03-22T19:31:25.611697,LoopNet API,36753479,"[[-77.609031, 43.188089]]",2690,Industrial
,,,846052,,2026-03-22T19:31:25.611701,LoopNet API,35918214,"[[-77.598063, 43.158212]]",3428,Industrial
,,,286587,,2026-03-22T19:31:25.611706,LoopNet API,34615563,"[[-77.606169, 43.123466]]",4990,Office
,,,1734206,,2026-03-22T19:31:25.611710,LoopNet API,33967070,"[[-77.600692, 43.090541]]",4909,Office
,,,469489,,2026-03-22T19:31:25.611713,LoopNet API,33594054,"[[-77.59515, 43.197256]]",1777,Retail
,,,972813,,2026-03-22T19:31:25.611729,LoopNet API,33563624,"[[-77.670594, 43.205411]]",1679,Office
,,,1502435,,2026-03-22T19:31:25.611733,LoopNet API,31365120,"[[-77.617893, 43.104205]]",2055,Industrial
,,,745506,,2026-03-22T19:31:25.611737,LoopNet API,31072254,"[[-77.672354, 43.208394]]",3344,Multi-Family
,,,1443773,,2026-03-22T19:31:25.611740,LoopNet API,29679893,"[[-77.625991, 43.083275]]",2434,Multi-Family
,,,601723,,2026-03-22T19:31:25.611744,LoopNet API,28677556,"[[-77.496353, 43.128384]]",3188,Retail
,,,786714,,2026-03-22T19:31:25.611748,LoopNet API,27340026,"[[-77.596171, 43.094725]]",4834,Multi-Family
,,,1738806,,2026-03-22T19:31:25.611751,LoopNet API,25423067,"[[-77.660068, 43.189489]]",4961,Industrial
,,,1233610,,2026-03-22T19:31:25.611755,LoopNet API,39240335,"[[-77.626972, 43.266573]]",4779,Industrial
,,,1732920,,2026-03-22T19:31:25.611759,LoopNet API,38506503,"[[-77.722156, 43.147954]]",4340,Retail
,,,187937,,2026-03-22T19:31:25.611762,LoopNet API,39688759,"[[-77.491895, 43.134963]]",4588,Retail
,,,1408400,,2026-03-22T19:31:25.611766,LoopNet API,39493768,"[[-77.652739, 43.183327]]",1219,Multi-Family
,,,225967,,2026-03-22T19:31:25.611770,LoopNet API,39179151,"[[-77.637042, 43.21747]]",2981,Retail
,,,460772,,2026-03-22T19:31:25.611774,LoopNet API,39135313,"[[-77.59963, 43.147174]]",2673,Multi-Family
,,,1681635,,2026-03-22T19:31:25.611777,LoopNet API,39029056,"[[-77.629854, 43.253288]]",3651,Industrial
,,,371333,,2026-03-22T19:31:25.611781,LoopNet API,38805754,"[[-77.609516, 43.159373], [-77.60937, 43.159498], [-77.609022, 43.159498]]",4609,Industrial
,,,1268317,,2026-03-22T19:31:25.611785,LoopNet API,38672790,"[[-77.695841, 43.252085]]",3747,Multi-Family
,,,1424790,,2026-03-22T19:31:25.611788,LoopNet API,38667709,"[[-77.684791, 43.163939]]",2061,Office
,,,777191,,2026-03-22T19:31:25.611794,LoopNet API,38657835,"[[-77.680431, 43.165312]]",1747,Multi-Family
,,,1248259,,2026-03-22T19:31:25.611797,LoopNet API,38642840,"[[-77.63687, 43.178827], [-77.642536, 43.179533], [-77.642392, 43.179532], [-77.62665, 43.14951], [-77.62825, 43.15788], [-77.60167, 43.17348], [-77.64267, 43.17865], [-77.574784, 43.159554], [-77.642874, 43.178356], [-77.64269, 43.17833], [-77.648616, 43.175477]]",3842,Office
,,,1472362,,2026-03-22T19:31:25.611801,LoopNet API,38392450,"[[-77.563914, 43.165658]]",682,Industrial
,,,861627,,2026-03-22T19:31:25.611805,LoopNet API,38349243,"[[-77.630426, 43.152136]]",1999,Office
,,,594923,,2026-03-22T19:31:25.611808,LoopNet API,38336132,"[[-77.606721, 43.148846]]",2074,Multi-Family
,,,1825847,,2026-03-22T19:31:25.611812,LoopNet API,37642625,"[[-77.521411, 43.091164]]",4212,Office
,,,400446,,2026-03-22T19:31:25.611816,LoopNet API,37635578,"[[-77.605897, 43.163075]]",4487,Multi-Family
,,,328473,,2026-03-22T19:31:25.611819,LoopNet API,37597791,"[[-77.622107, 43.237705], [-77.650804, 43.149728], [-77.621603, 43.239027]]",4035,Retail
,,,1165559,,2026-03-22T19:31:25.611823,LoopNet API,36946149,"[[-77.640255, 43.216379]]",4049,Office
,,,429849,,2026-03-22T19:31:25.611826,LoopNet API,36759255,"[[-77.555457, 43.176733]]",4344,Multi-Family
,,,1880057,,2026-03-22T19:31:25.611830,LoopNet API,36720805,"[[-77.507789, 43.181558]]",960,Retail
,,,1151994,,2026-03-22T19:31:25.611833,LoopNet API,36541756,"[[-77.609937, 43.162058]]",4751,Retail
,,,1488805,,2026-03-22T19:31:25.611837,LoopNet API,36012352,"[[-77.547591, 43.226692]]",1897,Industrial
,,,1680230,,2026-03-22T19:31:25.611840,LoopNet API,35743582,"[[-77.552951, 43.1471]]",542,Office
,,,509064,,2026-03-22T19:31:25.611844,LoopNet API,35635912,"[[-77.663813, 43.204382]]",1129,Office
,,,1629192,,2026-03-22T19:31:25.611848,LoopNet API,33872004,"[[-77.483396, 43.203826]]",2179,Multi-Family
,,,1381713,,2026-03-22T19:31:25.611851,LoopNet API,33820009,"[[-77.599713, 43.172094]]",1023,Industrial
,,,114718,,2026-03-22T19:31:25.611855,LoopNet API,33012857,"[[-77.750032, 43.254493]]",2418,Industrial
,,,1340246,,2026-03-22T19:31:25.611858,LoopNet API,32888406,"[[-77.658047, 43.128951]]",2433,Multi-Family
,,,1319538,,2026-03-22T19:31:25.611862,LoopNet API,32669501,"[[-77.438521, 43.130325]]",1779,Industrial
,,,641600,,2026-03-22T19:31:25.611867,LoopNet API,30842456,"[[-77.645307, 43.123657]]",2054,Retail
,,,1948755,,2026-03-22T19:31:25.611871,LoopNet API,30058882,"[[-77.650628, 43.131562]]",3848,Multi-Family
,,,1406802,,2026-03-22T19:31:25.611875,LoopNet API,28535219,"[[-77.640383, 43.058454]]",1779,Retail
,,,569936,,2026-03-22T19:31:25.611878,LoopNet API,25194189,"[[-77.5988, 43.20861]]",1983,Industrial
,,,1227400,,2026-03-22T19:31:25.611882,LoopNet API,37336938,"[[-77.68565, 43.186082]]",4698,Industrial
,,,877808,,2026-03-22T19:31:25.611885,LoopNet API,35191239,"[[-77.462175, 43.110628]]",2859,Retail
,,,233678,,2026-03-22T19:31:25.611889,LoopNet API,29771223,"[[-77.599426, 43.193142], [-77.599521, 43.192894], [-77.599646, 43.193356]]",4662,Retail
,,,1495830,,2026-03-22T19:31:25.611892,LoopNet API,25271303,"[[-77.652613, 43.187679]]",647,Retail
,,,1701875,,2026-03-22T19:31:25.611896,LoopNet API,37144799,"[[-77.445522, 43.127799], [-77.446778, 43.126919]]",3828,Retail
,,,793162,,2026-03-22T19:35:24.754897,LoopNet API,33157222,"[[-77.629305, 43.193999]]",4941,Industrial
,,,589868,,2026-03-22T19:35:24.754936,LoopNet API,39251110,"[[-77.477505, 43.204216]]",2171,Office
,,,280046,,2026-03-22T19:35:24.754948,LoopNet API,39817288,"[[-77.630988, 43.19586]]",3135,Multi-Family
,,,1398183,,2026-03-22T19:35:24.754957,LoopNet API,39712189,"[[-77.678778, 43.108532]]",3706,Multi-Family
,,,546818,,2026-03-22T19:35:24.754966,LoopNet API,39625204,"[[-77.7088, 43.146607]]",2176,Retail
,,,103849,,2026-03-22T19:35:24.754976,LoopNet API,39616616,"[[-77.696694, 43.183124]]",3707,Industrial
,,,759426,,2026-03-22T19:35:24.754984,LoopNet API,39602403,"[[-77.452169, 43.208601]]",3783,Industrial
,,,1423796,,2026-03-22T19:35:24.754992,LoopNet API,39587954,"[[-77.699985, 43.149222]]",2789,Multi-Family
,,,1877004,,2026-03-22T19:35:24.755001,LoopNet API,39577570,"[[-77.732281, 43.21782]]",2741,Industrial
,,,1368797,,2026-03-22T19:35:24.755010,LoopNet API,39558241,"[[-77.486755, 43.079174]]",546,Retail
,,,1246322,,2026-03-22T19:35:24.755018,LoopNet API,39432321,"[[-77.603237, 43.115479]]",2454,Retail
,,,723932,,2026-03-22T19:35:24.755026,LoopNet API,39402981,"[[-77.569621, 43.201708]]",1501,Retail
,,,423482,,2026-03-22T19:35:24.755034,LoopNet API,39388644,"[[-77.583062, 43.163556]]",2384,Office
,,,558179,,2026-03-22T19:35:24.755094,LoopNet API,39323587,"[[-77.628679, 43.099292]]",3547,Office
,,,624160,,2026-03-22T19:35:24.755103,LoopNet API,39322261,"[[-77.628546, 43.135555], [-77.62244, 43.13992], [-77.62866, 43.13642], [-77.64013, 43.12885]]",1277,Retail
,,,242685,,2026-03-22T19:35:24.755111,LoopNet API,39317559,"[[-77.652737, 43.184384]]",4047,Multi-Family
,,,435846,,2026-03-22T19:35:24.755119,LoopNet API,39302800,"[[-77.687407, 43.208923]]",1994,Industrial
,,,1165214,,2026-03-22T19:35:24.755128,LoopNet API,39292350,"[[-77.621133, 43.082114]]",827,Office
,,,641721,,2026-03-22T19:35:24.755136,LoopNet API,39270340,"[[-77.596377, 43.140599], [-77.595678, 43.140665], [-77.596294, 43.140951], [-77.596385, 43.140912], [-77.596329, 43.140442]]",2926,Industrial
,,,1574765,,2026-03-22T19:35:24.755143,LoopNet API,39265429,"[[-77.579476, 43.138666]]",4734,Industrial
,,,909340,,2026-03-22T19:35:24.755151,LoopNet API,39265207,"[[-77.579987, 43.150797]]",3279,Industrial
,,,283755,,2026-03-22T19:35:24.755160,LoopNet API,39228650,"[[-77.615279, 43.101188]]",4994,Office
,,,394617,,2026-03-22T19:35:24.755167,LoopNet API,39172088,"[[-77.674289, 43.111963]]",4789,Industrial
,,,1913130,,2026-03-22T19:35:24.755175,LoopNet API,39113038,"[[-77.641053, 43.146858]]",4561,Multi-Family
,,,961067,,2026-03-22T19:35:24.755183,LoopNet API,39082310,"[[-77.607652, 43.180298]]",2627,Multi-Family
,,,460427,,2026-03-22T19:35:24.755330,LoopNet API,39031619,"[[-77.559786, 43.169987]]",1294,Multi-Family
,,,443533,,2026-03-22T19:35:24.755346,LoopNet API,39011722,"[[-77.614977, 43.178606]]",2439,Office
,,,1983821,,2026-03-22T19:35:24.755351,LoopNet API,38985531,"[[-77.635785, 43.095101]]",2504,Retail
,,,1306982,,2026-03-22T19:35:24.755418,LoopNet API,38816016,"[[-77.66101, 43.149414]]",4718,Retail
,,,1316541,,2026-03-22T19:35:24.755449,LoopNet API,38794915,"[[-77.651745, 43.145283]]",4662,Retail
,,,556627,,2026-03-22T19:35:24.755459,LoopNet API,38693769,"[[-77.642082, 43.222331]]",3456,Multi-Family
,,,583331,,2026-03-22T19:35:24.755466,LoopNet API,38658005,"[[-77.649384, 43.161883]]",2330,Office
,,,1605696,,2026-03-22T19:35:24.755472,LoopNet API,38636419,"[[-77.626949, 43.16643], [-77.600855, 43.173812]]",1073,Multi-Family
,,,354128,,2026-03-22T19:35:24.755479,LoopNet API,38636410,"[[-77.661895, 43.046676]]",2673,Industrial
,,,819572,,2026-03-22T19:35:24.755485,LoopNet API,38610227,"[[-77.564976, 43.14901]]",2252,Multi-Family
,,,862202,,2026-03-22T19:35:24.755491,LoopNet API,38579493,"[[-77.65508, 43.153301]]",1793,Multi-Family
,,,1375783,,2026-03-22T19:35:24.755497,LoopNet API,38553022,"[[-77.599309, 43.157494]]",3573,Office
,,,849842,,2026-03-22T19:35:24.755502,LoopNet API,38530756,"[[-77.59832, 43.159179]]",3653,Office
,,,894289,,2026-03-22T19:35:24.755508,LoopNet API,38530691,"[[-77.599626, 43.159095]]",2740,Industrial
,,,1856248,,2026-03-22T19:35:24.755513,LoopNet API,38500653,"[[-77.59903, 43.142998]]",1950,Retail
,,,305290,,2026-03-22T19:35:24.755519,LoopNet API,38455770,"[[-77.63365, 43.197508]]",4136,Multi-Family
,,,781583,,2026-03-22T19:35:24.755526,LoopNet API,38433685,"[[-77.509827, 43.178265]]",907,Multi-Family
,,,344466,,2026-03-22T19:35:24.755531,LoopNet API,38423222,"[[-77.670455, 43.205365]]",2323,Office
,,,1763722,,2026-03-22T19:35:24.755537,LoopNet API,38410033,"[[-77.612807, 43.165168]]",2335,Multi-Family
,,,794128,,2026-03-22T19:35:24.755543,LoopNet API,38391803,"[[-77.69616, 43.221334]]",2609,Office
,,,956167,,2026-03-22T19:35:24.755548,LoopNet API,38357735,"[[-77.61102, 43.25571]]",2850,Multi-Family
,,,1268504,,2026-03-22T19:35:24.755553,LoopNet API,38353121,"[[-77.487226, 43.118583]]",3980,Office
,,,1235610,,2026-03-22T19:35:24.755559,LoopNet API,38337053,"[[-77.736792, 43.182119]]",2552,Multi-Family
,,,649402,,2026-03-22T19:35:24.755564,LoopNet API,38306416,"[[-77.618951, 43.10377], [-77.619241, 43.104197]]",778,Multi-Family
,,,1109226,,2026-03-22T19:35:24.755570,LoopNet API,38263561,"[[-77.66493, 43.131087]]",3614,Retail
,,,1144500,,2026-03-22T19:35:24.755575,LoopNet API,38223668,"[[-77.508242, 43.18241]]",3704,Multi-Family
,,,1601684,,2026-03-22T19:35:24.755580,LoopNet API,38013173,"[[-77.653018, 43.149681]]",2751,Retail
,,,1475610,,2026-03-22T19:35:24.755586,LoopNet API,37994174,"[[-77.675616, 43.037633]]",2219,Industrial
,,,811083,,2026-03-22T19:35:24.755593,LoopNet API,37974523,"[[-77.606928, 43.160039]]",972,Multi-Family
,,,1725938,,2026-03-22T19:35:24.755599,LoopNet API,37938064,"[[-77.609412, 43.159125]]",2447,Retail
,,,1479816,,2026-03-22T19:35:24.755604,LoopNet API,37863022,"[[-77.66444, 43.13292]]",4833,Office
,,,1168202,,2026-03-22T19:35:24.755609,LoopNet API,37840949,"[[-77.607784, 43.14062]]",1671,Multi-Family
,,,931776,,2026-03-22T19:35:24.755618,LoopNet API,37766162,"[[-77.659114, 43.15824]]",1235,Multi-Family
,,,501242,,2026-03-22T19:35:24.755624,LoopNet API,37685380,"[[-77.640861, 43.080778]]",3744,Industrial
,,,1718655,,2026-03-22T19:35:24.755630,LoopNet API,37564679,"[[-77.601539, 43.089175], [-77.602465, 43.089255]]",3041,Industrial
,,,177374,,2026-03-22T19:35:24.755636,LoopNet API,37409507,"[[-77.703288, 43.18576]]",1383,Retail
,,,997562,,2026-03-22T19:35:24.755642,LoopNet API,37029121,"[[-77.704267, 43.185293]]",862,Industrial
,,,399683,,2026-03-22T19:35:24.755648,LoopNet API,36999876,"[[-77.618147, 43.103253]]",1642,Multi-Family
,,,1751225,,2026-03-22T19:35:24.755653,LoopNet API,36911005,"[[-77.665334, 43.133994]]",2538,Industrial
,,,1789574,,2026-03-22T19:35:24.755659,LoopNet API,36845807,"[[-77.521768, 43.091687]]",1883,Retail
,,,337604,,2026-03-22T19:35:24.755670,LoopNet API,36693922,"[[-77.618859, 43.102351]]",3690,Industrial
,,,1107879,,2026-03-22T19:35:24.755676,LoopNet API,36611613,"[[-77.628904, 43.174154]]",3527,Industrial
,,,1764300,,2026-03-22T19:35:24.755913,LoopNet API,36398849,"[[-77.581112, 43.0941]]",4958,Office
,,,980969,,2026-03-22T19:35:24.755923,LoopNet API,35789458,"[[-77.710627, 43.146659]]",1701,Retail
,,,1817437,,2026-03-22T19:35:24.755954,LoopNet API,35561380,"[[-77.603447, 43.147115]]",3162,Retail
,,,1620180,,2026-03-22T19:35:24.755961,LoopNet API,35079036,"[[-77.668244, 43.165093]]",2974,Multi-Family
,,,1852336,,2026-03-22T19:35:24.755967,LoopNet API,35029105,"[[-77.593411, 43.12617]]",4917,Office
,,,1238340,,2026-03-22T19:35:24.755973,LoopNet API,34615706,"[[-77.631762, 43.087828]]",630,Multi-Family
,,,495843,,2026-03-22T19:35:24.755980,LoopNet API,34483921,"[[-77.628616, 43.135441]]",961,Multi-Family
,,,1354855,,2026-03-22T19:35:24.755985,LoopNet API,33831590,"[[-77.761502, 43.097409]]",3121,Office
,,,1067561,,2026-03-22T19:35:24.755991,LoopNet API,33830092,"[[-77.734078, 43.095041]]",2998,Industrial
,,,1031583,,2026-03-22T19:35:24.755996,LoopNet API,33162249,"[[-77.611413, 43.155727]]",2234,Office
,,,179139,,2026-03-22T19:35:24.756010,LoopNet API,33041169,"[[-77.593028, 43.146437]]",777,Office
,,,850701,,2026-03-22T19:35:24.756017,LoopNet API,32968464,"[[-77.589541, 43.144419]]",2929,Office
,,,1895959,,2026-03-22T19:35:24.756023,LoopNet API,32876301,"[[-77.693209, 43.210131]]",4854,Industrial
,,,1065697,,2026-03-22T19:35:24.756030,LoopNet API,32654787,"[[-77.650142, 43.135638]]",3917,Office
,,,866389,,2026-03-22T19:35:24.756037,LoopNet API,32554456,"[[-77.615191, 43.159897]]",2900,Office
,,,370856,,2026-03-22T19:35:24.756043,LoopNet API,32108855,"[[-77.561308, 43.204157]]",1315,Office
,,,747475,,2026-03-22T19:35:24.756050,LoopNet API,31478200,"[[-77.673524, 43.109445]]",1392,Industrial
,,,1312008,,2026-03-22T19:35:24.756056,LoopNet API,31300848,"[[-77.455286, 43.209852]]",962,Industrial
,,,752052,,2026-03-22T19:35:24.756063,LoopNet API,30644543,"[[-77.623535, 43.147484]]",3933,Office
,,,940984,,2026-03-22T19:35:24.756069,LoopNet API,30346044,"[[-77.608702, 43.156989]]",528,Multi-Family
,,,1996262,,2026-03-22T19:35:24.756075,LoopNet API,29800269,"[[-77.5831, 43.092362]]",4798,Retail
,,,336813,,2026-03-22T19:35:24.756081,LoopNet API,29057874,"[[-77.636271, 43.0941]]",3099,Multi-Family
,,,564836,,2026-03-22T19:35:24.756087,LoopNet API,28764317,"[[-74.193444, 40.921858], [-77.656597, 43.11786]]",1516,Office
,,,705864,,2026-03-22T19:35:24.756093,LoopNet API,28639149,"[[-77.620477, 43.086632]]",3871,Multi-Family
,,,402978,,2026-03-22T19:35:24.756099,LoopNet API,28431245,"[[-77.587104, 43.18259]]",1638,Office
,,,1892429,,2026-03-22T19:35:24.756105,LoopNet API,27373913,"[[-77.616208, 43.068077]]",1414,Multi-Family
,,,1644404,,2026-03-22T19:35:24.756113,LoopNet API,25060286,"[[-77.731417, 43.213995]]",2877,Office
,,,1630165,,2026-03-22T19:35:24.756120,LoopNet API,24504892,"[[-77.602434, 43.161704]]",1552,Multi-Family
,,,586643,,2026-03-22T19:35:24.756126,LoopNet API,22039846,"[[-77.711586, 43.210741]]",2418,Industrial
,,,1190778,,2026-03-22T19:35:24.756132,LoopNet API,18800479,"[[-77.697693, 43.105656]]",1201,Industrial
,,,730598,,2026-03-22T19:35:24.756138,LoopNet API,16334777,"[[-77.735362, 43.214659]]",1136,Multi-Family
,,,952729,,2026-03-22T19:35:24.756144,LoopNet API,9282621,"[[-77.66594, 43.014168]]",3129,Office
,,,868316,,2026-03-22T19:35:24.756150,LoopNet API,39690768,"[[-77.636795, 43.199908]]",1783,Industrial
,,,1324212,,2026-03-22T19:35:24.756155,LoopNet API,39543460,"[[-77.598923, 43.210388]]",4689,Industrial
,,,494398,,2026-03-22T19:35:24.756160,LoopNet API,39135136,"[[-77.450523, 43.107187]]",4005,Multi-Family
,,,1115546,,2026-03-22T19:35:24.756166,LoopNet API,38704259,"[[-77.695072, 43.217637]]",4835,Multi-Family
,,,1980885,,2026-03-22T19:35:24.756172,LoopNet API,37835183,"[[-77.689202, 43.184202]]",4158,Retail
,,,500557,,2026-03-22T19:35:24.756178,LoopNet API,37802144,"[[-77.729757, 43.216637]]",555,Multi-Family
,,,1448285,,2026-03-22T19:35:24.756184,LoopNet API,37685159,"[[-77.507708, 43.180254]]",917,Retail
,,,511705,,2026-03-22T19:35:24.756190,LoopNet API,37672628,"[[-77.58338, 43.161273]]",2327,Office
,,,1887266,,2026-03-22T19:35:24.756195,LoopNet API,36753479,"[[-77.609031, 43.188089]]",3053,Industrial
,,,546585,,2026-03-22T19:35:24.756201,LoopNet API,35918214,"[[-77.598063, 43.158212]]",2075,Office
,,,246447,,2026-03-22T19:35:24.756209,LoopNet API,34615563,"[[-77.606169, 43.123466]]",4340,Industrial
,,,249010,,2026-03-22T19:35:24.756216,LoopNet API,33967070,"[[-77.600692, 43.090541]]",2634,Office
,,,1214643,,2026-03-22T19:35:24.756243,LoopNet API,33594054,"[[-77.59515, 43.197256]]",506,Retail
,,,762250,,2026-03-22T19:35:24.756252,LoopNet API,33563624,"[[-77.670594, 43.205411]]",4113,Office
,,,313000,,2026-03-22T19:35:24.756257,LoopNet API,31365120,"[[-77.617893, 43.104205]]",728,Multi-Family
,,,1213668,,2026-03-22T19:35:24.756262,LoopNet API,31072254,"[[-77.672354, 43.208394]]",3470,Office
,,,443744,,2026-03-22T19:35:24.756268,LoopNet API,29679893,"[[-77.625991, 43.083275]]",2198,Multi-Family
,,,629093,,2026-03-22T19:35:24.756274,LoopNet API,28677556,"[[-77.496353, 43.128384]]",4053,Industrial
,,,1530124,,2026-03-22T19:35:24.756279,LoopNet API,27340026,"[[-77.596171, 43.094725]]",4227,Industrial
,,,439620,,2026-03-22T19:35:24.756285,LoopNet API,25423067,"[[-77.660068, 43.189489]]",2070,Office
,,,419189,,2026-03-22T19:35:24.756290,LoopNet API,39240335,"[[-77.626972, 43.266573]]",2684,Retail
,,,1471711,,2026-03-22T19:35:24.756298,LoopNet API,38506503,"[[-77.722156, 43.147954]]",1309,Office
,,,1465108,,2026-03-22T19:35:24.756305,LoopNet API,39688759,"[[-77.491895, 43.134963]]",4657,Office
,,,234230,,2026-03-22T19:35:24.756311,LoopNet API,39493768,"[[-77.652739, 43.183327]]",3494,Office
,,,1899472,,2026-03-22T19:35:24.756317,LoopNet API,39179151,"[[-77.637042, 43.21747]]",1315,Retail
,,,1047353,,2026-03-22T19:35:24.756323,LoopNet API,39135313,"[[-77.59963, 43.147174]]",1046,Industrial
,,,1080715,,2026-03-22T19:35:24.756329,LoopNet API,39029056,"[[-77.629854, 43.253288]]",1946,Office
,,,1952514,,2026-03-22T19:35:24.756335,LoopNet API,38805754,"[[-77.609516, 43.159373], [-77.60937, 43.159498], [-77.609022, 43.159498]]",2750,Office
,,,1420125,,2026-03-22T19:35:24.756340,LoopNet API,38672790,"[[-77.695841, 43.252085]]",2413,Multi-Family
,,,1082438,,2026-03-22T19:35:24.756347,LoopNet API,38667709,"[[-77.684791, 43.163939]]",4342,Industrial
,,,1649666,,2026-03-22T19:35:24.756356,LoopNet API,38657835,"[[-77.680431, 43.165312]]",4428,Multi-Family
,,,105384,,2026-03-22T19:35:24.756362,LoopNet API,38642840,"[[-77.63687, 43.178827], [-77.642536, 43.179533], [-77.642392, 43.179532], [-77.62665, 43.14951], [-77.62825, 43.15788], [-77.60167, 43.17348], [-77.64267, 43.17865], [-77.574784, 43.159554], [-77.642874, 43.178356], [-77.64269, 43.17833], [-77.648616, 43.175477]]",4966,Retail
,,,1279505,,2026-03-22T19:35:24.756368,LoopNet API,38392450,"[[-77.563914, 43.165658]]",3193,Office
,,,1734947,,2026-03-22T19:35:24.756374,LoopNet API,38349243,"[[-77.630426, 43.152136]]",1806,Office
,,,744351,,2026-03-22T19:35:24.756379,LoopNet API,38336132,"[[-77.606721, 43.148846]]",1954,Industrial
,,,104980,,2026-03-22T19:35:24.756385,LoopNet API,37642625,"[[-77.521411, 43.091164]]",1831,Office
,,,1195165,,2026-03-22T19:35:24.756391,LoopNet API,37635578,"[[-77.605897, 43.163075]]",4249,Multi-Family
,,,139626,,2026-03-22T19:35:24.756397,LoopNet API,37597791,"[[-77.622107, 43.237705], [-77.650804, 43.149728], [-77.621603, 43.239027]]",556,Multi-Family
,,,1273539,,2026-03-22T19:35:24.756402,LoopNet API,36946149,"[[-77.640255, 43.216379]]",4767,Multi-Family
,,,1800033,,2026-03-22T19:35:24.756408,LoopNet API,36759255,"[[-77.555457, 43.176733]]",3589,Retail
,,,1764165,,2026-03-22T19:35:24.756414,LoopNet API,36720805,"[[-77.507789, 43.181558]]",1400,Multi-Family
,,,1651724,,2026-03-22T19:35:24.756419,LoopNet API,36541756,"[[-77.609937, 43.162058]]",1736,Multi-Family
,,,278166,,2026-03-22T19:35:24.756424,LoopNet API,36012352,"[[-77.547591, 43.226692]]",4838,Industrial
,,,1842323,,2026-03-22T19:35:24.756430,LoopNet API,35743582,"[[-77.552951, 43.1471]]",3203,Office
,,,705315,,2026-03-22T19:35:24.757074,LoopNet API,35635912,"[[-77.663813, 43.204382]]",573,Retail
,,,848859,,2026-03-22T19:35:24.757082,LoopNet API,33872004,"[[-77.483396, 43.203826]]",998,Retail
,,,903474,,2026-03-22T19:35:24.757087,LoopNet API,33820009,"[[-77.599713, 43.172094]]",3436,Office
,,,1069640,,2026-03-22T19:35:24.757093,LoopNet API,33012857,"[[-77.750032, 43.254493]]",4815,Multi-Family
,,,1999567,,2026-03-22T19:35:24.757098,LoopNet API,32888406,"[[-77.658047, 43.128951]]",3167,Retail
,,,1127466,,2026-03-22T19:35:24.757103,LoopNet API,32669501,"[[-77.438521, 43.130325]]",2987,Office
,,,741593,,2026-03-22T19:35:24.757112,LoopNet API,30842456,"[[-77.645307, 43.123657]]",994,Retail
,,,1244750,,2026-03-22T19:35:24.757118,LoopNet API,30058882,"[[-77.650628, 43.131562]]",665,Office
,,,1038473,,2026-03-22T19:35:24.757124,LoopNet API,28535219,"[[-77.640383, 43.058454]]",4870,Retail
,,,240392,,2026-03-22T19:35:24.757129,LoopNet API,25194189,"[[-77.5988, 43.20861]]",3533,Multi-Family
,,,137592,,2026-03-22T19:35:24.757135,LoopNet API,37336938,"[[-77.68565, 43.186082]]",2367,Multi-Family
,,,648893,,2026-03-22T19:35:24.757141,LoopNet API,35191239,"[[-77.462175, 43.110628]]",701,Retail
,,,1659152,,2026-03-22T19:35:24.757146,LoopNet API,29771223,"[[-77.599426, 43.193142], [-77.599521, 43.192894], [-77.599646, 43.193356]]",2079,Retail
,,,1694080,,2026-03-22T19:35:24.757152,LoopNet API,25271303,"[[-77.652613, 43.187679]]",4170,Multi-Family
,,,1989062,,2026-03-22T19:35:24.757158,LoopNet API,37144799,"[[-77.445522, 43.127799], [-77.446778, 43.126919]]",4224,Industrial
,,,1359151,,2026-03-22T19:44:04.451749,LoopNet API,33157222,"[[-77.629305, 43.193999]]",1455,Office
,,,979856,,2026-03-22T19:44:04.451772,LoopNet API,39251110,"[[-77.477505, 43.204216]]",3460,Industrial
,,,122686,,2026-03-22T19:44:04.451778,LoopNet API,39817288,"[[-77.630988, 43.19586]]",3921,Retail
,,,415292,,2026-03-22T19:44:04.451783,LoopNet API,39712189,"[[-77.678778, 43.108532]]",4405,Office
,,,730529,,2026-03-22T19:44:04.451786,LoopNet API,39625204,"[[-77.7088, 43.146607]]",4785,Multi-Family
,,,1039717,,2026-03-22T19:44:04.451790,LoopNet API,39616616,"[[-77.696694, 43.183124]]",2214,Office
,,,1954418,,2026-03-22T19:44:04.451795,LoopNet API,39602403,"[[-77.452169, 43.208601]]",2676,Industrial
,,,1660326,,2026-03-22T19:44:04.451799,LoopNet API,39587954,"[[-77.699985, 43.149222]]",4658,Retail
,,,172752,,2026-03-22T19:44:04.451802,LoopNet API,39577570,"[[-77.732281, 43.21782]]",3746,Office
,,,1892981,,2026-03-22T19:44:04.451806,LoopNet API,39558241,"[[-77.486755, 43.079174]]",4595,Multi-Family
,,,1132658,,2026-03-22T19:44:04.451809,LoopNet API,39432321,"[[-77.603237, 43.115479]]",4479,Retail
,,,297043,,2026-03-22T19:44:04.451812,LoopNet API,39402981,"[[-77.569621, 43.201708]]",3345,Industrial
,,,346317,,2026-03-22T19:44:04.451815,LoopNet API,39388644,"[[-77.583062, 43.163556]]",1298,Retail
,,,1325169,,2026-03-22T19:44:04.451819,LoopNet API,39323587,"[[-77.628679, 43.099292]]",1606,Retail
,,,758632,,2026-03-22T19:44:04.451822,LoopNet API,39322261,"[[-77.628546, 43.135555], [-77.62244, 43.13992], [-77.62866, 43.13642], [-77.64013, 43.12885]]",4627,Multi-Family
,,,1585461,,2026-03-22T19:44:04.451825,LoopNet API,39317559,"[[-77.652737, 43.184384]]",3204,Office
,,,869918,,2026-03-22T19:44:04.451828,LoopNet API,39302800,"[[-77.687407, 43.208923]]",3508,Multi-Family
,,,768708,,2026-03-22T19:44:04.451831,LoopNet API,39292350,"[[-77.621133, 43.082114]]",948,Multi-Family
,,,1393840,,2026-03-22T19:44:04.451834,LoopNet API,39270340,"[[-77.596377, 43.140599], [-77.595678, 43.140665], [-77.596294, 43.140951], [-77.596385, 43.140912], [-77.596329, 43.140442]]",1807,Retail
,,,1774967,,2026-03-22T19:44:04.451837,LoopNet API,39265429,"[[-77.579476, 43.138666]]",2379,Retail
,,,342937,,2026-03-22T19:44:04.451840,LoopNet API,39265207,"[[-77.579987, 43.150797]]",2884,Multi-Family
,,,1965603,,2026-03-22T19:44:04.451843,LoopNet API,39228650,"[[-77.615279, 43.101188]]",3053,Office
,,,1562121,,2026-03-22T19:44:04.451846,LoopNet API,39172088,"[[-77.674289, 43.111963]]",4614,Multi-Family
,,,1373506,,2026-03-22T19:44:04.451849,LoopNet API,39113038,"[[-77.641053, 43.146858]]",1636,Retail
,,,1548058,,2026-03-22T19:44:04.451852,LoopNet API,39082310,"[[-77.607652, 43.180298]]",1547,Retail
,,,1983195,,2026-03-22T19:44:04.451855,LoopNet API,39031619,"[[-77.559786, 43.169987]]",823,Industrial
,,,1083097,,2026-03-22T19:44:04.451858,LoopNet API,39011722,"[[-77.614977, 43.178606]]",3573,Retail
,,,289961,,2026-03-22T19:44:04.451861,LoopNet API,38985531,"[[-77.635785, 43.095101]]",1960,Multi-Family
,,,1299376,,2026-03-22T19:44:04.451864,LoopNet API,38816016,"[[-77.66101, 43.149414]]",2285,Industrial
,,,571203,,2026-03-22T19:44:04.451867,LoopNet API,38794915,"[[-77.651745, 43.145283]]",1608,Industrial
,,,1559578,,2026-03-22T19:44:04.451871,LoopNet API,38693769,"[[-77.642082, 43.222331]]",932,Office
,,,430133,,2026-03-22T19:44:04.451874,LoopNet API,38658005,"[[-77.649384, 43.161883]]",1879,Multi-Family
,,,1468879,,2026-03-22T19:44:04.451878,LoopNet API,38636419,"[[-77.626949, 43.16643], [-77.600855, 43.173812]]",2549,Industrial
,,,643021,,2026-03-22T19:44:04.451882,LoopNet API,38636410,"[[-77.661895, 43.046676]]",3907,Retail
,,,517759,,2026-03-22T19:44:04.451947,LoopNet API,38610227,"[[-77.564976, 43.14901]]",2082,Office
,,,363748,,2026-03-22T19:44:04.451951,LoopNet API,38579493,"[[-77.65508, 43.153301]]",514,Multi-Family
,,,1564590,,2026-03-22T19:44:04.451955,LoopNet API,38553022,"[[-77.599309, 43.157494]]",4987,Industrial
,,,1032668,,2026-03-22T19:44:04.451958,LoopNet API,38530756,"[[-77.59832, 43.159179]]",2258,Industrial
,,,1453425,,2026-03-22T19:44:04.451962,LoopNet API,38530691,"[[-77.599626, 43.159095]]",4295,Retail
,,,796850,,2026-03-22T19:44:04.451965,LoopNet API,38500653,"[[-77.59903, 43.142998]]",4438,Retail
,,,676457,,2026-03-22T19:44:04.451969,LoopNet API,38455770,"[[-77.63365, 43.197508]]",4903,Multi-Family
,,,788640,,2026-03-22T19:44:04.451974,LoopNet API,38433685,"[[-77.509827, 43.178265]]",2259,Industrial
,,,1064031,,2026-03-22T19:44:04.451977,LoopNet API,38423222,"[[-77.670455, 43.205365]]",1197,Office
,,,1925564,,2026-03-22T19:44:04.451981,LoopNet API,38410033,"[[-77.612807, 43.165168]]",1144,Multi-Family
,,,1646159,,2026-03-22T19:44:04.451984,LoopNet API,38391803,"[[-77.69616, 43.221334]]",4816,Retail
,,,1590700,,2026-03-22T19:44:04.451988,LoopNet API,38357735,"[[-77.61102, 43.25571]]",1923,Industrial
,,,139077,,2026-03-22T19:44:04.451991,LoopNet API,38353121,"[[-77.487226, 43.118583]]",2626,Multi-Family
,,,1757061,,2026-03-22T19:44:04.451995,LoopNet API,38337053,"[[-77.736792, 43.182119]]",3731,Retail
,,,1979021,,2026-03-22T19:44:04.451998,LoopNet API,38306416,"[[-77.618951, 43.10377], [-77.619241, 43.104197]]",3858,Retail
,,,1070385,,2026-03-22T19:44:04.452002,LoopNet API,38263561,"[[-77.66493, 43.131087]]",4993,Office
,,,542401,,2026-03-22T19:44:04.452005,LoopNet API,38223668,"[[-77.508242, 43.18241]]",1587,Office
,,,1220402,,2026-03-22T19:44:04.452009,LoopNet API,38013173,"[[-77.653018, 43.149681]]",933,Retail
,,,673709,,2026-03-22T19:44:04.452012,LoopNet API,37994174,"[[-77.675616, 43.037633]]",2200,Office
,,,984445,,2026-03-22T19:44:04.452016,LoopNet API,37974523,"[[-77.606928, 43.160039]]",3266,Office
,,,1021953,,2026-03-22T19:44:04.452020,LoopNet API,37938064,"[[-77.609412, 43.159125]]",1929,Office
,,,1538535,,2026-03-22T19:44:04.452023,LoopNet API,37863022,"[[-77.66444, 43.13292]]",2261,Office
,,,483128,,2026-03-22T19:44:04.452027,LoopNet API,37840949,"[[-77.607784, 43.14062]]",2630,Office
,,,384892,,2026-03-22T19:44:04.452031,LoopNet API,37766162,"[[-77.659114, 43.15824]]",3955,Industrial
,,,343896,,2026-03-22T19:44:04.452035,LoopNet API,37685380,"[[-77.640861, 43.080778]]",677,Multi-Family
,,,1906056,,2026-03-22T19:44:04.452039,LoopNet API,37564679,"[[-77.601539, 43.089175], [-77.602465, 43.089255]]",4688,Office
,,,1972573,,2026-03-22T19:44:04.452042,LoopNet API,37409507,"[[-77.703288, 43.18576]]",1676,Office
,,,204992,,2026-03-22T19:44:04.452046,LoopNet API,37029121,"[[-77.704267, 43.185293]]",2995,Industrial
,,,1712512,,2026-03-22T19:44:04.452049,LoopNet API,36999876,"[[-77.618147, 43.103253]]",3007,Industrial
,,,637709,,2026-03-22T19:44:04.452053,LoopNet API,36911005,"[[-77.665334, 43.133994]]",4729,Industrial
,,,661929,,2026-03-22T19:44:04.452056,LoopNet API,36845807,"[[-77.521768, 43.091687]]",888,Retail
,,,286877,,2026-03-22T19:44:04.452061,LoopNet API,36693922,"[[-77.618859, 43.102351]]",4862,Industrial
,,,660043,,2026-03-22T19:44:04.452065,LoopNet API,36611613,"[[-77.628904, 43.174154]]",2763,Office
,,,216691,,2026-03-22T19:44:04.452068,LoopNet API,36398849,"[[-77.581112, 43.0941]]",4980,Industrial
,,,1925886,,2026-03-22T19:44:04.452072,LoopNet API,35789458,"[[-77.710627, 43.146659]]",3311,Multi-Family
,,,1731937,,2026-03-22T19:44:04.452076,LoopNet API,35561380,"[[-77.603447, 43.147115]]",2977,Office
,,,581968,,2026-03-22T19:44:04.452079,LoopNet API,35079036,"[[-77.668244, 43.165093]]",2763,Industrial
,,,1531198,,2026-03-22T19:44:04.452083,LoopNet API,35029105,"[[-77.593411, 43.12617]]",2234,Office
,,,1955549,,2026-03-22T19:44:04.452086,LoopNet API,34615706,"[[-77.631762, 43.087828]]",822,Office
,,,1160175,,2026-03-22T19:44:04.452090,LoopNet API,34483921,"[[-77.628616, 43.135441]]",4859,Office
,,,1362656,,2026-03-22T19:44:04.452093,LoopNet API,33831590,"[[-77.761502, 43.097409]]",2386,Retail
,,,307101,,2026-03-22T19:44:04.452097,LoopNet API,33830092,"[[-77.734078, 43.095041]]",2017,Industrial
,,,1122218,,2026-03-22T19:44:04.452100,LoopNet API,33162249,"[[-77.611413, 43.155727]]",3402,Industrial
,,,597711,,2026-03-22T19:44:04.452107,LoopNet API,33041169,"[[-77.593028, 43.146437]]",3821,Industrial
,,,278884,,2026-03-22T19:44:04.452111,LoopNet API,32968464,"[[-77.589541, 43.144419]]",3844,Multi-Family
,,,465774,,2026-03-22T19:44:04.452115,LoopNet API,32876301,"[[-77.693209, 43.210131]]",4010,Industrial
,,,1873363,,2026-03-22T19:44:04.452118,LoopNet API,32654787,"[[-77.650142, 43.135638]]",1964,Industrial
,,,1161662,,2026-03-22T19:44:04.452122,LoopNet API,32554456,"[[-77.615191, 43.159897]]",3121,Multi-Family
,,,1278788,,2026-03-22T19:44:04.452126,LoopNet API,32108855,"[[-77.561308, 43.204157]]",3350,Office
,,,761929,,2026-03-22T19:44:04.452130,LoopNet API,31478200,"[[-77.673524, 43.109445]]",3931,Multi-Family
,,,462380,,2026-03-22T19:44:04.452133,LoopNet API,31300848,"[[-77.455286, 43.209852]]",4266,Office
,,,1021307,,2026-03-22T19:44:04.452137,LoopNet API,30644543,"[[-77.623535, 43.147484]]",4028,Office
,,,1899041,,2026-03-22T19:44:04.452141,LoopNet API,30346044,"[[-77.608702, 43.156989]]",3745,Retail
,,,797003,,2026-03-22T19:44:04.452144,LoopNet API,29800269,"[[-77.5831, 43.092362]]",730,Multi-Family
,,,984271,,2026-03-22T19:44:04.452148,LoopNet API,29057874,"[[-77.636271, 43.0941]]",1565,Multi-Family
,,,480941,,2026-03-22T19:44:04.452152,LoopNet API,28764317,"[[-74.193444, 40.921858], [-77.656597, 43.11786]]",3002,Office
,,,1696221,,2026-03-22T19:44:04.452155,LoopNet API,28639149,"[[-77.620477, 43.086632]]",1979,Retail
,,,424235,,2026-03-22T19:44:04.452159,LoopNet API,28431245,"[[-77.587104, 43.18259]]",2540,Multi-Family
,,,531717,,2026-03-22T19:44:04.452163,LoopNet API,27373913,"[[-77.616208, 43.068077]]",3356,Retail
,,,947264,,2026-03-22T19:44:04.452168,LoopNet API,25060286,"[[-77.731417, 43.213995]]",4660,Retail
,,,813229,,2026-03-22T19:44:04.452171,LoopNet API,24504892,"[[-77.602434, 43.161704]]",4567,Multi-Family
,,,413978,,2026-03-22T19:44:04.452175,LoopNet API,22039846,"[[-77.711586, 43.210741]]",2027,Retail
,,,722812,,2026-03-22T19:44:04.452179,LoopNet API,18800479,"[[-77.697693, 43.105656]]",1032,Office
,,,335144,,2026-03-22T19:44:04.452182,LoopNet API,16334777,"[[-77.735362, 43.214659]]",3055,Multi-Family
,,,412736,,2026-03-22T19:44:04.452186,LoopNet API,9282621,"[[-77.66594, 43.014168]]",3900,Industrial
,,,1967968,,2026-03-22T19:44:04.452189,LoopNet API,39690768,"[[-77.636795, 43.199908]]",4833,Retail
,,,1186525,,2026-03-22T19:44:04.452193,LoopNet API,39543460,"[[-77.598923, 43.210388]]",2685,Retail
,,,1638239,,2026-03-22T19:44:04.452196,LoopNet API,39135136,"[[-77.450523, 43.107187]]",1770,Office
,,,1998840,,2026-03-22T19:44:04.452200,LoopNet API,38704259,"[[-77.695072, 43.217637]]",3752,Office
,,,1402088,,2026-03-22T19:44:04.452204,LoopNet API,37835183,"[[-77.689202, 43.184202]]",2036,Retail
,,,1422639,,2026-03-22T19:44:04.452207,LoopNet API,37802144,"[[-77.729757, 43.216637]]",4929,Multi-Family
,,,1518978,,2026-03-22T19:44:04.452211,LoopNet API,37685159,"[[-77.507708, 43.180254]]",3102,Industrial
,,,626505,,2026-03-22T19:44:04.452215,LoopNet API,37672628,"[[-77.58338, 43.161273]]",3320,Industrial
,,,1563282,,2026-03-22T19:44:04.452218,LoopNet API,36753479,"[[-77.609031, 43.188089]]",4391,Office
,,,1326025,,2026-03-22T19:44:04.452222,LoopNet API,35918214,"[[-77.598063, 43.158212]]",2695,Retail
,,,579235,,2026-03-22T19:44:04.452226,LoopNet API,34615563,"[[-77.606169, 43.123466]]",1171,Office
,,,1908188,,2026-03-22T19:44:04.452242,LoopNet API,33967070,"[[-77.600692, 43.090541]]",524,Industrial
,,,1974585,,2026-03-22T19:44:04.452246,LoopNet API,33594054,"[[-77.59515, 43.197256]]",1922,Multi-Family
,,,1993059,,2026-03-22T19:44:04.452250,LoopNet API,33563624,"[[-77.670594, 43.205411]]",685,Retail
,,,1635438,,2026-03-22T19:44:04.452253,LoopNet API,31365120,"[[-77.617893, 43.104205]]",1478,Office
,,,1029519,,2026-03-22T19:44:04.452257,LoopNet API,31072254,"[[-77.672354, 43.208394]]",2577,Office
,,,312986,,2026-03-22T19:44:04.452260,LoopNet API,29679893,"[[-77.625991, 43.083275]]",3100,Office
,,,455480,,2026-03-22T19:44:04.452264,LoopNet API,28677556,"[[-77.496353, 43.128384]]",4095,Office
,,,766624,,2026-03-22T19:44:04.452267,LoopNet API,27340026,"[[-77.596171, 43.094725]]",1254,Office
,,,1845754,,2026-03-22T19:44:04.452271,LoopNet API,25423067,"[[-77.660068, 43.189489]]",575,Multi-Family
,,,1255651,,2026-03-22T19:44:04.452274,LoopNet API,39240335,"[[-77.626972, 43.266573]]",4965,Retail
,,,1201202,,2026-03-22T19:44:04.452278,LoopNet API,38506503,"[[-77.722156, 43.147954]]",3972,Multi-Family
,,,102564,,2026-03-22T19:44:04.452282,LoopNet API,39688759,"[[-77.491895, 43.134963]]",4691,Multi-Family
,,,1907267,,2026-03-22T19:44:04.452286,LoopNet API,39493768,"[[-77.652739, 43.183327]]",854,Office
,,,774744,,2026-03-22T19:44:04.452290,LoopNet API,39179151,"[[-77.637042, 43.21747]]",799,Office
,,,1932837,,2026-03-22T19:44:04.452293,LoopNet API,39135313,"[[-77.59963, 43.147174]]",967,Office
,,,1455958,,2026-03-22T19:44:04.452297,LoopNet API,39029056,"[[-77.629854, 43.253288]]",2303,Retail
,,,1567929,,2026-03-22T19:44:04.452301,LoopNet API,38805754,"[[-77.609516, 43.159373], [-77.60937, 43.159498], [-77.609022, 43.159498]]",4914,Retail
,,,580914,,2026-03-22T19:44:04.452305,LoopNet API,38672790,"[[-77.695841, 43.252085]]",1775,Industrial
,,,1936157,,2026-03-22T19:44:04.452308,LoopNet API,38667709,"[[-77.684791, 43.163939]]",1128,Office
,,,1429960,,2026-03-22T19:44:04.452313,LoopNet API,38657835,"[[-77.680431, 43.165312]]",2603,Multi-Family
,,,1803590,,2026-03-22T19:44:04.452317,LoopNet API,38642840,"[[-77.63687, 43.178827], [-77.642536, 43.179533], [-77.642392, 43.179532], [-77.62665, 43.14951], [-77.62825, 43.15788], [-77.60167, 43.17348], [-77.64267, 43.17865], [-77.574784, 43.159554], [-77.642874, 43.178356], [-77.64269, 43.17833], [-77.648616, 43.175477]]",1429,Industrial
,,,209473,,2026-03-22T19:44:04.452321,LoopNet API,38392450,"[[-77.563914, 43.165658]]",3136,Multi-Family
,,,1620372,,2026-03-22T19:44:04.452325,LoopNet API,38349243,"[[-77.630426, 43.152136]]",2524,Retail
,,,186787,,2026-03-22T19:44:04.452328,LoopNet API,38336132,"[[-77.606721, 43.148846]]",3993,Retail
,,,286888,,2026-03-22T19:44:04.452332,LoopNet API,37642625,"[[-77.521411, 43.091164]]",1506,Office
,,,561605,,2026-03-22T19:44:04.452335,LoopNet API,37635578,"[[-77.605897, 43.163075]]",4973,Industrial
,,,341717,,2026-03-22T19:44:04.452339,LoopNet API,37597791,"[[-77.622107, 43.237705], [-77.650804, 43.149728], [-77.621603, 43.239027]]",561,Retail
,,,1229833,,2026-03-22T19:44:04.452343,LoopNet API,36946149,"[[-77.640255, 43.216379]]",3592,Multi-Family
,,,1065726,,2026-03-22T19:44:04.452346,LoopNet API,36759255,"[[-77.555457, 43.176733]]",4413,Retail
,,,906715,,2026-03-22T19:44:04.452350,LoopNet API,36720805,"[[-77.507789, 43.181558]]",1236,Multi-Family
,,,1523150,,2026-03-22T19:44:04.452353,LoopNet API,36541756,"[[-77.609937, 43.162058]]",2375,Retail
,,,1586544,,2026-03-22T19:44:04.452357,LoopNet API,36012352,"[[-77.547591, 43.226692]]",822,Multi-Family
,,,1639547,,2026-03-22T19:44:04.452360,LoopNet API,35743582,"[[-77.552951, 43.1471]]",2317,Industrial
,,,1596173,,2026-03-22T19:44:04.452364,LoopNet API,35635912,"[[-77.663813, 43.204382]]",1872,Industrial
,,,569308,,2026-03-22T19:44:04.452367,LoopNet API,33872004,"[[-77.483396, 43.203826]]",3072,Office
,,,1837683,,2026-03-22T19:44:04.452371,LoopNet API,33820009,"[[-77.599713, 43.172094]]",1253,Retail
,,,562939,,2026-03-22T19:44:04.452374,LoopNet API,33012857,"[[-77.750032, 43.254493]]",2399,Multi-Family
,,,1488860,,2026-03-22T19:44:04.452378,LoopNet API,32888406,"[[-77.658047, 43.128951]]",4014,Retail
,,,242144,,2026-03-22T19:44:04.452381,LoopNet API,32669501,"[[-77.438521, 43.130325]]",1644,Retail
,,,661533,,2026-03-22T19:44:04.452385,LoopNet API,30842456,"[[-77.645307, 43.123657]]",3236,Office
,,,1533554,,2026-03-22T19:44:04.452389,LoopNet API,30058882,"[[-77.650628, 43.131562]]",1898,Industrial
,,,182287,,2026-03-22T19:44:04.452393,LoopNet API,28535219,"[[-77.640383, 43.058454]]",3936,Retail
,,,1389881,,2026-03-22T19:44:04.452396,LoopNet API,25194189,"[[-77.5988, 43.20861]]",3786,Retail
,,,1703197,,2026-03-22T19:44:04.452400,LoopNet API,37336938,"[[-77.68565, 43.186082]]",3040,Retail
,,,292853,,2026-03-22T19:44:04.452404,LoopNet API,35191239,"[[-77.462175, 43.110628]]",720,Multi-Family
,,,1455110,,2026-03-22T19:44:04.452407,LoopNet API,29771223,"[[-77.599426, 43.193142], [-77.599521, 43.192894], [-77.599646, 43.193356]]",3388,Multi-Family
,,,1745150,,2026-03-22T19:44:04.452411,LoopNet API,25271303,"[[-77.652613, 43.187679]]",3969,Industrial
,,,1923500,,2026-03-22T19:44:04.452414,LoopNet API,37144799,"[[-77.445522, 43.127799], [-77.446778, 43.126919]]",2736,Multi-Family
,,,1815805,,2026-03-25T11:28:33.613987,LoopNet API,33157222,"[[-77.629305, 43.193999]]",778,Multi-Family
,,,1540271,,2026-03-25T11:28:33.614078,LoopNet API,39251110,"[[-77.477505, 43.204216]]",4658,Industrial
,,,843421,,2026-03-25T11:28:33.614087,LoopNet API,39871963,"[[-77.61928, 43.103326]]",829,Office
,,,687035,,2026-03-25T11:28:33.614091,LoopNet API,39854150,"[[-77.606577, 43.071999]]",2866,Multi-Family
,,,1087416,,2026-03-25T11:28:33.614095,LoopNet API,39817288,"[[-77.630988, 43.19586]]",3076,Multi-Family
,,,1189066,,2026-03-25T11:28:33.614099,LoopNet API,39712189,"[[-77.678778, 43.108532]]",3312,Office
,,,1012042,,2026-03-25T11:28:33.614103,LoopNet API,39625204,"[[-77.7088, 43.146607]]",3114,Office
,,,1552677,,2026-03-25T11:28:33.614107,LoopNet API,39616616,"[[-77.696694, 43.183124]]",506,Industrial
,,,706565,,2026-03-25T11:28:33.614110,LoopNet API,39602403,"[[-77.452169, 43.208601]]",2835,Multi-Family
,,,1777613,,2026-03-25T11:28:33.614114,LoopNet API,39587954,"[[-77.699985, 43.149222]]",3350,Retail
,,,1092356,,2026-03-25T11:28:33.614117,LoopNet API,39577570,"[[-77.732154, 43.217996]]",3477,Multi-Family
,,,1316644,,2026-03-25T11:28:33.614120,LoopNet API,39558241,"[[-77.486755, 43.079174]]",4549,Retail
,,,663791,,2026-03-25T11:28:33.614123,LoopNet API,39432321,"[[-77.603237, 43.115479]]",4972,Office
,,,341562,,2026-03-25T11:28:33.614126,LoopNet API,39402981,"[[-77.569621, 43.201708]]",1456,Office
,,,937231,,2026-03-25T11:28:33.614130,LoopNet API,39388644,"[[-77.583062, 43.163556]]",3676,Industrial
,,,1195020,,2026-03-25T11:28:33.614133,LoopNet API,39323587,"[[-77.628679, 43.099292]]",4353,Retail
,,,720191,,2026-03-25T11:28:33.614136,LoopNet API,39322261,"[[-77.628546, 43.135555], [-77.62244, 43.13992], [-77.62866, 43.13642], [-77.64013, 43.12885]]",2340,Industrial
,,,1182767,,2026-03-25T11:28:33.614139,LoopNet API,39317559,"[[-77.652737, 43.184384]]",4277,Office
,,,165870,,2026-03-25T11:28:33.614142,LoopNet API,39302800,"[[-77.687407, 43.208923]]",4393,Office
,,,1993986,,2026-03-25T11:28:33.614145,LoopNet API,39292350,"[[-77.621133, 43.082114]]",4901,Multi-Family
,,,1004069,,2026-03-25T11:28:33.614149,LoopNet API,39270340,"[[-77.596377, 43.140599], [-77.595678, 43.140665], [-77.596294, 43.140951], [-77.596385, 43.140912], [-77.596329, 43.140442]]",2084,Industrial
,,,1449628,,2026-03-25T11:28:33.614152,LoopNet API,39265429,"[[-77.579476, 43.138666]]",2992,Industrial
,,,1135616,,2026-03-25T11:28:33.614155,LoopNet API,39265207,"[[-77.579987, 43.150797]]",758,Industrial
,,,1260229,,2026-03-25T11:28:33.614158,LoopNet API,39228650,"[[-77.615279, 43.101188]]",2291,Retail
,,,1777175,,2026-03-25T11:28:33.614161,LoopNet API,39172088,"[[-77.674289, 43.111963]]",4488,Office
,,,768235,,2026-03-25T11:28:33.614165,LoopNet API,39113038,"[[-77.641053, 43.146858]]",4135,Industrial
,,,712220,,2026-03-25T11:28:33.614168,LoopNet API,39108272,"[[-77.63549, 43.154894]]",2332,Industrial
,,,1978092,,2026-03-25T11:28:33.614171,LoopNet API,39082310,"[[-77.607652, 43.180298]]",3683,Industrial
,,,1554227,,2026-03-25T11:28:33.614174,LoopNet API,39042100,"[[-77.632072, 43.179548]]",4745,Office
,,,685685,,2026-03-25T11:28:33.614177,LoopNet API,39031619,"[[-77.559786, 43.169987]]",3961,Office
,,,159123,,2026-03-25T11:28:33.614180,LoopNet API,38973075,"[[-77.586832, 43.150226]]",2392,Industrial
,,,671628,,2026-03-25T11:28:33.614183,LoopNet API,38816016,"[[-77.66101, 43.149414]]",3127,Retail
,,,1545551,,2026-03-25T11:28:33.614186,LoopNet API,38794915,"[[-77.651745, 43.145283]]",2279,Industrial
,,,1830614,,2026-03-25T11:28:33.614190,LoopNet API,38693769,"[[-77.642082, 43.222331]]",4492,Industrial
,,,401600,,2026-03-25T11:28:33.614193,LoopNet API,38658005,"[[-77.649384, 43.161883]]",4003,Multi-Family
,,,1072449,,2026-03-25T11:28:33.614196,LoopNet API,38636419,"[[-77.626949, 43.16643], [-77.600855, 43.173812]]",2659,Retail
,,,455385,,2026-03-25T11:28:33.614199,LoopNet API,38636410,"[[-77.661895, 43.046676]]",3483,Retail
,,,981542,,2026-03-25T11:28:33.614202,LoopNet API,38610227,"[[-77.564976, 43.14901]]",3937,Retail
,,,669535,,2026-03-25T11:28:33.614217,LoopNet API,38579493,"[[-77.65508, 43.153301]]",4938,Office
,,,1143831,,2026-03-25T11:28:33.614221,LoopNet API,38553022,"[[-77.599309, 43.157494]]",2412,Office
,,,1719332,,2026-03-25T11:28:33.614224,LoopNet API,38530756,"[[-77.59832, 43.159179]]",3793,Office
,,,546281,,2026-03-25T11:28:33.614228,LoopNet API,38530691,"[[-77.599626, 43.159095]]",623,Multi-Family
,,,706693,,2026-03-25T11:28:33.614231,LoopNet API,38500653,"[[-77.59903, 43.142998]]",2158,Office
,,,456115,,2026-03-25T11:28:33.614234,LoopNet API,38455770,"[[-77.63365, 43.197508]]",3447,Office
,,,125040,,2026-03-25T11:28:33.614237,LoopNet API,38433685,"[[-77.509827, 43.178265]]",2779,Industrial
,,,1927301,,2026-03-25T11:28:33.614240,LoopNet API,38423222,"[[-77.670455, 43.205365]]",3385,Multi-Family
,,,287061,,2026-03-25T11:28:33.614243,LoopNet API,38410033,"[[-77.612807, 43.165168]]",859,Retail
,,,666574,,2026-03-25T11:28:33.614246,LoopNet API,38391803,"[[-77.69616, 43.221334]]",795,Office
,,,772979,,2026-03-25T11:28:33.614249,LoopNet API,38357735,"[[-77.61102, 43.25571]]",913,Multi-Family
,,,1136857,,2026-03-25T11:28:33.614252,LoopNet API,38353121,"[[-77.487226, 43.118583]]",502,Multi-Family
,,,541440,,2026-03-25T11:28:33.614255,LoopNet API,38337053,"[[-77.736792, 43.182119]]",4724,Multi-Family
,,,1944103,,2026-03-25T11:28:33.614258,LoopNet API,38306416,"[[-77.618951, 43.10377], [-77.619241, 43.104197]]",1472,Industrial
,,,1605765,,2026-03-25T11:28:33.614261,LoopNet API,38263561,"[[-77.66493, 43.131087]]",3201,Multi-Family
,,,445357,,2026-03-25T11:28:33.614264,LoopNet API,38223668,"[[-77.508242, 43.18241]]",4619,Retail
,,,824246,,2026-03-25T11:28:33.614267,LoopNet API,38013173,"[[-77.653018, 43.149681]]",3706,Multi-Family
,,,1122189,,2026-03-25T11:28:33.614270,LoopNet API,37994174,"[[-77.675616, 43.037633]]",1311,Office
,,,1214138,,2026-03-25T11:28:33.614273,LoopNet API,37974523,"[[-77.606928, 43.160039]]",922,Multi-Family
,,,160106,,2026-03-25T11:28:33.614277,LoopNet API,37938064,"[[-77.609412, 43.159125]]",3778,Retail
,,,565136,,2026-03-25T11:28:33.614280,LoopNet API,37863022,"[[-77.66444, 43.13292]]",2422,Industrial
,,,973122,,2026-03-25T11:28:33.614283,LoopNet API,37840949,"[[-77.607784, 43.14062]]",3883,Office
,,,1528581,,2026-03-25T11:28:33.614286,LoopNet API,37766162,"[[-77.659114, 43.15824]]",4302,Retail
,,,963678,,2026-03-25T11:28:33.614289,LoopNet API,37685380,"[[-77.640861, 43.080778]]",1178,Multi-Family
,,,293891,,2026-03-25T11:28:33.614292,LoopNet API,37564679,"[[-77.601539, 43.089175], [-77.602465, 43.089255]]",4699,Industrial
,,,1039641,,2026-03-25T11:28:33.614295,LoopNet API,37409507,"[[-77.703288, 43.18576]]",4545,Office
,,,1049579,,2026-03-25T11:28:33.614298,LoopNet API,37029121,"[[-77.704267, 43.185293]]",4259,Retail
,,,412765,,2026-03-25T11:28:33.614302,LoopNet API,36999876,"[[-77.618147, 43.103253]]",2116,Multi-Family
,,,659376,,2026-03-25T11:28:33.614305,LoopNet API,36911005,"[[-77.665334, 43.133994]]",993,Multi-Family
,,,427705,,2026-03-25T11:28:33.614308,LoopNet API,36845807,"[[-77.521768, 43.091687]]",3403,Office
,,,106791,,2026-03-25T11:28:33.614312,LoopNet API,36693922,"[[-77.618859, 43.102351]]",4171,Office
,,,433613,,2026-03-25T11:28:33.614315,LoopNet API,36611613,"[[-77.628904, 43.174154]]",4874,Multi-Family
,,,1915889,,2026-03-25T11:28:33.614318,LoopNet API,36398849,"[[-77.581112, 43.0941]]",890,Multi-Family
,,,904805,,2026-03-25T11:28:33.614321,LoopNet API,35789458,"[[-77.710627, 43.146659]]",3255,Retail
,,,977722,,2026-03-25T11:28:33.614324,LoopNet API,35561380,"[[-77.603447, 43.147115]]",723,Industrial
,,,979009,,2026-03-25T11:28:33.614327,LoopNet API,35143152,"[[-77.595747, 43.138909]]",2098,Multi-Family
,,,310625,,2026-03-25T11:28:33.614330,LoopNet API,35079036,"[[-77.668244, 43.165093]]",2013,Multi-Family
,,,1786336,,2026-03-25T11:28:33.614333,LoopNet API,35029105,"[[-77.593411, 43.12617]]",2481,Office
,,,759768,,2026-03-25T11:28:33.614336,LoopNet API,34615706,"[[-77.631762, 43.087828]]",3575,Retail
,,,1174312,,2026-03-25T11:28:33.614342,LoopNet API,34483921,"[[-77.628616, 43.135441]]",1542,Retail
,,,1756921,,2026-03-25T11:28:33.614345,LoopNet API,33831590,"[[-77.761502, 43.097409]]",1519,Industrial
,,,1969299,,2026-03-25T11:28:33.614348,LoopNet API,33830092,"[[-77.734078, 43.095041]]",666,Multi-Family
,,,438244,,2026-03-25T11:28:33.614351,LoopNet API,33162249,"[[-77.611413, 43.155727]]",557,Office
,,,1536439,,2026-03-25T11:28:33.614355,LoopNet API,33041169,"[[-77.593028, 43.146437]]",3500,Retail
,,,232845,,2026-03-25T11:28:33.614358,LoopNet API,32968464,"[[-77.589541, 43.144419]]",2413,Retail
,,,1244537,,2026-03-25T11:28:33.614362,LoopNet API,32876301,"[[-77.693209, 43.210131]]",1963,Retail
,,,272527,,2026-03-25T11:28:33.614365,LoopNet API,32654787,"[[-77.650142, 43.135638]]",2973,Retail
,,,1855937,,2026-03-25T11:28:33.614368,LoopNet API,32554456,"[[-77.615191, 43.159897]]",1035,Retail
,,,793844,,2026-03-25T11:28:33.614371,LoopNet API,32108855,"[[-77.561308, 43.204157]]",2544,Office
,,,1057450,,2026-03-25T11:28:33.614374,LoopNet API,31478200,"[[-77.673524, 43.109445]]",4268,Multi-Family
,,,460302,,2026-03-25T11:28:33.614378,LoopNet API,31300848,"[[-77.455286, 43.209852]]",4667,Multi-Family
,,,256677,,2026-03-25T11:28:33.614381,LoopNet API,30644543,"[[-77.623535, 43.147484]]",1150,Industrial
,,,1604148,,2026-03-25T11:28:33.614384,LoopNet API,30346044,"[[-77.608702, 43.156989]]",1568,Retail
,,,1848991,,2026-03-25T11:28:33.614387,LoopNet API,29800269,"[[-77.5831, 43.092362]]",4757,Multi-Family
,,,496320,,2026-03-25T11:28:33.614391,LoopNet API,29057874,"[[-77.636271, 43.0941]]",2759,Office
,,,870607,,2026-03-25T11:28:33.614394,LoopNet API,28764317,"[[-74.193444, 40.921858], [-77.656597, 43.11786]]",1904,Retail
,,,1158623,,2026-03-25T11:28:33.614398,LoopNet API,28639149,"[[-77.620477, 43.086632]]",1689,Retail
,,,488194,,2026-03-25T11:28:33.614401,LoopNet API,28431245,"[[-77.587104, 43.18259]]",3480,Industrial
,,,1755247,,2026-03-25T11:28:33.614404,LoopNet API,27373913,"[[-77.616208, 43.068077]]",3603,Industrial
,,,638459,,2026-03-25T11:28:33.614407,LoopNet API,25607807,"[[-77.561877, 43.175906]]",794,Multi-Family
,,,1513108,,2026-03-25T11:28:33.614410,LoopNet API,25060286,"[[-77.731417, 43.213995]]",2912,Multi-Family
,,,354825,,2026-03-25T11:28:33.614414,LoopNet API,24504892,"[[-77.602434, 43.161704]]",4797,Multi-Family
,,,1753607,,2026-03-25T11:28:33.614417,LoopNet API,22039846,"[[-77.711586, 43.210741]]",852,Multi-Family
,,,1535255,,2026-03-25T11:28:33.614420,LoopNet API,18800479,"[[-77.697693, 43.105656]]",1249,Office
,,,1955894,,2026-03-25T11:28:33.614423,LoopNet API,16334777,"[[-77.735362, 43.214659]]",1749,Retail
,,,1556624,,2026-03-25T11:28:33.614426,LoopNet API,9282621,"[[-77.66594, 43.014168]]",1009,Multi-Family
,,,1433904,,2026-03-25T11:28:33.614429,LoopNet API,39690768,"[[-77.636795, 43.199908]]",1655,Industrial
,,,638012,,2026-03-25T11:28:33.614432,LoopNet API,39543460,"[[-77.598923, 43.210388]]",3625,Retail
,,,1754956,,2026-03-25T11:28:33.614435,LoopNet API,39135136,"[[-77.450523, 43.107187]]",1534,Office
,,,1322970,,2026-03-25T11:28:33.614438,LoopNet API,38704259,"[[-77.695072, 43.217637]]",1004,Office
,,,1053138,,2026-03-25T11:28:33.614441,LoopNet API,37835183,"[[-77.689202, 43.184202]]",4225,Industrial
,,,1347037,,2026-03-25T11:28:33.614445,LoopNet API,37802144,"[[-77.729757, 43.216637]]",551,Multi-Family
,,,1841686,,2026-03-25T11:28:33.614448,LoopNet API,37685159,"[[-77.507708, 43.180254]]",3413,Retail
,,,1557947,,2026-03-25T11:28:33.614451,LoopNet API,37672628,"[[-77.58338, 43.161273]]",598,Multi-Family
,,,828181,,2026-03-25T11:28:33.614454,LoopNet API,36753479,"[[-77.609031, 43.188089]]",3639,Retail
,,,463275,,2026-03-25T11:28:33.614457,LoopNet API,35918214,"[[-77.598063, 43.158212]]",2799,Multi-Family
,,,109592,,2026-03-25T11:28:33.614459,LoopNet API,34615563,"[[-77.606169, 43.123466]]",3928,Multi-Family
,,,1772026,,2026-03-25T11:28:33.614462,LoopNet API,33967070,"[[-77.600692, 43.090541]]",1008,Multi-Family
,,,1091847,,2026-03-25T11:28:33.614465,LoopNet API,33594054,"[[-77.59515, 43.197256]]",2140,Multi-Family
,,,1351181,,2026-03-25T11:28:33.614468,LoopNet API,33563624,"[[-77.670594, 43.205411]]",3401,Office
,,,618981,,2026-03-25T11:28:33.614483,LoopNet API,31365120,"[[-77.617893, 43.104205]]",4474,Multi-Family
,,,1830797,,2026-03-25T11:28:33.614487,LoopNet API,31072254,"[[-77.672354, 43.208394]]",968,Industrial
,,,1141962,,2026-03-25T11:28:33.614490,LoopNet API,29679893,"[[-77.625991, 43.083275]]",2099,Office
,,,1103180,,2026-03-25T11:28:33.614493,LoopNet API,28677556,"[[-77.496353, 43.128384]]",1358,Office
,,,1565350,,2026-03-25T11:28:33.614496,LoopNet API,27340026,"[[-77.596171, 43.094725]]",4896,Multi-Family
,,,1660757,,2026-03-25T11:28:33.614499,LoopNet API,25423067,"[[-77.660068, 43.189489]]",2818,Retail
,,,1310844,,2026-03-25T11:28:33.614502,LoopNet API,39240335,"[[-77.626972, 43.266573]]",1370,Retail
,,,1457815,,2026-03-25T11:28:33.614505,LoopNet API,38506503,"[[-77.722156, 43.147954]]",4089,Office
,,,855922,,2026-03-25T11:28:33.614508,LoopNet API,39688759,"[[-77.491895, 43.134963]]",4842,Industrial
,,,1313432,,2026-03-25T11:28:33.614511,LoopNet API,39866272,"[[-77.607339, 43.155657]]",2603,Industrial
,,,1550687,,2026-03-25T11:28:33.614514,LoopNet API,39493768,"[[-77.652739, 43.183327]]",3488,Multi-Family
,,,677473,,2026-03-25T11:28:33.614518,LoopNet API,39179151,"[[-77.637042, 43.21747]]",3136,Office
,,,651909,,2026-03-25T11:28:33.614521,LoopNet API,39135313,"[[-77.59963, 43.147174]]",4589,Office
,,,1627277,,2026-03-25T11:28:33.614524,LoopNet API,39029056,"[[-77.629854, 43.253288]]",4890,Retail
,,,1531430,,2026-03-25T11:28:33.614527,LoopNet API,38805754,"[[-77.609516, 43.159373], [-77.60937, 43.159498], [-77.609022, 43.159498]]",1289,Industrial
,,,1390521,,2026-03-25T11:28:33.614530,LoopNet API,38672790,"[[-77.695841, 43.252085]]",1487,Office
,,,1840773,,2026-03-25T11:28:33.614533,LoopNet API,38657835,"[[-77.680431, 43.165312]]",1269,Office
,,,853186,,2026-03-25T11:28:33.614536,LoopNet API,38642840,"[[-77.63687, 43.178827], [-77.642536, 43.179533], [-77.642392, 43.179532], [-77.62665, 43.14951], [-77.62825, 43.15788], [-77.60167, 43.17348], [-77.64267, 43.17865], [-77.574784, 43.159554], [-77.642874, 43.178356], [-77.64269, 43.17833], [-77.648616, 43.175477]]",3354,Industrial
,,,1610827,,2026-03-25T11:28:33.614539,LoopNet API,38392450,"[[-77.563914, 43.165658]]",1319,Retail
,,,1983951,,2026-03-25T11:28:33.614542,LoopNet API,38349243,"[[-77.630426, 43.152136]]",828,Retail
,,,1604086,,2026-03-25T11:28:33.614545,LoopNet API,38336132,"[[-77.606721, 43.148846]]",4641,Office
,,,621072,,2026-03-25T11:28:33.614548,LoopNet API,37642625,"[[-77.521411, 43.091164]]",4768,Industrial
,,,768114,,2026-03-25T11:28:33.614551,LoopNet API,37635578,"[[-77.605897, 43.163075]]",2512,Multi-Family
,,,1857989,,2026-03-25T11:28:33.614554,LoopNet API,37597791,"[[-77.622107, 43.237705], [-77.650804, 43.149728], [-77.621603, 43.239027]]",1252,Multi-Family
,,,757084,,2026-03-25T11:28:33.614557,LoopNet API,36759255,"[[-77.555457, 43.176733]]",3993,Multi-Family
,,,294857,,2026-03-25T11:28:33.614560,LoopNet API,36720805,"[[-77.507789, 43.181558]]",4789,Retail
,,,308103,,2026-03-25T11:28:33.614563,LoopNet API,36541756,"[[-77.609937, 43.162058]]",3126,Office
,,,1277870,,2026-03-25T11:28:33.614566,LoopNet API,36012352,"[[-77.547591, 43.226692]]",1033,Industrial
,,,495331,,2026-03-25T11:28:33.614569,LoopNet API,35743582,"[[-77.552951, 43.1471]]",3043,Industrial
,,,586132,,2026-03-25T11:28:33.614572,LoopNet API,35635912,"[[-77.663813, 43.204382]]",2160,Industrial
,,,1356120,,2026-03-25T11:28:33.614574,LoopNet API,33872004,"[[-77.483396, 43.203826]]",1775,Multi-Family
,,,947207,,2026-03-25T11:28:33.614579,LoopNet API,33820009,"[[-77.599713, 43.172094]]",3440,Retail
,,,635987,,2026-03-25T11:28:33.614582,LoopNet API,33012857,"[[-77.750032, 43.254493]]",1553,Multi-Family
,,,256391,,2026-03-25T11:28:33.614585,LoopNet API,32888406,"[[-77.658047, 43.128951]]",4144,Office
,,,1299772,,2026-03-25T11:28:33.614587,LoopNet API,32669501,"[[-77.438521, 43.130325]]",556,Multi-Family
,,,314367,,2026-03-25T11:28:33.614590,LoopNet API,30842456,"[[-77.645307, 43.123657]]",3867,Retail
,,,1692700,,2026-03-25T11:28:33.614594,LoopNet API,30058882,"[[-77.650628, 43.131562]]",827,Retail
,,,698157,,2026-03-25T11:28:33.614596,LoopNet API,28535219,"[[-77.640383, 43.058454]]",2473,Multi-Family
,,,1286930,,2026-03-25T11:28:33.614599,LoopNet API,25194189,"[[-77.5988, 43.20861]]",4132,Multi-Family
,,,1700113,,2026-03-25T11:28:33.614602,LoopNet API,37336938,"[[-77.68565, 43.186082]]",3701,Office
,,,882857,,2026-03-25T11:28:33.614605,LoopNet API,35191239,"[[-77.462175, 43.110628]]",1410,Multi-Family
,,,1732557,,2026-03-25T11:28:33.614608,LoopNet API,29771223,"[[-77.599426, 43.193142], [-77.599521, 43.192894], [-77.599646, 43.193356]]",3083,Office
,,,252921,,2026-03-25T11:28:33.614611,LoopNet API,25271303,"[[-77.652613, 43.187679]]",4268,Multi-Family
,,,1324847,,2026-03-25T11:28:33.614614,LoopNet API,37144799,"[[-77.445522, 43.127799], [-77.446778, 43.126919]]",2538,Retail
,,,1407535,,2026-03-25T12:11:45.721580,LoopNet API,33157222,"[[-77.629305, 43.193999]]",3607,Industrial
,,,1790546,,2026-03-25T12:11:45.721602,LoopNet API,39251110,"[[-77.477505, 43.204216]]",3686,Multi-Family
,,,375780,,2026-03-25T12:11:45.721608,LoopNet API,39871963,"[[-77.61928, 43.103326]]",2451,Industrial
,,,1344073,,2026-03-25T12:11:45.721612,LoopNet API,39854150,"[[-77.606577, 43.071999]]",735,Industrial
,,,828933,,2026-03-25T12:11:45.721616,LoopNet API,39817288,"[[-77.630988, 43.19586]]",2659,Office
,,,1687938,,2026-03-25T12:11:45.721620,LoopNet API,39712189,"[[-77.678778, 43.108532]]",871,Retail
,,,1016723,,2026-03-25T12:11:45.721623,LoopNet API,39625204,"[[-77.7088, 43.146607]]",1200,Office
,,,870967,,2026-03-25T12:11:45.721627,LoopNet API,39616616,"[[-77.696694, 43.183124]]",1632,Office
,,,1731658,,2026-03-25T12:11:45.721630,LoopNet API,39602403,"[[-77.452169, 43.208601]]",4593,Retail
,,,1456961,,2026-03-25T12:11:45.721634,LoopNet API,39587954,"[[-77.699985, 43.149222]]",1589,Industrial
,,,1844573,,2026-03-25T12:11:45.721637,LoopNet API,39577570,"[[-77.732154, 43.217996]]",3921,Multi-Family
,,,455208,,2026-03-25T12:11:45.721640,LoopNet API,39558241,"[[-77.486755, 43.079174]]",1971,Office
,,,1483938,,2026-03-25T12:11:45.721643,LoopNet API,39432321,"[[-77.603237, 43.115479]]",1850,Multi-Family
,,,1818047,,2026-03-25T12:11:45.721646,LoopNet API,39402981,"[[-77.569621, 43.201708]]",3365,Office
,,,1992761,,2026-03-25T12:11:45.721649,LoopNet API,39388644,"[[-77.583062, 43.163556]]",3192,Office
,,,1487818,,2026-03-25T12:11:45.721652,LoopNet API,39323587,"[[-77.628679, 43.099292]]",1006,Multi-Family
,,,1867397,,2026-03-25T12:11:45.721655,LoopNet API,39322261,"[[-77.628546, 43.135555], [-77.62244, 43.13992], [-77.62866, 43.13642], [-77.64013, 43.12885]]",2550,Multi-Family
,,,1270633,,2026-03-25T12:11:45.721659,LoopNet API,39317559,"[[-77.652737, 43.184384]]",1632,Office
,,,1816813,,2026-03-25T12:11:45.721662,LoopNet API,39302800,"[[-77.687407, 43.208923]]",3842,Multi-Family
,,,1072487,,2026-03-25T12:11:45.721665,LoopNet API,39292350,"[[-77.621133, 43.082114]]",1801,Office
,,,478187,,2026-03-25T12:11:45.721668,LoopNet API,39270340,"[[-77.596377, 43.140599], [-77.595678, 43.140665], [-77.596294, 43.140951], [-77.596385, 43.140912], [-77.596329, 43.140442]]",2059,Industrial
,,,280788,,2026-03-25T12:11:45.721672,LoopNet API,39265429,"[[-77.579476, 43.138666]]",3239,Office
,,,1288466,,2026-03-25T12:11:45.721675,LoopNet API,39265207,"[[-77.579987, 43.150797]]",3571,Retail
,,,587671,,2026-03-25T12:11:45.721678,LoopNet API,39228650,"[[-77.615279, 43.101188]]",3143,Retail
,,,1244616,,2026-03-25T12:11:45.721681,LoopNet API,39172088,"[[-77.674289, 43.111963]]",4702,Office
,,,932071,,2026-03-25T12:11:45.721684,LoopNet API,39113038,"[[-77.641053, 43.146858]]",1815,Multi-Family
,,,916074,,2026-03-25T12:11:45.721688,LoopNet API,39108272,"[[-77.63549, 43.154894]]",3782,Office
,,,1045599,,2026-03-25T12:11:45.721691,LoopNet API,39082310,"[[-77.607652, 43.180298]]",1226,Multi-Family
,,,157385,,2026-03-25T12:11:45.721694,LoopNet API,39042100,"[[-77.632072, 43.179548]]",2461,Retail
,,,1011517,,2026-03-25T12:11:45.721697,LoopNet API,39031619,"[[-77.559786, 43.169987]]",3334,Multi-Family
,,,1461784,,2026-03-25T12:11:45.721700,LoopNet API,38973075,"[[-77.586832, 43.150226]]",4675,Industrial
,,,1332788,,2026-03-25T12:11:45.721703,LoopNet API,38816016,"[[-77.66101, 43.149414]]",2874,Multi-Family
,,,1003219,,2026-03-25T12:11:45.721706,LoopNet API,38794915,"[[-77.651745, 43.145283]]",1616,Office
,,,1295617,,2026-03-25T12:11:45.721709,LoopNet API,38693769,"[[-77.642082, 43.222331]]",1141,Industrial
,,,102401,,2026-03-25T12:11:45.721712,LoopNet API,38658005,"[[-77.649384, 43.161883]]",2998,Office
,,,1837692,,2026-03-25T12:11:45.721715,LoopNet API,38636419,"[[-77.626949, 43.16643], [-77.600855, 43.173812]]",2685,Multi-Family
,,,937546,,2026-03-25T12:11:45.721718,LoopNet API,38636410,"[[-77.661895, 43.046676]]",719,Multi-Family
,,,1049282,,2026-03-25T12:11:45.721721,LoopNet API,38610227,"[[-77.564976, 43.14901]]",4294,Office
,,,1010366,,2026-03-25T12:11:45.721724,LoopNet API,38579493,"[[-77.65508, 43.153301]]",2836,Industrial
,,,754962,,2026-03-25T12:11:45.721727,LoopNet API,38553022,"[[-77.599309, 43.157494]]",4070,Multi-Family
,,,1762443,,2026-03-25T12:11:45.721730,LoopNet API,38530756,"[[-77.59832, 43.159179]]",680,Multi-Family
,,,1817667,,2026-03-25T12:11:45.721734,LoopNet API,38530691,"[[-77.599626, 43.159095]]",1800,Multi-Family
,,,590902,,2026-03-25T12:11:45.721737,LoopNet API,38500653,"[[-77.59903, 43.142998]]",3479,Office
,,,718395,,2026-03-25T12:11:45.721740,LoopNet API,38455770,"[[-77.63365, 43.197508]]",4337,Office
,,,751781,,2026-03-25T12:11:45.721742,LoopNet API,38433685,"[[-77.509827, 43.178265]]",2355,Industrial
,,,1123288,,2026-03-25T12:11:45.721745,LoopNet API,38423222,"[[-77.670455, 43.205365]]",3947,Office
,,,558665,,2026-03-25T12:11:45.721748,LoopNet API,38410033,"[[-77.612807, 43.165168]]",2099,Retail
,,,1653406,,2026-03-25T12:11:45.721751,LoopNet API,38391803,"[[-77.69616, 43.221334]]",1071,Industrial
,,,694663,,2026-03-25T12:11:45.721754,LoopNet API,38357735,"[[-77.61102, 43.25571]]",1861,Office
,,,1682648,,2026-03-25T12:11:45.721757,LoopNet API,38353121,"[[-77.487226, 43.118583]]",3860,Industrial
,,,1774844,,2026-03-25T12:11:45.721760,LoopNet API,38337053,"[[-77.736792, 43.182119]]",2033,Retail
,,,112672,,2026-03-25T12:11:45.721763,LoopNet API,38306416,"[[-77.618951, 43.10377], [-77.619241, 43.104197]]",1935,Office
,,,302562,,2026-03-25T12:11:45.721766,LoopNet API,38263561,"[[-77.66493, 43.131087]]",1604,Office
,,,1080742,,2026-03-25T12:11:45.721770,LoopNet API,38223668,"[[-77.508242, 43.18241]]",796,Retail
,,,371905,,2026-03-25T12:11:45.721773,LoopNet API,38013173,"[[-77.653018, 43.149681]]",2622,Retail
,,,1828312,,2026-03-25T12:11:45.721776,LoopNet API,37994174,"[[-77.675616, 43.037633]]",2759,Office
,,,1372227,,2026-03-25T12:11:45.721779,LoopNet API,37974523,"[[-77.606928, 43.160039]]",1210,Retail
,,,467236,,2026-03-25T12:11:45.721782,LoopNet API,37938064,"[[-77.609412, 43.159125]]",1199,Multi-Family
,,,1963549,,2026-03-25T12:11:45.721785,LoopNet API,37863022,"[[-77.66444, 43.13292]]",1378,Retail
,,,1460946,,2026-03-25T12:11:45.721788,LoopNet API,37840949,"[[-77.607784, 43.14062]]",3289,Multi-Family
,,,398653,,2026-03-25T12:11:45.721791,LoopNet API,37766162,"[[-77.659114, 43.15824]]",2564,Industrial
,,,1620391,,2026-03-25T12:11:45.721794,LoopNet API,37685380,"[[-77.640861, 43.080778]]",1335,Multi-Family
,,,1539402,,2026-03-25T12:11:45.721797,LoopNet API,37564679,"[[-77.601539, 43.089175], [-77.602465, 43.089255]]",1538,Office
,,,872473,,2026-03-25T12:11:45.721800,LoopNet API,37409507,"[[-77.703288, 43.18576]]",2932,Retail
,,,1731577,,2026-03-25T12:11:45.721803,LoopNet API,37029121,"[[-77.704267, 43.185293]]",2932,Industrial
,,,549171,,2026-03-25T12:11:45.721808,LoopNet API,36999876,"[[-77.618147, 43.103253]]",2396,Industrial
,,,958141,,2026-03-25T12:11:45.721811,LoopNet API,36911005,"[[-77.665334, 43.133994]]",500,Industrial
,,,1192503,,2026-03-25T12:11:45.721814,LoopNet API,36845807,"[[-77.521768, 43.091687]]",2860,Office
,,,247109,,2026-03-25T12:11:45.721818,LoopNet API,36693922,"[[-77.618859, 43.102351]]",530,Industrial
,,,1453795,,2026-03-25T12:11:45.721821,LoopNet API,36611613,"[[-77.628904, 43.174154]]",1562,Industrial
,,,1098645,,2026-03-25T12:11:45.721824,LoopNet API,36398849,"[[-77.581112, 43.0941]]",554,Industrial
,,,1091792,,2026-03-25T12:11:45.721827,LoopNet API,35789458,"[[-77.710627, 43.146659]]",557,Multi-Family
,,,543313,,2026-03-25T12:11:45.721830,LoopNet API,35561380,"[[-77.603447, 43.147115]]",1653,Multi-Family
,,,845029,,2026-03-25T12:11:45.721833,LoopNet API,35143152,"[[-77.595747, 43.138909]]",4338,Multi-Family
,,,1917550,,2026-03-25T12:11:45.721836,LoopNet API,35079036,"[[-77.668244, 43.165093]]",4161,Multi-Family
,,,791136,,2026-03-25T12:11:45.721839,LoopNet API,35029105,"[[-77.593411, 43.12617]]",3741,Retail
,,,1669476,,2026-03-25T12:11:45.721842,LoopNet API,34615706,"[[-77.631762, 43.087828]]",3204,Multi-Family
,,,1690844,,2026-03-25T12:11:45.721848,LoopNet API,34483921,"[[-77.628616, 43.135441]]",2353,Retail
,,,1744148,,2026-03-25T12:11:45.721851,LoopNet API,33831590,"[[-77.761502, 43.097409]]",1308,Office
,,,452379,,2026-03-25T12:11:45.721854,LoopNet API,33830092,"[[-77.734078, 43.095041]]",3260,Industrial
,,,1066092,,2026-03-25T12:11:45.721857,LoopNet API,33162249,"[[-77.611413, 43.155727]]",2068,Multi-Family
,,,201609,,2026-03-25T12:11:45.721861,LoopNet API,33041169,"[[-77.593028, 43.146437]]",1060,Industrial
,,,1025145,,2026-03-25T12:11:45.721864,LoopNet API,32968464,"[[-77.589541, 43.144419]]",3393,Retail
,,,1273242,,2026-03-25T12:11:45.721867,LoopNet API,32876301,"[[-77.693209, 43.210131]]",4382,Industrial
,,,1222263,,2026-03-25T12:11:45.721871,LoopNet API,32654787,"[[-77.650142, 43.135638]]",1956,Office
,,,925474,,2026-03-25T12:11:45.721874,LoopNet API,32554456,"[[-77.615191, 43.159897]]",711,Multi-Family
,,,1208363,,2026-03-25T12:11:45.721877,LoopNet API,32108855,"[[-77.561308, 43.204157]]",4590,Office
,,,533693,,2026-03-25T12:11:45.721880,LoopNet API,31478200,"[[-77.673524, 43.109445]]",3711,Industrial
,,,1281884,,2026-03-25T12:11:45.721883,LoopNet API,31300848,"[[-77.455286, 43.209852]]",1554,Office
,,,848993,,2026-03-25T12:11:45.721886,LoopNet API,30644543,"[[-77.623535, 43.147484]]",1096,Industrial
,,,1601114,,2026-03-25T12:11:45.721890,LoopNet API,30346044,"[[-77.608702, 43.156989]]",1128,Industrial
,,,1331289,,2026-03-25T12:11:45.721893,LoopNet API,29800269,"[[-77.5831, 43.092362]]",1192,Industrial
,,,1563376,,2026-03-25T12:11:45.721896,LoopNet API,29057874,"[[-77.636271, 43.0941]]",727,Industrial
,,,787560,,2026-03-25T12:11:45.721901,LoopNet API,28764317,"[[-74.193444, 40.921858], [-77.656597, 43.11786]]",4182,Retail
,,,1754761,,2026-03-25T12:11:45.721904,LoopNet API,28639149,"[[-77.620477, 43.086632]]",1867,Multi-Family
,,,527001,,2026-03-25T12:11:45.721907,LoopNet API,28431245,"[[-77.587104, 43.18259]]",4851,Industrial
,,,416828,,2026-03-25T12:11:45.721910,LoopNet API,27373913,"[[-77.616208, 43.068077]]",3983,Industrial
,,,1817461,,2026-03-25T12:11:45.721914,LoopNet API,25607807,"[[-77.561877, 43.175906]]",882,Industrial
,,,266842,,2026-03-25T12:11:45.721916,LoopNet API,25060286,"[[-77.731417, 43.213995]]",2735,Office
,,,440506,,2026-03-25T12:11:45.721919,LoopNet API,24504892,"[[-77.602434, 43.161704]]",590,Office
,,,167947,,2026-03-25T12:11:45.721922,LoopNet API,22039846,"[[-77.711586, 43.210741]]",3725,Multi-Family
,,,129313,,2026-03-25T12:11:45.721925,LoopNet API,18800479,"[[-77.697693, 43.105656]]",1766,Retail
,,,804189,,2026-03-25T12:11:45.721928,LoopNet API,16334777,"[[-77.735362, 43.214659]]",1748,Retail
,,,1253475,,2026-03-25T12:11:45.721931,LoopNet API,9282621,"[[-77.66594, 43.014168]]",4040,Retail
,,,1203952,,2026-03-25T12:11:45.721934,LoopNet API,39690768,"[[-77.636795, 43.199908]]",2090,Office
,,,527934,,2026-03-25T12:11:45.721937,LoopNet API,39543460,"[[-77.598923, 43.210388]]",1879,Retail
,,,663324,,2026-03-25T12:11:45.721940,LoopNet API,39135136,"[[-77.450523, 43.107187]]",1866,Office
,,,614970,,2026-03-25T12:11:45.721943,LoopNet API,38704259,"[[-77.695072, 43.217637]]",2364,Industrial
,,,524251,,2026-03-25T12:11:45.721946,LoopNet API,37835183,"[[-77.689202, 43.184202]]",1767,Industrial
,,,499370,,2026-03-25T12:11:45.721950,LoopNet API,37802144,"[[-77.729757, 43.216637]]",4375,Industrial
,,,1502744,,2026-03-25T12:11:45.721953,LoopNet API,37685159,"[[-77.507708, 43.180254]]",2451,Multi-Family
,,,1101902,,2026-03-25T12:11:45.721956,LoopNet API,37672628,"[[-77.58338, 43.161273]]",3200,Office
,,,1538139,,2026-03-25T12:11:45.721959,LoopNet API,36753479,"[[-77.609031, 43.188089]]",1757,Office
,,,411530,,2026-03-25T12:11:45.721962,LoopNet API,35918214,"[[-77.598063, 43.158212]]",4986,Industrial
,,,657856,,2026-03-25T12:11:45.721965,LoopNet API,34615563,"[[-77.606169, 43.123466]]",2822,Industrial
,,,891417,,2026-03-25T12:11:45.721968,LoopNet API,33967070,"[[-77.600692, 43.090541]]",3283,Industrial
,,,679543,,2026-03-25T12:11:45.721971,LoopNet API,33594054,"[[-77.59515, 43.197256]]",4378,Retail
,,,1825495,,2026-03-25T12:11:45.721974,LoopNet API,33563624,"[[-77.670594, 43.205411]]",3215,Industrial
,,,1566982,,2026-03-25T12:11:45.721977,LoopNet API,31365120,"[[-77.617893, 43.104205]]",2349,Office
,,,1977880,,2026-03-25T12:11:45.721980,LoopNet API,31072254,"[[-77.672354, 43.208394]]",2549,Industrial
,,,927055,,2026-03-25T12:11:45.721983,LoopNet API,29679893,"[[-77.625991, 43.083275]]",1167,Office
,,,938367,,2026-03-25T12:11:45.721986,LoopNet API,28677556,"[[-77.496353, 43.128384]]",1034,Industrial
,,,716674,,2026-03-25T12:11:45.721990,LoopNet API,27340026,"[[-77.596171, 43.094725]]",4713,Multi-Family
,,,1051716,,2026-03-25T12:11:45.721993,LoopNet API,25423067,"[[-77.660068, 43.189489]]",4076,Office
,,,1029430,,2026-03-25T12:11:45.721996,LoopNet API,39240335,"[[-77.626972, 43.266573]]",3309,Retail
,,,188185,,2026-03-25T12:11:45.721998,LoopNet API,38506503,"[[-77.722156, 43.147954]]",4806,Multi-Family
,,,1207956,,2026-03-25T12:11:45.722001,LoopNet API,39688759,"[[-77.491895, 43.134963]]",1993,Multi-Family
,,,1036369,,2026-03-25T12:11:45.722004,LoopNet API,39866272,"[[-77.607339, 43.155657]]",4775,Industrial
,,,1172484,,2026-03-25T12:11:45.722007,LoopNet API,39493768,"[[-77.652739, 43.183327]]",1675,Office
,,,1562632,,2026-03-25T12:11:45.722011,LoopNet API,39179151,"[[-77.637042, 43.21747]]",1207,Multi-Family
,,,169522,,2026-03-25T12:11:45.722014,LoopNet API,39135313,"[[-77.59963, 43.147174]]",2113,Office
,,,1586840,,2026-03-25T12:11:45.722017,LoopNet API,39029056,"[[-77.629854, 43.253288]]",4386,Industrial
,,,1392838,,2026-03-25T12:11:45.722021,LoopNet API,38805754,"[[-77.609516, 43.159373], [-77.60937, 43.159498], [-77.609022, 43.159498]]",3240,Multi-Family
,,,1034744,,2026-03-25T12:11:45.722023,LoopNet API,38672790,"[[-77.695841, 43.252085]]",3811,Industrial
,,,1059809,,2026-03-25T12:11:45.722026,LoopNet API,38657835,"[[-77.680431, 43.165312]]",824,Office
,,,622931,,2026-03-25T12:11:45.722029,LoopNet API,38642840,"[[-77.63687, 43.178827], [-77.642536, 43.179533], [-77.642392, 43.179532], [-77.62665, 43.14951], [-77.62825, 43.15788], [-77.60167, 43.17348], [-77.64267, 43.17865], [-77.574784, 43.159554], [-77.642874, 43.178356], [-77.64269, 43.17833], [-77.648616, 43.175477]]",3849,Retail
,,,507601,,2026-03-25T12:11:45.722032,LoopNet API,38392450,"[[-77.563914, 43.165658]]",2860,Office
,,,301647,,2026-03-25T12:11:45.722036,LoopNet API,38349243,"[[-77.630426, 43.152136]]",1149,Multi-Family
,,,1204672,,2026-03-25T12:11:45.722038,LoopNet API,38336132,"[[-77.606721, 43.148846]]",2964,Industrial
,,,1927399,,2026-03-25T12:11:45.722041,LoopNet API,37642625,"[[-77.521411, 43.091164]]",4969,Industrial
,,,479497,,2026-03-25T12:11:45.722044,LoopNet API,37635578,"[[-77.605897, 43.163075]]",874,Office
,,,131659,,2026-03-25T12:11:45.722047,LoopNet API,37597791,"[[-77.622107, 43.237705], [-77.650804, 43.149728], [-77.621603, 43.239027]]",3130,Retail
,,,607606,,2026-03-25T12:11:45.722050,LoopNet API,36759255,"[[-77.555457, 43.176733]]",1569,Office
,,,1843117,,2026-03-25T12:11:45.722053,LoopNet API,36720805,"[[-77.507789, 43.181558]]",3325,Office
,,,1033421,,2026-03-25T12:11:45.722056,LoopNet API,36541756,"[[-77.609937, 43.162058]]",4267,Industrial
,,,200138,,2026-03-25T12:11:45.722059,LoopNet API,36012352,"[[-77.547591, 43.226692]]",3272,Retail
,,,1047225,,2026-03-25T12:11:45.722062,LoopNet API,35743582,"[[-77.552951, 43.1471]]",4855,Office
,,,176888,,2026-03-25T12:11:45.722065,LoopNet API,35635912,"[[-77.663813, 43.204382]]",2432,Retail
,,,396525,,2026-03-25T12:11:45.722068,LoopNet API,33872004,"[[-77.483396, 43.203826]]",506,Office
,,,1363835,,2026-03-25T12:11:45.722072,LoopNet API,33820009,"[[-77.599713, 43.172094]]",1025,Industrial
,,,1964496,,2026-03-25T12:11:45.722075,LoopNet API,33012857,"[[-77.750032, 43.254493]]",1746,Industrial
,,,1632863,,2026-03-25T12:11:45.722078,LoopNet API,32888406,"[[-77.658047, 43.128951]]",902,Multi-Family
,,,679655,,2026-03-25T12:11:45.722080,LoopNet API,32669501,"[[-77.438521, 43.130325]]",804,Retail
,,,282025,,2026-03-25T12:11:45.722083,LoopNet API,30842456,"[[-77.645307, 43.123657]]",2075,Retail
,,,366546,,2026-03-25T12:11:45.722086,LoopNet API,30058882,"[[-77.650628, 43.131562]]",1089,Multi-Family
,,,1994092,,2026-03-25T12:11:45.722089,LoopNet API,28535219,"[[-77.640383, 43.058454]]",3143,Industrial
,,,649291,,2026-03-25T12:11:45.722092,LoopNet API,25194189,"[[-77.5988, 43.20861]]",1778,Industrial
,,,112198,,2026-03-25T12:11:45.722095,LoopNet API,37336938,"[[-77.68565, 43.186082]]",4936,Retail
,,,1770119,,2026-03-25T12:11:45.722098,LoopNet API,35191239,"[[-77.462175, 43.110628]]",2814,Industrial
,,,746650,,2026-03-25T12:11:45.722101,LoopNet API,29771223,"[[-77.599426, 43.193142], [-77.599521, 43.192894], [-77.599646, 43.193356]]",3112,Industrial
,,,1557476,,2026-03-25T12:11:45.722104,LoopNet API,25271303,"[[-77.652613, 43.187679]]",4675,Multi-Family
,,,648743,,2026-03-25T12:11:45.722107,LoopNet API,37144799,"[[-77.445522, 43.127799], [-77.446778, 43.126919]]",3931,Retail
,,,302888,,2026-03-25T12:37:29.885720,LoopNet API,33157222,"[[-77.629305, 43.193999]]",4497,Retail
,,,531783,,2026-03-25T12:37:29.885738,LoopNet API,39251110,"[[-77.477505, 43.204216]]",3470,Retail
,,,1471130,,2026-03-25T12:37:29.885744,LoopNet API,39871963,"[[-77.61928, 43.103326]]",4443,Multi-Family
,,,1556453,,2026-03-25T12:37:29.885747,LoopNet API,39854150,"[[-77.606577, 43.071999]]",1022,Multi-Family
,,,915005,,2026-03-25T12:37:29.885751,LoopNet API,39817288,"[[-77.630988, 43.19586]]",1898,Industrial
,,,1023165,,2026-03-25T12:37:29.885754,LoopNet API,39712189,"[[-77.678778, 43.108532]]",708,Industrial
,,,619686,,2026-03-25T12:37:29.885758,LoopNet API,39625204,"[[-77.7088, 43.146607]]",3418,Office
,,,1794473,,2026-03-25T12:37:29.885761,LoopNet API,39616616,"[[-77.696694, 43.183124]]",2652,Industrial
,,,1636840,,2026-03-25T12:37:29.885764,LoopNet API,39602403,"[[-77.452169, 43.208601]]",1878,Office
,,,1376372,,2026-03-25T12:37:29.885767,LoopNet API,39587954,"[[-77.699985, 43.149222]]",4791,Retail
,,,1601818,,2026-03-25T12:37:29.885769,LoopNet API,39577570,"[[-77.732154, 43.217996]]",4377,Industrial
,,,148900,,2026-03-25T12:37:29.885772,LoopNet API,39558241,"[[-77.486755, 43.079174]]",4332,Office
,,,757791,,2026-03-25T12:37:29.885775,LoopNet API,39432321,"[[-77.603237, 43.115479]]",4264,Retail
,,,742866,,2026-03-25T12:37:29.885777,LoopNet API,39402981,"[[-77.569621, 43.201708]]",4807,Industrial
,,,838806,,2026-03-25T12:37:29.885780,LoopNet API,39388644,"[[-77.583062, 43.163556]]",2889,Retail
,,,376428,,2026-03-25T12:37:29.885783,LoopNet API,39323587,"[[-77.628679, 43.099292]]",3238,Industrial
,,,163919,,2026-03-25T12:37:29.885785,LoopNet API,39322261,"[[-77.628546, 43.135555], [-77.62244, 43.13992], [-77.62866, 43.13642], [-77.64013, 43.12885]]",4503,Office
,,,869332,,2026-03-25T12:37:29.885788,LoopNet API,39317559,"[[-77.652737, 43.184384]]",2219,Office
,,,786419,,2026-03-25T12:37:29.885791,LoopNet API,39302800,"[[-77.687407, 43.208923]]",3556,Retail
,,,1483845,,2026-03-25T12:37:29.885793,LoopNet API,39292350,"[[-77.621133, 43.082114]]",2793,Retail
,,,357015,,2026-03-25T12:37:29.885796,LoopNet API,39270340,"[[-77.596377, 43.140599], [-77.595678, 43.140665], [-77.596294, 43.140951], [-77.596385, 43.140912], [-77.596329, 43.140442]]",3296,Multi-Family
,,,1771496,,2026-03-25T12:37:29.885799,LoopNet API,39265429,"[[-77.579476, 43.138666]]",2866,Industrial
,,,1235337,,2026-03-25T12:37:29.885802,LoopNet API,39265207,"[[-77.579987, 43.150797]]",3160,Multi-Family
,,,1374530,,2026-03-25T12:37:29.885804,LoopNet API,39228650,"[[-77.615279, 43.101188]]",3984,Office
,,,676993,,2026-03-25T12:37:29.885807,LoopNet API,39172088,"[[-77.674289, 43.111963]]",4039,Office
,,,918060,,2026-03-25T12:37:29.885810,LoopNet API,39113038,"[[-77.641053, 43.146858]]",4022,Multi-Family
,,,448788,,2026-03-25T12:37:29.885812,LoopNet API,39108272,"[[-77.63549, 43.154894]]",1661,Office
,,,829469,,2026-03-25T12:37:29.885815,LoopNet API,39082310,"[[-77.607652, 43.180298]]",2027,Industrial
,,,913008,,2026-03-25T12:37:29.885817,LoopNet API,39042100,"[[-77.632072, 43.179548]]",2075,Retail
,,,1613992,,2026-03-25T12:37:29.885820,LoopNet API,39031619,"[[-77.559786, 43.169987]]",4381,Retail
,,,1233152,,2026-03-25T12:37:29.885823,LoopNet API,38973075,"[[-77.586832, 43.150226]]",3859,Retail
,,,1071938,,2026-03-25T12:37:29.885826,LoopNet API,38816016,"[[-77.66101, 43.149414]]",2251,Retail
,,,866249,,2026-03-25T12:37:29.885828,LoopNet API,38794915,"[[-77.651745, 43.145283]]",4689,Office
,,,950818,,2026-03-25T12:37:29.885832,LoopNet API,38693769,"[[-77.642082, 43.222331]]",4404,Industrial
,,,1853952,,2026-03-25T12:37:29.885834,LoopNet API,38658005,"[[-77.649384, 43.161883]]",4389,Industrial
,,,692563,,2026-03-25T12:37:29.885837,LoopNet API,38636419,"[[-77.626949, 43.16643], [-77.600855, 43.173812]]",2106,Multi-Family
,,,1105861,,2026-03-25T12:37:29.885839,LoopNet API,38636410,"[[-77.661895, 43.046676]]",2392,Multi-Family
,,,329424,,2026-03-25T12:37:29.885842,LoopNet API,38610227,"[[-77.564976, 43.14901]]",1168,Multi-Family
,,,1026564,,2026-03-25T12:37:29.885844,LoopNet API,38579493,"[[-77.65508, 43.153301]]",3178,Office
,,,141731,,2026-03-25T12:37:29.885847,LoopNet API,38553022,"[[-77.599309, 43.157494]]",800,Retail
,,,563204,,2026-03-25T12:37:29.885849,LoopNet API,38530756,"[[-77.59832, 43.159179]]",911,Office
,,,904821,,2026-03-25T12:37:29.885852,LoopNet API,38530691,"[[-77.599626, 43.159095]]",3712,Industrial
,,,1021915,,2026-03-25T12:37:29.885855,LoopNet API,38500653,"[[-77.59903, 43.142998]]",4678,Industrial
,,,1408201,,2026-03-25T12:37:29.885858,LoopNet API,38455770,"[[-77.63365, 43.197508]]",2449,Multi-Family
,,,1797779,,2026-03-25T12:37:29.885860,LoopNet API,38433685,"[[-77.509827, 43.178265]]",4387,Retail
,,,368691,,2026-03-25T12:37:29.885862,LoopNet API,38423222,"[[-77.670455, 43.205365]]",3494,Office
,,,1059002,,2026-03-25T12:37:29.885865,LoopNet API,38410033,"[[-77.612807, 43.165168]]",624,Multi-Family
,,,305232,,2026-03-25T12:37:29.885867,LoopNet API,38391803,"[[-77.69616, 43.221334]]",1424,Multi-Family
,,,1062572,,2026-03-25T12:37:29.885870,LoopNet API,38357735,"[[-77.61102, 43.25571]]",1468,Multi-Family
,,,1075078,,2026-03-25T12:37:29.885873,LoopNet API,38353121,"[[-77.487226, 43.118583]]",4695,Multi-Family
,,,142340,,2026-03-25T12:37:29.885875,LoopNet API,38337053,"[[-77.736792, 43.182119]]",4331,Multi-Family
,,,955881,,2026-03-25T12:37:29.885878,LoopNet API,38306416,"[[-77.618951, 43.10377], [-77.619241, 43.104197]]",2165,Industrial
,,,511517,,2026-03-25T12:37:29.885881,LoopNet API,38263561,"[[-77.66493, 43.131087]]",945,Industrial
,,,1980842,,2026-03-25T12:37:29.885884,LoopNet API,38223668,"[[-77.508242, 43.18241]]",891,Office
,,,730088,,2026-03-25T12:37:29.885886,LoopNet API,38013173,"[[-77.653018, 43.149681]]",4746,Industrial
,,,1420411,,2026-03-25T12:37:29.885889,LoopNet API,37994174,"[[-77.675616, 43.037633]]",1217,Retail
,,,1789462,,2026-03-25T12:37:29.885891,LoopNet API,37974523,"[[-77.606928, 43.160039]]",4430,Retail
,,,278761,,2026-03-25T12:37:29.885894,LoopNet API,37938064,"[[-77.609412, 43.159125]]",2515,Multi-Family
,,,757830,,2026-03-25T12:37:29.885897,LoopNet API,37863022,"[[-77.66444, 43.13292]]",735,Industrial
,,,1431005,,2026-03-25T12:37:29.885899,LoopNet API,37840949,"[[-77.607784, 43.14062]]",1364,Industrial
,,,1846558,,2026-03-25T12:37:29.885902,LoopNet API,37766162,"[[-77.659114, 43.15824]]",1858,Office
,,,1368754,,2026-03-25T12:37:29.885904,LoopNet API,37685380,"[[-77.640861, 43.080778]]",1397,Retail
,,,1681681,,2026-03-25T12:37:29.885907,LoopNet API,37564679,"[[-77.601539, 43.089175], [-77.602465, 43.089255]]",4546,Retail
,,,436853,,2026-03-25T12:37:29.885909,LoopNet API,37409507,"[[-77.703288, 43.18576]]",2989,Office
,,,1310957,,2026-03-25T12:37:29.885912,LoopNet API,37029121,"[[-77.704267, 43.185293]]",2097,Industrial
,,,937997,,2026-03-25T12:37:29.885916,LoopNet API,36999876,"[[-77.618147, 43.103253]]",4841,Industrial
,,,1113341,,2026-03-25T12:37:29.885919,LoopNet API,36911005,"[[-77.665334, 43.133994]]",1345,Industrial
,,,1889697,,2026-03-25T12:37:29.885921,LoopNet API,36845807,"[[-77.521768, 43.091687]]",4784,Office
,,,825481,,2026-03-25T12:37:29.885924,LoopNet API,36693922,"[[-77.618859, 43.102351]]",4052,Industrial
,,,1873565,,2026-03-25T12:37:29.885927,LoopNet API,36611613,"[[-77.628904, 43.174154]]",1720,Office
,,,471649,,2026-03-25T12:37:29.885929,LoopNet API,36398849,"[[-77.581112, 43.0941]]",1075,Industrial
,,,1633441,,2026-03-25T12:37:29.885932,LoopNet API,35789458,"[[-77.710627, 43.146659]]",4208,Industrial
,,,271391,,2026-03-25T12:37:29.885935,LoopNet API,35561380,"[[-77.603447, 43.147115]]",1361,Office
,,,1154173,,2026-03-25T12:37:29.885937,LoopNet API,35143152,"[[-77.595747, 43.138909]]",2599,Multi-Family
,,,1851383,,2026-03-25T12:37:29.885940,LoopNet API,35079036,"[[-77.668244, 43.165093]]",2408,Retail
,,,1712895,,2026-03-25T12:37:29.885943,LoopNet API,35029105,"[[-77.593411, 43.12617]]",2242,Office
,,,1367961,,2026-03-25T12:37:29.885945,LoopNet API,34615706,"[[-77.631762, 43.087828]]",1569,Industrial
,,,1588877,,2026-03-25T12:37:29.885950,LoopNet API,34483921,"[[-77.628616, 43.135441]]",2095,Multi-Family
,,,1890574,,2026-03-25T12:37:29.885953,LoopNet API,33831590,"[[-77.761502, 43.097409]]",2133,Office
,,,754916,,2026-03-25T12:37:29.885956,LoopNet API,33830092,"[[-77.734078, 43.095041]]",3252,Retail
,,,703566,,2026-03-25T12:37:29.885959,LoopNet API,33162249,"[[-77.611413, 43.155727]]",2901,Industrial
,,,1224850,,2026-03-25T12:37:29.885962,LoopNet API,33041169,"[[-77.593028, 43.146437]]",3135,Industrial
,,,451618,,2026-03-25T12:37:29.885964,LoopNet API,32968464,"[[-77.589541, 43.144419]]",4751,Multi-Family
,,,320854,,2026-03-25T12:37:29.885967,LoopNet API,32876301,"[[-77.693209, 43.210131]]",1706,Industrial
,,,1452721,,2026-03-25T12:37:29.885970,LoopNet API,32654787,"[[-77.650142, 43.135638]]",4444,Retail
,,,356835,,2026-03-25T12:37:29.885973,LoopNet API,32554456,"[[-77.615191, 43.159897]]",3150,Retail
,,,1977029,,2026-03-25T12:37:29.885976,LoopNet API,32108855,"[[-77.561308, 43.204157]]",3141,Industrial
,,,1267472,,2026-03-25T12:37:29.885978,LoopNet API,31478200,"[[-77.673524, 43.109445]]",4033,Office
,,,856829,,2026-03-25T12:37:29.885981,LoopNet API,31300848,"[[-77.455286, 43.209852]]",1245,Retail
,,,681445,,2026-03-25T12:37:29.885984,LoopNet API,30644543,"[[-77.623535, 43.147484]]",4232,Industrial
,,,300568,,2026-03-25T12:37:29.885987,LoopNet API,30346044,"[[-77.608702, 43.156989]]",1558,Office
,,,1107614,,2026-03-25T12:37:29.885990,LoopNet API,29800269,"[[-77.5831, 43.092362]]",866,Office
,,,1655446,,2026-03-25T12:37:29.885993,LoopNet API,29057874,"[[-77.636271, 43.0941]]",1033,Office
,,,879953,,2026-03-25T12:37:29.885996,LoopNet API,28764317,"[[-74.193444, 40.921858], [-77.656597, 43.11786]]",826,Retail
,,,1001794,,2026-03-25T12:37:29.885999,LoopNet API,28639149,"[[-77.620477, 43.086632]]",1475,Office
,,,1444910,,2026-03-25T12:37:29.886002,LoopNet API,28431245,"[[-77.587104, 43.18259]]",802,Retail
,,,1110133,,2026-03-25T12:37:29.886005,LoopNet API,27373913,"[[-77.616208, 43.068077]]",1580,Multi-Family
,,,1034491,,2026-03-25T12:37:29.886008,LoopNet API,25607807,"[[-77.561877, 43.175906]]",4482,Industrial
,,,567919,,2026-03-25T12:37:29.886010,LoopNet API,25060286,"[[-77.731417, 43.213995]]",1994,Industrial
,,,1578535,,2026-03-25T12:37:29.886013,LoopNet API,24504892,"[[-77.602434, 43.161704]]",2205,Office
,,,148730,,2026-03-25T12:37:29.886016,LoopNet API,22039846,"[[-77.711586, 43.210741]]",1756,Office
,,,1991969,,2026-03-25T12:37:29.886019,LoopNet API,18800479,"[[-77.697693, 43.105656]]",2377,Office
,,,1693781,,2026-03-25T12:37:29.886021,LoopNet API,16334777,"[[-77.735362, 43.214659]]",2895,Industrial
,,,807703,,2026-03-25T12:37:29.886024,LoopNet API,9282621,"[[-77.66594, 43.014168]]",3943,Multi-Family
,,,836398,,2026-03-25T12:37:29.886027,LoopNet API,39690768,"[[-77.636795, 43.199908]]",3447,Multi-Family
,,,855326,,2026-03-25T12:37:29.886030,LoopNet API,39543460,"[[-77.598923, 43.210388]]",1754,Industrial
,,,1393389,,2026-03-25T12:37:29.886032,LoopNet API,39135136,"[[-77.450523, 43.107187]]",3421,Office
,,,165106,,2026-03-25T12:37:29.886035,LoopNet API,38704259,"[[-77.695072, 43.217637]]",4677,Office
,,,1652658,,2026-03-25T12:37:29.886038,LoopNet API,37835183,"[[-77.689202, 43.184202]]",989,Industrial
,,,1860955,,2026-03-25T12:37:29.886041,LoopNet API,37802144,"[[-77.729757, 43.216637]]",3891,Industrial
,,,1648037,,2026-03-25T12:37:29.886044,LoopNet API,37685159,"[[-77.507708, 43.180254]]",1566,Office
,,,951778,,2026-03-25T12:37:29.886047,LoopNet API,37672628,"[[-77.58338, 43.161273]]",2543,Retail
,,,441264,,2026-03-25T12:37:29.886049,LoopNet API,36753479,"[[-77.609031, 43.188089]]",3565,Retail
,,,310874,,2026-03-25T12:37:29.886052,LoopNet API,35918214,"[[-77.598063, 43.158212]]",1738,Multi-Family
,,,1023157,,2026-03-25T12:37:29.886054,LoopNet API,34615563,"[[-77.606169, 43.123466]]",1427,Multi-Family
,,,923294,,2026-03-25T12:37:29.886057,LoopNet API,33967070,"[[-77.600692, 43.090541]]",3614,Multi-Family
,,,583782,,2026-03-25T12:37:29.886060,LoopNet API,33594054,"[[-77.59515, 43.197256]]",1528,Retail
,,,1287350,,2026-03-25T12:37:29.886062,LoopNet API,33563624,"[[-77.670594, 43.205411]]",2000,Office
,,,1806817,,2026-03-25T12:37:29.886065,LoopNet API,31365120,"[[-77.617893, 43.104205]]",2921,Industrial
,,,569341,,2026-03-25T12:37:29.886067,LoopNet API,31072254,"[[-77.672354, 43.208394]]",4095,Retail
,,,1005444,,2026-03-25T12:37:29.886070,LoopNet API,29679893,"[[-77.625991, 43.083275]]",1944,Multi-Family
,,,777373,,2026-03-25T12:37:29.886082,LoopNet API,28677556,"[[-77.496353, 43.128384]]",1585,Retail
,,,718783,,2026-03-25T12:37:29.886085,LoopNet API,27340026,"[[-77.596171, 43.094725]]",4829,Industrial
,,,628217,,2026-03-25T12:37:29.886088,LoopNet API,25423067,"[[-77.660068, 43.189489]]",3641,Office
,,,1282662,,2026-03-25T12:37:29.886090,LoopNet API,39240335,"[[-77.626972, 43.266573]]",4172,Multi-Family
,,,522135,,2026-03-25T12:37:29.886093,LoopNet API,38506503,"[[-77.722156, 43.147954]]",4342,Multi-Family
,,,452702,,2026-03-25T12:37:29.886096,LoopNet API,39688759,"[[-77.491895, 43.134963]]",1623,Office
,,,468489,,2026-03-25T12:37:29.886098,LoopNet API,39866272,"[[-77.607339, 43.155657]]",3935,Retail
,,,1584990,,2026-03-25T12:37:29.886101,LoopNet API,39493768,"[[-77.652739, 43.183327]]",4762,Multi-Family
,,,530241,,2026-03-25T12:37:29.886105,LoopNet API,39179151,"[[-77.637042, 43.21747]]",4093,Industrial
,,,1421502,,2026-03-25T12:37:29.886108,LoopNet API,39135313,"[[-77.59963, 43.147174]]",2054,Office
,,,1421444,,2026-03-25T12:37:29.886111,LoopNet API,39029056,"[[-77.629854, 43.253288]]",3193,Office
,,,1879077,,2026-03-25T12:37:29.886113,LoopNet API,38805754,"[[-77.609516, 43.159373], [-77.60937, 43.159498], [-77.609022, 43.159498]]",1436,Retail
,,,136174,,2026-03-25T12:37:29.886116,LoopNet API,38672790,"[[-77.695841, 43.252085]]",3350,Office
,,,1090618,,2026-03-25T12:37:29.886118,LoopNet API,38657835,"[[-77.680431, 43.165312]]",3846,Industrial
,,,1519959,,2026-03-25T12:37:29.886121,LoopNet API,38642840,"[[-77.63687, 43.178827], [-77.642536, 43.179533], [-77.642392, 43.179532], [-77.62665, 43.14951], [-77.62825, 43.15788], [-77.60167, 43.17348], [-77.64267, 43.17865], [-77.574784, 43.159554], [-77.642874, 43.178356], [-77.64269, 43.17833], [-77.648616, 43.175477]]",539,Office
,,,251880,,2026-03-25T12:37:29.886124,LoopNet API,38392450,"[[-77.563914, 43.165658]]",1914,Multi-Family
,,,1089371,,2026-03-25T12:37:29.886126,LoopNet API,38349243,"[[-77.630426, 43.152136]]",2212,Multi-Family
,,,1071715,,2026-03-25T12:37:29.886129,LoopNet API,38336132,"[[-77.606721, 43.148846]]",4021,Office
,,,106559,,2026-03-25T12:37:29.886131,LoopNet API,37642625,"[[-77.521411, 43.091164]]",1204,Office
,,,771431,,2026-03-25T12:37:29.886134,LoopNet API,37635578,"[[-77.605897, 43.163075]]",4778,Industrial
,,,1444636,,2026-03-25T12:37:29.886136,LoopNet API,37597791,"[[-77.622107, 43.237705], [-77.650804, 43.149728], [-77.621603, 43.239027]]",870,Industrial
,,,1555176,,2026-03-25T12:37:29.886139,LoopNet API,36759255,"[[-77.555457, 43.176733]]",2942,Retail
,,,1360784,,2026-03-25T12:37:29.886141,LoopNet API,36720805,"[[-77.507789, 43.181558]]",4334,Multi-Family
,,,785369,,2026-03-25T12:37:29.886144,LoopNet API,36541756,"[[-77.609937, 43.162058]]",545,Multi-Family
,,,1522744,,2026-03-25T12:37:29.886147,LoopNet API,36012352,"[[-77.547591, 43.226692]]",3239,Retail
,,,1052272,,2026-03-25T12:37:29.886149,LoopNet API,35743582,"[[-77.552951, 43.1471]]",4841,Retail
,,,1788500,,2026-03-25T12:37:29.886152,LoopNet API,35635912,"[[-77.663813, 43.204382]]",3371,Office
,,,1755745,,2026-03-25T12:37:29.886154,LoopNet API,33872004,"[[-77.483396, 43.203826]]",4465,Retail
,,,390709,,2026-03-25T12:37:29.886158,LoopNet API,33820009,"[[-77.599713, 43.172094]]",1427,Multi-Family
,,,1080376,,2026-03-25T12:37:29.886161,LoopNet API,33012857,"[[-77.750032, 43.254493]]",2148,Office
,,,311740,,2026-03-25T12:37:29.886164,LoopNet API,32888406,"[[-77.658047, 43.128951]]",3760,Office
,,,771947,,2026-03-25T12:37:29.886166,LoopNet API,32669501,"[[-77.438521, 43.130325]]",4334,Multi-Family
,,,142539,,2026-03-25T12:37:29.886169,LoopNet API,30842456,"[[-77.645307, 43.123657]]",1615,Industrial
,,,1599362,,2026-03-25T12:37:29.886172,LoopNet API,30058882,"[[-77.650628, 43.131562]]",3984,Multi-Family
,,,1819028,,2026-03-25T12:37:29.886174,LoopNet API,28535219,"[[-77.640383, 43.058454]]",4742,Industrial
,,,634853,,2026-03-25T12:37:29.886177,LoopNet API,25194189,"[[-77.5988, 43.20861]]",3762,Industrial
,,,1233727,,2026-03-25T12:37:29.886180,LoopNet API,37336938,"[[-77.68565, 43.186082]]",4939,Office
,,,382591,,2026-03-25T12:37:29.886182,LoopNet API,35191239,"[[-77.462175, 43.110628]]",4669,Office
,,,1779797,,2026-03-25T12:37:29.886185,LoopNet API,29771223,"[[-77.599426, 43.193142], [-77.599521, 43.192894], [-77.599646, 43.193356]]",4530,Industrial
,,,130610,,2026-03-25T12:37:29.886188,LoopNet API,25271303,"[[-77.652613, 43.187679]]",1348,Office
,,,1571621,,2026-03-25T12:37:29.886190,LoopNet API,37144799,"[[-77.445522, 43.127799], [-77.446778, 43.126919]]",4890,Office
,,,1847110,,2026-04-05T14:37:47.911796,LoopNet API,39993415,"[[-77.611223, 43.160168]]",4844,Multi-Family
,,,1007714,,2026-04-05T14:37:47.911822,LoopNet API,39915284,"[[-77.607737, 43.15959]]",4100,Multi-Family
,,,121352,,2026-04-05T14:37:47.911829,LoopNet API,39871963,"[[-77.61928, 43.103326]]",2398,Multi-Family
,,,1461526,,2026-04-05T14:37:47.911835,LoopNet API,39854150,"[[-77.606577, 43.071999]]",4996,Multi-Family
,,,1677909,,2026-04-05T14:37:47.911840,LoopNet API,39817288,"[[-77.630988, 43.19586]]",1702,Retail
,,,558250,,2026-04-05T14:37:47.911845,LoopNet API,39712189,"[[-77.678778, 43.108532]]",1651,Multi-Family
,,,1798322,,2026-04-05T14:37:47.911849,LoopNet API,39625204,"[[-77.7088, 43.146607]]",4614,Multi-Family
,,,381781,,2026-04-05T14:37:47.911853,LoopNet API,39616616,"[[-77.696694, 43.183124]]",2350,Industrial
,,,831363,,2026-04-05T14:37:47.911857,LoopNet API,39602403,"[[-77.452169, 43.208601]]",4117,Industrial
,,,823780,,2026-04-05T14:37:47.911861,LoopNet API,39577570,"[[-77.732154, 43.217996]]",2681,Multi-Family
,,,1340735,,2026-04-05T14:37:47.911865,LoopNet API,39558241,"[[-77.486755, 43.079174]]",3571,Industrial
,,,870204,,2026-04-05T14:37:47.911869,LoopNet API,39432321,"[[-77.603237, 43.115479]]",1017,Office
,,,855358,,2026-04-05T14:37:47.911873,LoopNet API,39402981,"[[-77.569621, 43.201708]]",1380,Multi-Family
,,,1531187,,2026-04-05T14:37:47.911877,LoopNet API,39388644,"[[-77.583062, 43.163556]]",3595,Office
,,,100231,,2026-04-05T14:37:47.911880,LoopNet API,39323587,"[[-77.628679, 43.099292]]",2601,Retail
,,,583436,,2026-04-05T14:37:47.911885,LoopNet API,39322261,"[[-77.628546, 43.135555], [-77.62244, 43.13992], [-77.62866, 43.13642], [-77.64013, 43.12885]]",1506,Multi-Family
,,,1363613,,2026-04-05T14:37:47.911889,LoopNet API,39317559,"[[-77.652737, 43.184384]]",3683,Office
,,,495676,,2026-04-05T14:37:47.911893,LoopNet API,39302800,"[[-77.687407, 43.208923]]",2579,Industrial
,,,1158262,,2026-04-05T14:37:47.911897,LoopNet API,39270340,"[[-77.596377, 43.140599], [-77.595678, 43.140665], [-77.596294, 43.140951], [-77.596385, 43.140912], [-77.596329, 43.140442]]",2222,Industrial
,,,1768857,,2026-04-05T14:37:47.911901,LoopNet API,39265429,"[[-77.579476, 43.138666]]",1445,Industrial
,,,328972,,2026-04-05T14:37:47.911905,LoopNet API,39265207,"[[-77.579987, 43.150797]]",4297,Industrial
,,,1913967,,2026-04-05T14:37:47.911909,LoopNet API,39228650,"[[-77.615279, 43.101188]]",4147,Multi-Family
,,,951333,,2026-04-05T14:37:47.911913,LoopNet API,39172088,"[[-77.674289, 43.111963]]",1726,Multi-Family
,,,864889,,2026-04-05T14:37:47.911917,LoopNet API,39113038,"[[-77.641053, 43.146858]]",3201,Retail
,,,1866892,,2026-04-05T14:37:47.911920,LoopNet API,39108272,"[[-77.63549, 43.154894]]",789,Multi-Family
,,,377777,,2026-04-05T14:37:47.911924,LoopNet API,39082310,"[[-77.607652, 43.180298]]",2964,Industrial
,,,632199,,2026-04-05T14:37:47.911928,LoopNet API,39042100,"[[-77.632072, 43.179548]]",3452,Industrial
,,,1800564,,2026-04-05T14:37:47.911932,LoopNet API,39031619,"[[-77.559786, 43.169987]]",1310,Retail
,,,1760519,,2026-04-05T14:37:47.911936,LoopNet API,39029056,"[[-77.629854, 43.253288]]",747,Office
,,,1829442,,2026-04-05T14:37:47.911939,LoopNet API,38816016,"[[-77.66101, 43.149414]]",4889,Office
,,,107363,,2026-04-05T14:37:47.911943,LoopNet API,38794915,"[[-77.651745, 43.145283]]",603,Retail
,,,733353,,2026-04-05T14:37:47.911947,LoopNet API,38693769,"[[-77.642082, 43.222331]]",684,Retail
,,,511958,,2026-04-05T14:37:47.911950,LoopNet API,38658005,"[[-77.649384, 43.161883]]",4569,Multi-Family
,,,1609376,,2026-04-05T14:37:47.911954,LoopNet API,38636419,"[[-77.626949, 43.16643], [-77.600855, 43.173812]]",877,Industrial
,,,1779253,,2026-04-05T14:37:47.911958,LoopNet API,38636410,"[[-77.661895, 43.046676]]",842,Multi-Family
,,,1367353,,2026-04-05T14:37:47.911961,LoopNet API,38610227,"[[-77.564976, 43.14901]]",3645,Industrial
,,,136000,,2026-04-05T14:37:47.911965,LoopNet API,38579493,"[[-77.65508, 43.153301]]",1649,Retail
,,,393394,,2026-04-05T14:37:47.911968,LoopNet API,38553022,"[[-77.599309, 43.157494]]",1016,Office
,,,132159,,2026-04-05T14:37:47.911972,LoopNet API,38530756,"[[-77.59832, 43.159179]]",3156,Industrial
,,,1663577,,2026-04-05T14:37:47.911976,LoopNet API,38530691,"[[-77.599626, 43.159095]]",3355,Office
,,,196738,,2026-04-05T14:37:47.911980,LoopNet API,38500653,"[[-77.59903, 43.142998]]",2446,Industrial
,,,901762,,2026-04-05T14:37:47.911984,LoopNet API,38455770,"[[-77.63365, 43.197508]]",1717,Multi-Family
,,,1281813,,2026-04-05T14:37:47.911988,LoopNet API,38433685,"[[-77.509827, 43.178265]]",4725,Multi-Family
,,,1349511,,2026-04-05T14:37:47.911992,LoopNet API,38423222,"[[-77.670455, 43.205365]]",1677,Retail
,,,1091418,,2026-04-05T14:37:47.911995,LoopNet API,38410033,"[[-77.612807, 43.165168]]",3351,Industrial
,,,1274816,,2026-04-05T14:37:47.911999,LoopNet API,38391803,"[[-77.69616, 43.221334]]",1600,Office
,,,227246,,2026-04-05T14:37:47.912002,LoopNet API,38357735,"[[-77.61102, 43.25571]]",3305,Retail
,,,442813,,2026-04-05T14:37:47.912006,LoopNet API,38353121,"[[-77.487226, 43.118583]]",4256,Office
,,,541862,,2026-04-05T14:37:47.912010,LoopNet API,38337053,"[[-77.736792, 43.182119]]",2262,Multi-Family
,,,1338060,,2026-04-05T14:37:47.912013,LoopNet API,38306416,"[[-77.618951, 43.10377], [-77.619241, 43.104197]]",1121,Multi-Family
,,,921692,,2026-04-05T14:37:47.912017,LoopNet API,38263561,"[[-77.66493, 43.131087]]",4295,Industrial
,,,527843,,2026-04-05T14:37:47.912020,LoopNet API,38226122,"[[-77.641095, 43.201649]]",1331,Industrial
,,,453954,,2026-04-05T14:37:47.912024,LoopNet API,38223668,"[[-77.508242, 43.18241]]",1175,Industrial
,,,358042,,2026-04-05T14:37:47.912028,LoopNet API,38013173,"[[-77.653018, 43.149681]]",4019,Retail
,,,1076692,,2026-04-05T14:37:47.912032,LoopNet API,37994174,"[[-77.675616, 43.037633]]",1240,Retail
,,,914344,,2026-04-05T14:37:47.912035,LoopNet API,37974523,"[[-77.606928, 43.160039]]",3928,Industrial
,,,753934,,2026-04-05T14:37:47.912039,LoopNet API,37938064,"[[-77.609412, 43.159125]]",3255,Office
,,,577537,,2026-04-05T14:37:47.912043,LoopNet API,37863022,"[[-77.66444, 43.13292]]",4816,Office
,,,877738,,2026-04-05T14:37:47.912046,LoopNet API,37840949,"[[-77.607784, 43.14062]]",1928,Industrial
,,,1334068,,2026-04-05T14:37:47.912050,LoopNet API,37766162,"[[-77.659114, 43.15824]]",4783,Retail
,,,1869245,,2026-04-05T14:37:47.912054,LoopNet API,37685380,"[[-77.640861, 43.080778]]",1534,Retail
,,,1502870,,2026-04-05T14:37:47.912057,LoopNet API,37564679,"[[-77.601539, 43.089175], [-77.602465, 43.089255]]",3607,Retail
,,,867935,,2026-04-05T14:37:47.912061,LoopNet API,37029121,"[[-77.704267, 43.185293]]",1587,Industrial
,,,1355278,,2026-04-05T14:37:47.912064,LoopNet API,36999876,"[[-77.618147, 43.103253]]",2615,Multi-Family
,,,1403499,,2026-04-05T14:37:47.912068,LoopNet API,36911005,"[[-77.665334, 43.133994]]",2584,Multi-Family
,,,1812642,,2026-04-05T14:37:47.912073,LoopNet API,36845807,"[[-77.521768, 43.091687]]",2869,Retail
,,,133930,,2026-04-05T14:37:47.912077,LoopNet API,36694513,"[[-77.618797, 43.102607]]",617,Multi-Family
,,,1518026,,2026-04-05T14:37:47.912080,LoopNet API,36693922,"[[-77.618859, 43.102351]]",3490,Multi-Family
,,,835038,,2026-04-05T14:37:47.912084,LoopNet API,36611613,"[[-77.628904, 43.174154]]",766,Multi-Family
,,,538376,,2026-04-05T14:37:47.912088,LoopNet API,36398849,"[[-77.581112, 43.0941]]",2058,Multi-Family
,,,580129,,2026-04-05T14:37:47.912091,LoopNet API,35789458,"[[-77.710627, 43.146659]]",2679,Retail
,,,274837,,2026-04-05T14:37:47.912095,LoopNet API,35561380,"[[-77.603447, 43.147115]]",3724,Multi-Family
,,,1520446,,2026-04-05T14:37:47.912098,LoopNet API,35029105,"[[-77.593411, 43.12617]]",1903,Industrial
,,,1156004,,2026-04-05T14:37:47.912102,LoopNet API,34615706,"[[-77.631762, 43.087828]]",2887,Office
,,,827290,,2026-04-05T14:37:47.912106,LoopNet API,34483921,"[[-77.628616, 43.135441]]",2319,Industrial
,,,948747,,2026-04-05T14:37:47.912110,LoopNet API,33831590,"[[-77.761502, 43.097409]]",2289,Multi-Family
,,,1084272,,2026-04-05T14:37:47.912114,LoopNet API,33830092,"[[-77.734078, 43.095041]]",3065,Industrial
,,,1931159,,2026-04-05T14:37:47.912120,LoopNet API,33162249,"[[-77.611413, 43.155727]]",4758,Office
,,,360992,,2026-04-05T14:37:47.912124,LoopNet API,33041169,"[[-77.593028, 43.146437]]",2911,Office
,,,290164,,2026-04-05T14:37:47.912128,LoopNet API,32968464,"[[-77.589541, 43.144419]]",729,Office
,,,1752860,,2026-04-05T14:37:47.912132,LoopNet API,32876301,"[[-77.693209, 43.210131]]",3233,Retail
,,,1718865,,2026-04-05T14:37:47.912136,LoopNet API,32654787,"[[-77.650142, 43.135638]]",3881,Multi-Family
,,,527126,,2026-04-05T14:37:47.912140,LoopNet API,32554456,"[[-77.615191, 43.159897]]",2676,Industrial
,,,478210,,2026-04-05T14:37:47.912144,LoopNet API,32378445,"[[-77.665955, 43.259908]]",4803,Multi-Family
,,,1576423,,2026-04-05T14:37:47.912147,LoopNet API,32108855,"[[-77.561308, 43.204157]]",4658,Office
,,,194322,,2026-04-05T14:37:47.912151,LoopNet API,31478200,"[[-77.673524, 43.109445]]",4605,Multi-Family
,,,416286,,2026-04-05T14:37:47.912155,LoopNet API,31300848,"[[-77.455286, 43.209852]]",3399,Industrial
,,,795141,,2026-04-05T14:37:47.912159,LoopNet API,30644543,"[[-77.623535, 43.147484]]",4556,Retail
,,,1731949,,2026-04-05T14:37:47.912163,LoopNet API,29057874,"[[-77.636271, 43.0941]]",2461,Office
,,,1520567,,2026-04-05T14:37:47.912167,LoopNet API,28764317,"[[-74.193444, 40.921858], [-77.656597, 43.11786]]",1175,Multi-Family
,,,647872,,2026-04-05T14:37:47.912171,LoopNet API,28639149,"[[-77.620477, 43.086632]]",4034,Office
,,,1724760,,2026-04-05T14:37:47.912175,LoopNet API,28431245,"[[-77.587104, 43.18259]]",4064,Industrial
,,,148968,,2026-04-05T14:37:47.912179,LoopNet API,27373913,"[[-77.616208, 43.068077]]",3669,Industrial
,,,389663,,2026-04-05T14:37:47.912184,LoopNet API,25607807,"[[-77.561877, 43.175906]]",3121,Industrial
,,,1873621,,2026-04-05T14:37:47.912188,LoopNet API,25060286,"[[-77.731417, 43.213995]]",3471,Multi-Family
,,,150907,,2026-04-05T14:37:47.912192,LoopNet API,24504892,"[[-77.602434, 43.161704]]",1240,Multi-Family
,,,1637648,,2026-04-05T14:37:47.912195,LoopNet API,22039846,"[[-77.711586, 43.210741]]",1009,Industrial
,,,454688,,2026-04-05T14:37:47.912199,LoopNet API,18800479,"[[-77.697693, 43.105656]]",1542,Retail
,,,488497,,2026-04-05T14:37:47.912203,LoopNet API,16334777,"[[-77.735362, 43.214659]]",806,Retail
,,,1875589,,2026-04-05T14:37:47.912207,LoopNet API,9282621,"[[-77.66594, 43.014168]]",3376,Multi-Family
,,,1798751,,2026-04-05T14:37:47.912211,LoopNet API,39690768,"[[-77.636795, 43.199908]]",2436,Office
,,,887695,,2026-04-05T14:37:47.912215,LoopNet API,39543460,"[[-77.598923, 43.210388]]",1188,Multi-Family
,,,548895,,2026-04-05T14:37:47.912219,LoopNet API,39135136,"[[-77.450523, 43.107187]]",4813,Office
,,,1217463,,2026-04-05T14:37:47.912223,LoopNet API,37835183,"[[-77.689202, 43.184202]]",3503,Retail
,,,1024498,,2026-04-05T14:37:47.912226,LoopNet API,37802144,"[[-77.729757, 43.216637]]",3796,Office
,,,915549,,2026-04-05T14:37:47.912230,LoopNet API,37685159,"[[-77.507708, 43.180254]]",604,Multi-Family
,,,1544278,,2026-04-05T14:37:47.912234,LoopNet API,37672628,"[[-77.58338, 43.161273]]",3536,Multi-Family
,,,218446,,2026-04-05T14:37:47.912238,LoopNet API,36753479,"[[-77.609031, 43.188089]]",3635,Office
,,,623780,,2026-04-05T14:37:47.912242,LoopNet API,35918214,"[[-77.598063, 43.158212]]",1414,Industrial
,,,1912850,,2026-04-05T14:37:47.912247,LoopNet API,34615563,"[[-77.606169, 43.123466]]",547,Retail
,,,205222,,2026-04-05T14:37:47.912250,LoopNet API,33967070,"[[-77.600692, 43.090541]]",2908,Retail
,,,970639,,2026-04-05T14:37:47.912254,LoopNet API,33594054,"[[-77.59515, 43.197256]]",3987,Office
,,,1412948,,2026-04-05T14:37:47.912258,LoopNet API,33563624,"[[-77.670594, 43.205411]]",1612,Office
,,,1102294,,2026-04-05T14:37:47.912262,LoopNet API,31365120,"[[-77.617893, 43.104205]]",542,Retail
,,,159848,,2026-04-05T14:37:47.912265,LoopNet API,31072254,"[[-77.672354, 43.208394]]",3035,Multi-Family
,,,816461,,2026-04-05T14:37:47.912269,LoopNet API,29679893,"[[-77.625991, 43.083275]]",4754,Retail
,,,1255663,,2026-04-05T14:37:47.912273,LoopNet API,27340026,"[[-77.596171, 43.094725]]",1118,Retail
,,,168926,,2026-04-05T14:37:47.912276,LoopNet API,25423067,"[[-77.660068, 43.189489]]",4761,Multi-Family
,,,950998,,2026-04-05T14:37:47.912280,LoopNet API,39240335,"[[-77.626972, 43.266573]]",2380,Retail
,,,1196949,,2026-04-05T14:37:47.912300,LoopNet API,38506503,"[[-77.722156, 43.147954]]",1168,Industrial
,,,473918,,2026-04-05T14:37:47.912304,LoopNet API,39688759,"[[-77.491895, 43.134963]]",883,Retail
,,,740731,,2026-04-05T14:37:47.912308,LoopNet API,39935759,"[[-77.59466, 43.158984]]",557,Industrial
,,,1638579,,2026-04-05T14:37:47.912312,LoopNet API,39922564,"[[-77.629057, 43.164435]]",3642,Multi-Family
,,,664182,,2026-04-05T14:37:47.912316,LoopNet API,39893735,"[[-77.660457, 43.193003]]",2467,Industrial
,,,1135402,,2026-04-05T14:37:47.912320,LoopNet API,39493768,"[[-77.652739, 43.183327]]",3659,Retail
,,,984657,,2026-04-05T14:37:47.912324,LoopNet API,39307982,"[[-77.653809, 43.164869]]",1864,Industrial
,,,1407966,,2026-04-05T14:37:47.912327,LoopNet API,39179151,"[[-77.637042, 43.21747]]",4881,Industrial
,,,1707065,,2026-04-05T14:37:47.912331,LoopNet API,39135313,"[[-77.59963, 43.147174]]",2375,Industrial
,,,1305281,,2026-04-05T14:37:47.912335,LoopNet API,38805754,"[[-77.609516, 43.159373], [-77.60937, 43.159498], [-77.609022, 43.159498]]",2619,Retail
,,,1147395,,2026-04-05T14:37:47.912339,LoopNet API,38672790,"[[-77.695841, 43.252085]]",1665,Multi-Family
,,,214337,,2026-04-05T14:37:47.912343,LoopNet API,38658813,"[[-77.62946, 43.144108]]",605,Multi-Family
,,,1892369,,2026-04-05T14:37:47.912347,LoopNet API,38657835,"[[-77.680431, 43.165312]]",4518,Office
,,,1199106,,2026-04-05T14:37:47.912350,LoopNet API,38642840,"[[-77.63687, 43.178827], [-77.642536, 43.179533], [-77.642392, 43.179532], [-77.62665, 43.14951], [-77.62825, 43.15788], [-77.60167, 43.17348], [-77.64267, 43.17865], [-77.574784, 43.159554], [-77.642874, 43.178356], [-77.64269, 43.17833], [-77.648616, 43.175477]]",2438,Multi-Family
,,,132523,,2026-04-05T14:37:47.912354,LoopNet API,38349243,"[[-77.630426, 43.152136]]",645,Multi-Family
,,,965944,,2026-04-05T14:37:47.912358,LoopNet API,38336132,"[[-77.606721, 43.148846]]",2397,Retail
,,,985387,,2026-04-05T14:37:47.912362,LoopNet API,37642625,"[[-77.521411, 43.091164]]",1250,Industrial
,,,1369322,,2026-04-05T14:37:47.912365,LoopNet API,37635578,"[[-77.605897, 43.163075]]",1985,Industrial
,,,1071697,,2026-04-05T14:37:47.912369,LoopNet API,37597791,"[[-77.622107, 43.237705], [-77.650804, 43.149728], [-77.621603, 43.239027]]",3934,Retail
,,,661768,,2026-04-05T14:37:47.912373,LoopNet API,36720805,"[[-77.507789, 43.181558]]",4117,Multi-Family
,,,1731101,,2026-04-05T14:37:47.912376,LoopNet API,36541756,"[[-77.609937, 43.162058]]",3326,Office
,,,1710877,,2026-04-05T14:37:47.912380,LoopNet API,36012352,"[[-77.547591, 43.226692]]",4730,Industrial
,,,1025007,,2026-04-05T14:37:47.912383,LoopNet API,35743582,"[[-77.552951, 43.1471]]",2260,Industrial
,,,1553902,,2026-04-05T14:37:47.912387,LoopNet API,35635912,"[[-77.663813, 43.204382]]",3936,Office
,,,1519266,,2026-04-05T14:37:47.912391,LoopNet API,33820009,"[[-77.599713, 43.172094]]",1838,Retail
,,,1584685,,2026-04-05T14:37:47.912394,LoopNet API,33012857,"[[-77.750032, 43.254493]]",4388,Multi-Family
,,,584515,,2026-04-05T14:37:47.912398,LoopNet API,32888406,"[[-77.658047, 43.128951]]",1592,Retail
,,,647899,,2026-04-05T14:37:47.912401,LoopNet API,31278281,"[[-77.614263, 43.17995]]",3542,Multi-Family
,,,1140424,,2026-04-05T14:37:47.912405,LoopNet API,28535219,"[[-77.640383, 43.058454]]",3760,Industrial
,,,114175,,2026-04-05T14:37:47.912409,LoopNet API,25194189,"[[-77.5988, 43.20861]]",615,Office
,,,1732357,,2026-04-05T14:37:47.912414,LoopNet API,37336938,"[[-77.68565, 43.186082]]",1643,Retail
,,,209184,,2026-04-05T14:37:47.912418,LoopNet API,35191239,"[[-77.462175, 43.110628]]",2675,Office
,,,1269364,,2026-04-05T14:37:47.912421,LoopNet API,29771223,"[[-77.599426, 43.193142], [-77.599521, 43.192894], [-77.599646, 43.193356]]",3901,Office
,,,1954029,,2026-04-05T14:37:47.912425,LoopNet API,25271303,"[[-77.652613, 43.187679]]",2383,Office
,,,336206,,2026-04-05T14:37:47.912429,LoopNet API,15015949,"[[-77.43438, 43.15122]]",2858,Industrial
,,,676445,,2026-04-05T14:37:47.912432,LoopNet API,37144799,"[[-77.445522, 43.127799], [-77.446778, 43.126919]]",1779,Office
,,,1598324,,2026-04-05T14:43:41.677993,LoopNet API,39993415,"[[-77.611223, 43.160168]]",4695,Multi-Family
,,,418762,,2026-04-05T14:43:41.678007,LoopNet API,39915284,"[[-77.607737, 43.15959]]",1852,Office
,,,1638827,,2026-04-05T14:43:41.678010,LoopNet API,39871963,"[[-77.61928, 43.103326]]",1736,Multi-Family
,,,1178570,,2026-04-05T14:43:41.678013,LoopNet API,39854150,"[[-77.606577, 43.071999]]",2885,Retail
,,,1327654,,2026-04-05T14:43:41.678014,LoopNet API,39817288,"[[-77.630988, 43.19586]]",4387,Industrial
,,,683445,,2026-04-05T14:43:41.678017,LoopNet API,39712189,"[[-77.678778, 43.108532]]",565,Industrial
,,,311881,,2026-04-05T14:43:41.678019,LoopNet API,39625204,"[[-77.7088, 43.146607]]",2715,Retail
,,,425150,,2026-04-05T14:43:41.678021,LoopNet API,39616616,"[[-77.696694, 43.183124]]",3736,Multi-Family
,,,1066883,,2026-04-05T14:43:41.678023,LoopNet API,39602403,"[[-77.452169, 43.208601]]",1946,Industrial
,,,750455,,2026-04-05T14:43:41.678025,LoopNet API,39577570,"[[-77.732154, 43.217996]]",1573,Office
,,,1069857,,2026-04-05T14:43:41.678026,LoopNet API,39558241,"[[-77.486755, 43.079174]]",4341,Office
,,,1692706,,2026-04-05T14:43:41.678028,LoopNet API,39432321,"[[-77.603237, 43.115479]]",2098,Industrial
,,,1925456,,2026-04-05T14:43:41.678029,LoopNet API,39402981,"[[-77.569621, 43.201708]]",3482,Retail
,,,938011,,2026-04-05T14:43:41.678031,LoopNet API,39388644,"[[-77.583062, 43.163556]]",4289,Multi-Family
,,,1013236,,2026-04-05T14:43:41.678033,LoopNet API,39323587,"[[-77.628679, 43.099292]]",4436,Industrial
,,,879898,,2026-04-05T14:43:41.678035,LoopNet API,39322261,"[[-77.628546, 43.135555], [-77.62244, 43.13992], [-77.62866, 43.13642], [-77.64013, 43.12885]]",3356,Retail
,,,1898352,,2026-04-05T14:43:41.678036,LoopNet API,39317559,"[[-77.652737, 43.184384]]",3171,Industrial
,,,1534042,,2026-04-05T14:43:41.678038,LoopNet API,39302800,"[[-77.687407, 43.208923]]",2507,Retail
,,,1764337,,2026-04-05T14:43:41.678040,LoopNet API,39270340,"[[-77.596377, 43.140599], [-77.595678, 43.140665], [-77.596294, 43.140951], [-77.596385, 43.140912], [-77.596329, 43.140442]]",3672,Industrial
,,,221830,,2026-04-05T14:43:41.678042,LoopNet API,39265429,"[[-77.579476, 43.138666]]",911,Industrial
,,,1563911,,2026-04-05T14:43:41.678044,LoopNet API,39265207,"[[-77.579987, 43.150797]]",918,Industrial
,,,1343948,,2026-04-05T14:43:41.678045,LoopNet API,39228650,"[[-77.615279, 43.101188]]",2370,Retail
,,,699572,,2026-04-05T14:43:41.678047,LoopNet API,39172088,"[[-77.674289, 43.111963]]",2676,Industrial
,,,1897149,,2026-04-05T14:43:41.678049,LoopNet API,39113038,"[[-77.641053, 43.146858]]",1538,Retail
,,,434232,,2026-04-05T14:43:41.678050,LoopNet API,39108272,"[[-77.63549, 43.154894]]",4808,Multi-Family
,,,804985,,2026-04-05T14:43:41.678052,LoopNet API,39082310,"[[-77.607652, 43.180298]]",2103,Industrial
,,,1031364,,2026-04-05T14:43:41.678053,LoopNet API,39042100,"[[-77.632072, 43.179548]]",2332,Office
,,,187748,,2026-04-05T14:43:41.678055,LoopNet API,39031619,"[[-77.559786, 43.169987]]",4989,Retail
,,,496844,,2026-04-05T14:43:41.678057,LoopNet API,39029056,"[[-77.629854, 43.253288]]",2905,Multi-Family
,,,165397,,2026-04-05T14:43:41.678058,LoopNet API,38816016,"[[-77.66101, 43.149414]]",2984,Office
,,,984680,,2026-04-05T14:43:41.678060,LoopNet API,38794915,"[[-77.651745, 43.145283]]",4901,Multi-Family
,,,1938028,,2026-04-05T14:43:41.678062,LoopNet API,38693769,"[[-77.642082, 43.222331]]",4155,Retail
,,,1467043,,2026-04-05T14:43:41.678063,LoopNet API,38658005,"[[-77.649384, 43.161883]]",1634,Multi-Family
,,,511960,,2026-04-05T14:43:41.678065,LoopNet API,38636419,"[[-77.626949, 43.16643], [-77.600855, 43.173812]]",620,Office
,,,1081493,,2026-04-05T14:43:41.678067,LoopNet API,38636410,"[[-77.661895, 43.046676]]",3601,Multi-Family
,,,1856053,,2026-04-05T14:43:41.678068,LoopNet API,38610227,"[[-77.564976, 43.14901]]",2032,Industrial
,,,968302,,2026-04-05T14:43:41.678070,LoopNet API,38579493,"[[-77.65508, 43.153301]]",4547,Retail
,,,353784,,2026-04-05T14:43:41.678071,LoopNet API,38553022,"[[-77.599309, 43.157494]]",3473,Retail
,,,1874425,,2026-04-05T14:43:41.678073,LoopNet API,38530756,"[[-77.59832, 43.159179]]",2283,Retail
,,,1830361,,2026-04-05T14:43:41.678074,LoopNet API,38530691,"[[-77.599626, 43.159095]]",4957,Retail
,,,1861350,,2026-04-05T14:43:41.678076,LoopNet API,38500653,"[[-77.59903, 43.142998]]",2195,Industrial
,,,1479068,,2026-04-05T14:43:41.678078,LoopNet API,38455770,"[[-77.63365, 43.197508]]",556,Office
,,,941473,,2026-04-05T14:43:41.678079,LoopNet API,38433685,"[[-77.509827, 43.178265]]",3057,Industrial
,,,1310584,,2026-04-05T14:43:41.678081,LoopNet API,38423222,"[[-77.670455, 43.205365]]",3511,Office
,,,942459,,2026-04-05T14:43:41.678082,LoopNet API,38410033,"[[-77.612807, 43.165168]]",4942,Retail
,,,200339,,2026-04-05T14:43:41.678084,LoopNet API,38391803,"[[-77.69616, 43.221334]]",3524,Multi-Family
,,,1054305,,2026-04-05T14:43:41.678085,LoopNet API,38357735,"[[-77.61102, 43.25571]]",1061,Office
,,,985685,,2026-04-05T14:43:41.678087,LoopNet API,38353121,"[[-77.487226, 43.118583]]",2102,Retail
,,,1936818,,2026-04-05T14:43:41.678089,LoopNet API,38337053,"[[-77.736792, 43.182119]]",2777,Retail
,,,1026257,,2026-04-05T14:43:41.678090,LoopNet API,38306416,"[[-77.618951, 43.10377], [-77.619241, 43.104197]]",2802,Industrial
,,,1812101,,2026-04-05T14:43:41.678092,LoopNet API,38263561,"[[-77.66493, 43.131087]]",3753,Multi-Family
,,,699159,,2026-04-05T14:43:41.678093,LoopNet API,38226122,"[[-77.641095, 43.201649]]",1502,Multi-Family
,,,1296322,,2026-04-05T14:43:41.678095,LoopNet API,38223668,"[[-77.508242, 43.18241]]",3291,Office
,,,729274,,2026-04-05T14:43:41.678097,LoopNet API,38013173,"[[-77.653018, 43.149681]]",2961,Office
,,,1772210,,2026-04-05T14:43:41.678098,LoopNet API,37994174,"[[-77.675616, 43.037633]]",3977,Office
,,,581326,,2026-04-05T14:43:41.678100,LoopNet API,37974523,"[[-77.606928, 43.160039]]",1043,Multi-Family
,,,921124,,2026-04-05T14:43:41.678101,LoopNet API,37938064,"[[-77.609412, 43.159125]]",839,Retail
,,,493264,,2026-04-05T14:43:41.678103,LoopNet API,37863022,"[[-77.66444, 43.13292]]",2995,Retail
,,,100016,,2026-04-05T14:43:41.678104,LoopNet API,37840949,"[[-77.607784, 43.14062]]",2432,Retail
,,,1775592,,2026-04-05T14:43:41.678106,LoopNet API,37766162,"[[-77.659114, 43.15824]]",3210,Multi-Family
,,,593343,,2026-04-05T14:43:41.678107,LoopNet API,37685380,"[[-77.640861, 43.080778]]",799,Multi-Family
,,,306688,,2026-04-05T14:43:41.678109,LoopNet API,37564679,"[[-77.601539, 43.089175], [-77.602465, 43.089255]]",4953,Multi-Family
,,,1942378,,2026-04-05T14:43:41.678111,LoopNet API,37029121,"[[-77.704267, 43.185293]]",2579,Industrial
,,,736327,,2026-04-05T14:43:41.678112,LoopNet API,36999876,"[[-77.618147, 43.103253]]",4222,Industrial
,,,973898,,2026-04-05T14:43:41.678114,LoopNet API,36911005,"[[-77.665334, 43.133994]]",3137,Office
,,,476973,,2026-04-05T14:43:41.678116,LoopNet API,36845807,"[[-77.521768, 43.091687]]",1176,Office
,,,825581,,2026-04-05T14:43:41.678118,LoopNet API,36694513,"[[-77.618797, 43.102607]]",2321,Office
,,,1447782,,2026-04-05T14:43:41.678119,LoopNet API,36693922,"[[-77.618859, 43.102351]]",4978,Industrial
,,,1350049,,2026-04-05T14:43:41.678121,LoopNet API,36611613,"[[-77.628904, 43.174154]]",4509,Retail
,,,250425,,2026-04-05T14:43:41.678122,LoopNet API,36398849,"[[-77.581112, 43.0941]]",921,Multi-Family
,,,1193707,,2026-04-05T14:43:41.678124,LoopNet API,35789458,"[[-77.710627, 43.146659]]",3658,Office
,,,912489,,2026-04-05T14:43:41.678126,LoopNet API,35561380,"[[-77.603447, 43.147115]]",3950,Multi-Family
,,,593960,,2026-04-05T14:43:41.678127,LoopNet API,35029105,"[[-77.593411, 43.12617]]",4708,Industrial
,,,1979650,,2026-04-05T14:43:41.678129,LoopNet API,34615706,"[[-77.631762, 43.087828]]",1370,Retail
,,,1807127,,2026-04-05T14:43:41.678130,LoopNet API,34483921,"[[-77.628616, 43.135441]]",1959,Office
,,,772169,,2026-04-05T14:43:41.678132,LoopNet API,33831590,"[[-77.761502, 43.097409]]",2426,Multi-Family
,,,277602,,2026-04-05T14:43:41.678133,LoopNet API,33830092,"[[-77.734078, 43.095041]]",4284,Office
,,,402007,,2026-04-05T14:43:41.678136,LoopNet API,33162249,"[[-77.611413, 43.155727]]",2441,Retail
,,,1786653,,2026-04-05T14:43:41.678138,LoopNet API,33041169,"[[-77.593028, 43.146437]]",539,Office
,,,1492410,,2026-04-05T14:43:41.678139,LoopNet API,32968464,"[[-77.589541, 43.144419]]",2256,Office
,,,665959,,2026-04-05T14:43:41.678141,LoopNet API,32876301,"[[-77.693209, 43.210131]]",1648,Office
,,,470522,,2026-04-05T14:43:41.678143,LoopNet API,32654787,"[[-77.650142, 43.135638]]",3642,Multi-Family
,,,1953429,,2026-04-05T14:43:41.678144,LoopNet API,32554456,"[[-77.615191, 43.159897]]",2618,Retail
,,,1774945,,2026-04-05T14:43:41.678146,LoopNet API,32378445,"[[-77.665955, 43.259908]]",4232,Industrial
,,,510766,,2026-04-05T14:43:41.678148,LoopNet API,32108855,"[[-77.561308, 43.204157]]",4490,Multi-Family
,,,374704,,2026-04-05T14:43:41.678150,LoopNet API,31478200,"[[-77.673524, 43.109445]]",625,Industrial
,,,1411872,,2026-04-05T14:43:41.678151,LoopNet API,31300848,"[[-77.455286, 43.209852]]",2343,Retail
,,,302278,,2026-04-05T14:43:41.678153,LoopNet API,30644543,"[[-77.623535, 43.147484]]",1274,Industrial
,,,1967008,,2026-04-05T14:43:41.678155,LoopNet API,29057874,"[[-77.636271, 43.0941]]",2825,Retail
,,,357539,,2026-04-05T14:43:41.678156,LoopNet API,28764317,"[[-74.193444, 40.921858], [-77.656597, 43.11786]]",1903,Retail
,,,106596,,2026-04-05T14:43:41.678158,LoopNet API,28639149,"[[-77.620477, 43.086632]]",1954,Office
,,,1170047,,2026-04-05T14:43:41.678160,LoopNet API,28431245,"[[-77.587104, 43.18259]]",543,Industrial
,,,444786,,2026-04-05T14:43:41.678161,LoopNet API,27373913,"[[-77.616208, 43.068077]]",1913,Office
,,,119477,,2026-04-05T14:43:41.678164,LoopNet API,25607807,"[[-77.561877, 43.175906]]",1523,Office
,,,1539100,,2026-04-05T14:43:41.678165,LoopNet API,25060286,"[[-77.731417, 43.213995]]",4204,Multi-Family
,,,1978715,,2026-04-05T14:43:41.678167,LoopNet API,24504892,"[[-77.602434, 43.161704]]",1749,Retail
,,,668749,,2026-04-05T14:43:41.678168,LoopNet API,22039846,"[[-77.711586, 43.210741]]",1309,Multi-Family
,,,577083,,2026-04-05T14:43:41.678170,LoopNet API,18800479,"[[-77.697693, 43.105656]]",4805,Industrial
,,,1470133,,2026-04-05T14:43:41.678172,LoopNet API,16334777,"[[-77.735362, 43.214659]]",583,Multi-Family
,,,1938386,,2026-04-05T14:43:41.678174,LoopNet API,9282621,"[[-77.66594, 43.014168]]",1156,Retail
,,,1771520,,2026-04-05T14:43:41.678175,LoopNet API,39690768,"[[-77.636795, 43.199908]]",1240,Industrial
,,,566358,,2026-04-05T14:43:41.678177,LoopNet API,39543460,"[[-77.598923, 43.210388]]",2262,Multi-Family
,,,476858,,2026-04-05T14:43:41.678179,LoopNet API,39135136,"[[-77.450523, 43.107187]]",3383,Office
,,,1413073,,2026-04-05T14:43:41.678180,LoopNet API,37835183,"[[-77.689202, 43.184202]]",716,Industrial
,,,246273,,2026-04-05T14:43:41.678182,LoopNet API,37802144,"[[-77.729757, 43.216637]]",3266,Retail
,,,202804,,2026-04-05T14:43:41.678184,LoopNet API,37685159,"[[-77.507708, 43.180254]]",4087,Office
,,,1035452,,2026-04-05T14:43:41.678185,LoopNet API,37672628,"[[-77.58338, 43.161273]]",3888,Office
,,,1824332,,2026-04-05T14:43:41.678187,LoopNet API,36753479,"[[-77.609031, 43.188089]]",4389,Office
,,,1087861,,2026-04-05T14:43:41.678189,LoopNet API,35918214,"[[-77.598063, 43.158212]]",918,Office
,,,1544674,,2026-04-05T14:43:41.678191,LoopNet API,34615563,"[[-77.606169, 43.123466]]",3828,Industrial
,,,1782327,,2026-04-05T14:43:41.678193,LoopNet API,33967070,"[[-77.600692, 43.090541]]",2526,Retail
,,,555229,,2026-04-05T14:43:41.678194,LoopNet API,33594054,"[[-77.59515, 43.197256]]",3800,Industrial
,,,893005,,2026-04-05T14:43:41.678196,LoopNet API,33563624,"[[-77.670594, 43.205411]]",929,Office
,,,870808,,2026-04-05T14:43:41.678198,LoopNet API,31365120,"[[-77.617893, 43.104205]]",4609,Retail
,,,669698,,2026-04-05T14:43:41.678199,LoopNet API,31072254,"[[-77.672354, 43.208394]]",1129,Office
,,,1151025,,2026-04-05T14:43:41.678201,LoopNet API,29679893,"[[-77.625991, 43.083275]]",3929,Retail
,,,124504,,2026-04-05T14:43:41.678202,LoopNet API,27340026,"[[-77.596171, 43.094725]]",1451,Industrial
,,,1969271,,2026-04-05T14:43:41.678211,LoopNet API,25423067,"[[-77.660068, 43.189489]]",4737,Multi-Family
,,,279255,,2026-04-05T14:43:41.678213,LoopNet API,39240335,"[[-77.626972, 43.266573]]",3567,Retail
,,,426768,,2026-04-05T14:43:41.678214,LoopNet API,38506503,"[[-77.722156, 43.147954]]",4142,Multi-Family
,,,981782,,2026-04-05T14:43:41.678216,LoopNet API,39688759,"[[-77.491895, 43.134963]]",1223,Retail
,,,1262914,,2026-04-05T14:43:41.678218,LoopNet API,39935759,"[[-77.59466, 43.158984]]",3271,Multi-Family
,,,1636491,,2026-04-05T14:43:41.678220,LoopNet API,39922564,"[[-77.629057, 43.164435]]",1709,Office
,,,1599856,,2026-04-05T14:43:41.678221,LoopNet API,39893735,"[[-77.660457, 43.193003]]",4229,Multi-Family
,,,387512,,2026-04-05T14:43:41.678223,LoopNet API,39493768,"[[-77.652739, 43.183327]]",4903,Retail
,,,593549,,2026-04-05T14:43:41.678225,LoopNet API,39307982,"[[-77.653809, 43.164869]]",1805,Office
,,,785851,,2026-04-05T14:43:41.678226,LoopNet API,39179151,"[[-77.637042, 43.21747]]",1769,Industrial
,,,1103872,,2026-04-05T14:43:41.678228,LoopNet API,39135313,"[[-77.59963, 43.147174]]",3257,Multi-Family
,,,1740497,,2026-04-05T14:43:41.678229,LoopNet API,38805754,"[[-77.609516, 43.159373], [-77.60937, 43.159498], [-77.609022, 43.159498]]",1406,Office
,,,788075,,2026-04-05T14:43:41.678232,LoopNet API,38672790,"[[-77.695841, 43.252085]]",2878,Office
,,,164024,,2026-04-05T14:43:41.678233,LoopNet API,38658813,"[[-77.62946, 43.144108]]",1807,Retail
,,,1378138,,2026-04-05T14:43:41.678235,LoopNet API,38657835,"[[-77.680431, 43.165312]]",3221,Multi-Family
,,,157626,,2026-04-05T14:43:41.678237,LoopNet API,38642840,"[[-77.63687, 43.178827], [-77.642536, 43.179533], [-77.642392, 43.179532], [-77.62665, 43.14951], [-77.62825, 43.15788], [-77.60167, 43.17348], [-77.64267, 43.17865], [-77.574784, 43.159554], [-77.642874, 43.178356], [-77.64269, 43.17833], [-77.648616, 43.175477]]",3578,Retail
,,,1559047,,2026-04-05T14:43:41.678238,LoopNet API,38349243,"[[-77.630426, 43.152136]]",2551,Retail
,,,1586938,,2026-04-05T14:43:41.678240,LoopNet API,38336132,"[[-77.606721, 43.148846]]",3694,Retail
,,,1300021,,2026-04-05T14:43:41.678241,LoopNet API,37642625,"[[-77.521411, 43.091164]]",4967,Office
,,,740552,,2026-04-05T14:43:41.678243,LoopNet API,37635578,"[[-77.605897, 43.163075]]",4218,Industrial
,,,1352806,,2026-04-05T14:43:41.678245,LoopNet API,37597791,"[[-77.622107, 43.237705], [-77.650804, 43.149728], [-77.621603, 43.239027]]",3599,Industrial
,,,198206,,2026-04-05T14:43:41.678246,LoopNet API,36720805,"[[-77.507789, 43.181558]]",4429,Office
,,,634047,,2026-04-05T14:43:41.678248,LoopNet API,36541756,"[[-77.609937, 43.162058]]",3860,Office
,,,555958,,2026-04-05T14:43:41.678249,LoopNet API,36012352,"[[-77.547591, 43.226692]]",4607,Office
,,,1143819,,2026-04-05T14:43:41.678251,LoopNet API,35743582,"[[-77.552951, 43.1471]]",2320,Multi-Family
,,,1553588,,2026-04-05T14:43:41.678252,LoopNet API,35635912,"[[-77.663813, 43.204382]]",599,Industrial
,,,1216259,,2026-04-05T14:43:41.678254,LoopNet API,33820009,"[[-77.599713, 43.172094]]",732,Retail
,,,573110,,2026-04-05T14:43:41.678255,LoopNet API,33012857,"[[-77.750032, 43.254493]]",4399,Office
,,,1020596,,2026-04-05T14:43:41.678257,LoopNet API,32888406,"[[-77.658047, 43.128951]]",4672,Retail
,,,617396,,2026-04-05T14:43:41.678259,LoopNet API,31278281,"[[-77.614263, 43.17995]]",2215,Multi-Family
,,,1776703,,2026-04-05T14:43:41.678260,LoopNet API,28535219,"[[-77.640383, 43.058454]]",2823,Industrial
,,,1475233,,2026-04-05T14:43:41.678262,LoopNet API,25194189,"[[-77.5988, 43.20861]]",1559,Multi-Family
,,,1616834,,2026-04-05T14:43:41.678264,LoopNet API,37336938,"[[-77.68565, 43.186082]]",2707,Office
,,,1020022,,2026-04-05T14:43:41.678268,LoopNet API,35191239,"[[-77.462175, 43.110628]]",4088,Industrial
,,,126064,,2026-04-05T14:43:41.678270,LoopNet API,29771223,"[[-77.599426, 43.193142], [-77.599521, 43.192894], [-77.599646, 43.193356]]",2194,Office
,,,822151,,2026-04-05T14:43:41.678271,LoopNet API,25271303,"[[-77.652613, 43.187679]]",4053,Industrial
,,,1922973,,2026-04-05T14:43:41.678273,LoopNet API,15015949,"[[-77.43438, 43.15122]]",3964,Retail
,,,680201,,2026-04-05T14:43:41.678274,LoopNet API,37144799,"[[-77.445522, 43.127799], [-77.446778, 43.126919]]",2454,Retail
,,,1880515,,2026-04-05T14:47:54.053834,LoopNet API,39993415,"[[-77.611223, 43.160168]]",3400,Industrial
,,,1999336,,2026-04-05T14:47:54.053850,LoopNet API,39915284,"[[-77.607737, 43.15959]]",1427,Industrial
,,,545236,,2026-04-05T14:47:54.053854,LoopNet API,39871963,"[[-77.61928, 43.103326]]",1683,Multi-Family
,,,1567194,,2026-04-05T14:47:54.053857,LoopNet API,39854150,"[[-77.606577, 43.071999]]",1540,Industrial
,,,1894037,,2026-04-05T14:47:54.053859,LoopNet API,39817288,"[[-77.630988, 43.19586]]",2158,Multi-Family
,,,1872248,,2026-04-05T14:47:54.053862,LoopNet API,39712189,"[[-77.678778, 43.108532]]",1807,Office
,,,1399473,,2026-04-05T14:47:54.053864,LoopNet API,39625204,"[[-77.7088, 43.146607]]",3731,Industrial
,,,1614554,,2026-04-05T14:47:54.053867,LoopNet API,39616616,"[[-77.696694, 43.183124]]",1807,Retail
,,,198607,,2026-04-05T14:47:54.053869,LoopNet API,39602403,"[[-77.452169, 43.208601]]",1287,Retail
,,,191817,,2026-04-05T14:47:54.053872,LoopNet API,39577570,"[[-77.732154, 43.217996]]",2931,Industrial
,,,1357115,,2026-04-05T14:47:54.053874,LoopNet API,39558241,"[[-77.486755, 43.079174]]",1054,Retail
,,,1208705,,2026-04-05T14:47:54.053877,LoopNet API,39432321,"[[-77.603237, 43.115479]]",4869,Office
,,,513633,,2026-04-05T14:47:54.053879,LoopNet API,39402981,"[[-77.569621, 43.201708]]",2187,Retail
,,,1145891,,2026-04-05T14:47:54.053881,LoopNet API,39388644,"[[-77.583062, 43.163556]]",948,Industrial
,,,1074903,,2026-04-05T14:47:54.053883,LoopNet API,39323587,"[[-77.628679, 43.099292]]",2040,Office
,,,957268,,2026-04-05T14:47:54.053886,LoopNet API,39322261,"[[-77.628546, 43.135555], [-77.62244, 43.13992], [-77.62866, 43.13642], [-77.64013, 43.12885]]",1936,Retail
,,,1270830,,2026-04-05T14:47:54.053888,LoopNet API,39317559,"[[-77.652737, 43.184384]]",2333,Multi-Family
,,,1918230,,2026-04-05T14:47:54.053890,LoopNet API,39302800,"[[-77.687407, 43.208923]]",949,Office
,,,1074200,,2026-04-05T14:47:54.053893,LoopNet API,39270340,"[[-77.596377, 43.140599], [-77.595678, 43.140665], [-77.596294, 43.140951], [-77.596385, 43.140912], [-77.596329, 43.140442]]",521,Multi-Family
,,,842688,,2026-04-05T14:47:54.053895,LoopNet API,39265429,"[[-77.579476, 43.138666]]",1205,Retail
,,,806342,,2026-04-05T14:47:54.053897,LoopNet API,39265207,"[[-77.579987, 43.150797]]",3582,Industrial
,,,180658,,2026-04-05T14:47:54.053900,LoopNet API,39228650,"[[-77.615279, 43.101188]]",4636,Industrial
,,,1830088,,2026-04-05T14:47:54.053902,LoopNet API,39172088,"[[-77.674289, 43.111963]]",3168,Office
,,,1617126,,2026-04-05T14:47:54.053904,LoopNet API,39113038,"[[-77.641053, 43.146858]]",1826,Multi-Family
,,,1506869,,2026-04-05T14:47:54.053906,LoopNet API,39108272,"[[-77.63549, 43.154894]]",2120,Retail
,,,1855724,,2026-04-05T14:47:54.053908,LoopNet API,39082310,"[[-77.607652, 43.180298]]",1511,Multi-Family
,,,1457158,,2026-04-05T14:47:54.053910,LoopNet API,39042100,"[[-77.632072, 43.179548]]",2985,Office
,,,1022629,,2026-04-05T14:47:54.053912,LoopNet API,39031619,"[[-77.559786, 43.169987]]",4718,Multi-Family
,,,100631,,2026-04-05T14:47:54.053914,LoopNet API,39029056,"[[-77.629854, 43.253288]]",790,Multi-Family
,,,1132420,,2026-04-05T14:47:54.053916,LoopNet API,38816016,"[[-77.66101, 43.149414]]",1647,Office
,,,957423,,2026-04-05T14:47:54.053918,LoopNet API,38794915,"[[-77.651745, 43.145283]]",1461,Multi-Family
,,,764464,,2026-04-05T14:47:54.053920,LoopNet API,38693769,"[[-77.642082, 43.222331]]",4859,Retail
,,,370788,,2026-04-05T14:47:54.053922,LoopNet API,38658005,"[[-77.649384, 43.161883]]",3130,Industrial
,,,630369,,2026-04-05T14:47:54.053924,LoopNet API,38636419,"[[-77.626949, 43.16643], [-77.600855, 43.173812]]",3932,Retail
,,,1115274,,2026-04-05T14:47:54.053926,LoopNet API,38636410,"[[-77.661895, 43.046676]]",1294,Multi-Family
,,,585941,,2026-04-05T14:47:54.053928,LoopNet API,38610227,"[[-77.564976, 43.14901]]",2019,Industrial
,,,652557,,2026-04-05T14:47:54.053930,LoopNet API,38579493,"[[-77.65508, 43.153301]]",4719,Multi-Family
,,,1042244,,2026-04-05T14:47:54.053932,LoopNet API,38553022,"[[-77.599309, 43.157494]]",1603,Industrial
,,,1308203,,2026-04-05T14:47:54.053934,LoopNet API,38530756,"[[-77.59832, 43.159179]]",4823,Multi-Family
,,,960957,,2026-04-05T14:47:54.053936,LoopNet API,38530691,"[[-77.599626, 43.159095]]",3489,Office
,,,1101448,,2026-04-05T14:47:54.053938,LoopNet API,38500653,"[[-77.59903, 43.142998]]",4086,Office
,,,257484,,2026-04-05T14:47:54.053941,LoopNet API,38455770,"[[-77.63365, 43.197508]]",3614,Retail
,,,103260,,2026-04-05T14:47:54.053943,LoopNet API,38433685,"[[-77.509827, 43.178265]]",4913,Office
,,,1996115,,2026-04-05T14:47:54.053944,LoopNet API,38423222,"[[-77.670455, 43.205365]]",3578,Retail
,,,185086,,2026-04-05T14:47:54.053946,LoopNet API,38410033,"[[-77.612807, 43.165168]]",3123,Retail
,,,861981,,2026-04-05T14:47:54.053948,LoopNet API,38391803,"[[-77.69616, 43.221334]]",2434,Retail
,,,485227,,2026-04-05T14:47:54.053950,LoopNet API,38357735,"[[-77.61102, 43.25571]]",2777,Industrial
,,,110799,,2026-04-05T14:47:54.053952,LoopNet API,38353121,"[[-77.487226, 43.118583]]",1286,Multi-Family
,,,1196881,,2026-04-05T14:47:54.053954,LoopNet API,38337053,"[[-77.736792, 43.182119]]",2115,Industrial
,,,214247,,2026-04-05T14:47:54.053956,LoopNet API,38306416,"[[-77.618951, 43.10377], [-77.619241, 43.104197]]",963,Office
,,,1355231,,2026-04-05T14:47:54.053958,LoopNet API,38263561,"[[-77.66493, 43.131087]]",831,Multi-Family
,,,1061363,,2026-04-05T14:47:54.053960,LoopNet API,38226122,"[[-77.641095, 43.201649]]",3586,Multi-Family
,,,198885,,2026-04-05T14:47:54.053962,LoopNet API,38223668,"[[-77.508242, 43.18241]]",2189,Industrial
,,,1761852,,2026-04-05T14:47:54.053964,LoopNet API,38013173,"[[-77.653018, 43.149681]]",1227,Industrial
,,,382855,,2026-04-05T14:47:54.053966,LoopNet API,37994174,"[[-77.675616, 43.037633]]",3109,Retail
,,,1043766,,2026-04-05T14:47:54.053968,LoopNet API,37974523,"[[-77.606928, 43.160039]]",4587,Multi-Family
,,,1425521,,2026-04-05T14:47:54.053970,LoopNet API,37938064,"[[-77.609412, 43.159125]]",4857,Office
,,,750340,,2026-04-05T14:47:54.053972,LoopNet API,37863022,"[[-77.66444, 43.13292]]",2108,Office
,,,702912,,2026-04-05T14:47:54.053974,LoopNet API,37840949,"[[-77.607784, 43.14062]]",3037,Office
,,,1653722,,2026-04-05T14:47:54.053976,LoopNet API,37766162,"[[-77.659114, 43.15824]]",839,Multi-Family
,,,1435283,,2026-04-05T14:47:54.053978,LoopNet API,37685380,"[[-77.640861, 43.080778]]",1978,Industrial
,,,1395189,,2026-04-05T14:47:54.053980,LoopNet API,37564679,"[[-77.601539, 43.089175], [-77.602465, 43.089255]]",1432,Multi-Family
,,,426610,,2026-04-05T14:47:54.053982,LoopNet API,37029121,"[[-77.704267, 43.185293]]",520,Retail
,,,812782,,2026-04-05T14:47:54.053983,LoopNet API,36999876,"[[-77.618147, 43.103253]]",3571,Retail
,,,1019663,,2026-04-05T14:47:54.053985,LoopNet API,36911005,"[[-77.665334, 43.133994]]",4691,Retail
,,,907141,,2026-04-05T14:47:54.053988,LoopNet API,36845807,"[[-77.521768, 43.091687]]",3425,Office
,,,1141322,,2026-04-05T14:47:54.053990,LoopNet API,36694513,"[[-77.618797, 43.102607]]",1785,Retail
,,,1503351,,2026-04-05T14:47:54.053992,LoopNet API,36693922,"[[-77.618859, 43.102351]]",1107,Industrial
,,,837905,,2026-04-05T14:47:54.053994,LoopNet API,36611613,"[[-77.628904, 43.174154]]",2085,Multi-Family
,,,1837642,,2026-04-05T14:47:54.053996,LoopNet API,36398849,"[[-77.581112, 43.0941]]",1948,Multi-Family
,,,730925,,2026-04-05T14:47:54.053998,LoopNet API,35789458,"[[-77.710627, 43.146659]]",4718,Industrial
,,,1697001,,2026-04-05T14:47:54.054000,LoopNet API,35561380,"[[-77.603447, 43.147115]]",2875,Industrial
,,,1466195,,2026-04-05T14:47:54.054002,LoopNet API,35029105,"[[-77.593411, 43.12617]]",1911,Retail
,,,1752208,,2026-04-05T14:47:54.054004,LoopNet API,34615706,"[[-77.631762, 43.087828]]",678,Multi-Family
,,,941891,,2026-04-05T14:47:54.054006,LoopNet API,34483921,"[[-77.628616, 43.135441]]",2739,Office
,,,1060693,,2026-04-05T14:47:54.054008,LoopNet API,33831590,"[[-77.761502, 43.097409]]",2341,Industrial
,,,672312,,2026-04-05T14:47:54.054010,LoopNet API,33830092,"[[-77.734078, 43.095041]]",3207,Industrial
,,,614198,,2026-04-05T14:47:54.054013,LoopNet API,33162249,"[[-77.611413, 43.155727]]",978,Retail
,,,1972242,,2026-04-05T14:47:54.054015,LoopNet API,33041169,"[[-77.593028, 43.146437]]",4872,Industrial
,,,1511208,,2026-04-05T14:47:54.054017,LoopNet API,32968464,"[[-77.589541, 43.144419]]",4704,Retail
,,,884492,,2026-04-05T14:47:54.054019,LoopNet API,32876301,"[[-77.693209, 43.210131]]",2811,Multi-Family
,,,1231724,,2026-04-05T14:47:54.054022,LoopNet API,32654787,"[[-77.650142, 43.135638]]",1050,Industrial
,,,1277657,,2026-04-05T14:47:54.054024,LoopNet API,32554456,"[[-77.615191, 43.159897]]",3824,Multi-Family
,,,1787452,,2026-04-05T14:47:54.054026,LoopNet API,32378445,"[[-77.665955, 43.259908]]",4869,Office
,,,1488851,,2026-04-05T14:47:54.054028,LoopNet API,32108855,"[[-77.561308, 43.204157]]",2153,Multi-Family
,,,184575,,2026-04-05T14:47:54.054030,LoopNet API,31478200,"[[-77.673524, 43.109445]]",2036,Multi-Family
,,,547997,,2026-04-05T14:47:54.054032,LoopNet API,31300848,"[[-77.455286, 43.209852]]",1215,Industrial
,,,286699,,2026-04-05T14:47:54.054034,LoopNet API,30644543,"[[-77.623535, 43.147484]]",752,Multi-Family
,,,1394373,,2026-04-05T14:47:54.054036,LoopNet API,29057874,"[[-77.636271, 43.0941]]",1859,Office
,,,167992,,2026-04-05T14:47:54.054038,LoopNet API,28764317,"[[-74.193444, 40.921858], [-77.656597, 43.11786]]",4273,Multi-Family
,,,1057511,,2026-04-05T14:47:54.054040,LoopNet API,28639149,"[[-77.620477, 43.086632]]",1059,Multi-Family
,,,1548109,,2026-04-05T14:47:54.054042,LoopNet API,28431245,"[[-77.587104, 43.18259]]",4992,Multi-Family
,,,1868426,,2026-04-05T14:47:54.054044,LoopNet API,27373913,"[[-77.616208, 43.068077]]",4205,Office
,,,1414793,,2026-04-05T14:47:54.054047,LoopNet API,25607807,"[[-77.561877, 43.175906]]",3336,Multi-Family
,,,328058,,2026-04-05T14:47:54.054049,LoopNet API,25060286,"[[-77.731417, 43.213995]]",874,Multi-Family
,,,1538066,,2026-04-05T14:47:54.054051,LoopNet API,24504892,"[[-77.602434, 43.161704]]",1998,Office
,,,883637,,2026-04-05T14:47:54.054053,LoopNet API,22039846,"[[-77.711586, 43.210741]]",4784,Retail
,,,721285,,2026-04-05T14:47:54.054055,LoopNet API,18800479,"[[-77.697693, 43.105656]]",4260,Industrial
,,,1935245,,2026-04-05T14:47:54.054057,LoopNet API,16334777,"[[-77.735362, 43.214659]]",3614,Office
,,,515260,,2026-04-05T14:47:54.054060,LoopNet API,9282621,"[[-77.66594, 43.014168]]",1433,Multi-Family
,,,967756,,2026-04-05T14:47:54.054062,LoopNet API,39690768,"[[-77.636795, 43.199908]]",1595,Industrial
,,,1018668,,2026-04-05T14:47:54.054064,LoopNet API,39543460,"[[-77.598923, 43.210388]]",526,Retail
,,,624618,,2026-04-05T14:47:54.054066,LoopNet API,39135136,"[[-77.450523, 43.107187]]",937,Multi-Family
,,,1350759,,2026-04-05T14:47:54.054068,LoopNet API,37835183,"[[-77.689202, 43.184202]]",3174,Industrial
,,,1307414,,2026-04-05T14:47:54.054070,LoopNet API,37802144,"[[-77.729757, 43.216637]]",2980,Multi-Family
,,,501053,,2026-04-05T14:47:54.054072,LoopNet API,37685159,"[[-77.507708, 43.180254]]",4892,Industrial
,,,1348749,,2026-04-05T14:47:54.054074,LoopNet API,37672628,"[[-77.58338, 43.161273]]",4415,Multi-Family
,,,254597,,2026-04-05T14:47:54.054076,LoopNet API,36753479,"[[-77.609031, 43.188089]]",4340,Office
,,,1044730,,2026-04-05T14:47:54.054078,LoopNet API,35918214,"[[-77.598063, 43.158212]]",2812,Multi-Family
,,,966869,,2026-04-05T14:47:54.054081,LoopNet API,34615563,"[[-77.606169, 43.123466]]",4377,Multi-Family
,,,1565535,,2026-04-05T14:47:54.054083,LoopNet API,33967070,"[[-77.600692, 43.090541]]",4353,Retail
,,,1854984,,2026-04-05T14:47:54.054085,LoopNet API,33594054,"[[-77.59515, 43.197256]]",2359,Retail
,,,1304523,,2026-04-05T14:47:54.054087,LoopNet API,33563624,"[[-77.670594, 43.205411]]",1736,Multi-Family
,,,1978987,,2026-04-05T14:47:54.054094,LoopNet API,31365120,"[[-77.617893, 43.104205]]",851,Office
,,,1791165,,2026-04-05T14:47:54.054097,LoopNet API,31072254,"[[-77.672354, 43.208394]]",4788,Retail
,,,615496,,2026-04-05T14:47:54.054101,LoopNet API,29679893,"[[-77.625991, 43.083275]]",3268,Office
,,,1589407,,2026-04-05T14:47:54.054105,LoopNet API,27340026,"[[-77.596171, 43.094725]]",2196,Retail
,,,1641806,,2026-04-05T14:47:54.054115,LoopNet API,25423067,"[[-77.660068, 43.189489]]",2831,Industrial
,,,850692,,2026-04-05T14:47:54.054119,LoopNet API,39240335,"[[-77.626972, 43.266573]]",2568,Retail
,,,568674,,2026-04-05T14:47:54.054123,LoopNet API,38506503,"[[-77.722156, 43.147954]]",1671,Office
,,,671966,,2026-04-05T14:47:54.054127,LoopNet API,39688759,"[[-77.491895, 43.134963]]",4755,Office
,,,1816913,,2026-04-05T14:47:54.054130,LoopNet API,39935759,"[[-77.59466, 43.158984]]",4481,Multi-Family
,,,1057402,,2026-04-05T14:47:54.054134,LoopNet API,39922564,"[[-77.629057, 43.164435]]",1198,Industrial
,,,1528244,,2026-04-05T14:47:54.054138,LoopNet API,39893735,"[[-77.660457, 43.193003]]",3272,Industrial
,,,745453,,2026-04-05T14:47:54.054140,LoopNet API,39493768,"[[-77.652739, 43.183327]]",989,Industrial
,,,813852,,2026-04-05T14:47:54.054142,LoopNet API,39307982,"[[-77.653809, 43.164869]]",3316,Industrial
,,,459530,,2026-04-05T14:47:54.054144,LoopNet API,39179151,"[[-77.637042, 43.21747]]",4879,Retail
,,,924945,,2026-04-05T14:47:54.054146,LoopNet API,39135313,"[[-77.59963, 43.147174]]",3276,Multi-Family
,,,1690111,,2026-04-05T14:47:54.054148,LoopNet API,38805754,"[[-77.609516, 43.159373], [-77.60937, 43.159498], [-77.609022, 43.159498]]",3138,Industrial
,,,1787109,,2026-04-05T14:47:54.054151,LoopNet API,38672790,"[[-77.695841, 43.252085]]",3179,Multi-Family
,,,700047,,2026-04-05T14:47:54.054153,LoopNet API,38658813,"[[-77.62946, 43.144108]]",4844,Office
,,,304085,,2026-04-05T14:47:54.054155,LoopNet API,38657835,"[[-77.680431, 43.165312]]",2885,Multi-Family
,,,1913394,,2026-04-05T14:47:54.054157,LoopNet API,38642840,"[[-77.63687, 43.178827], [-77.642536, 43.179533], [-77.642392, 43.179532], [-77.62665, 43.14951], [-77.62825, 43.15788], [-77.60167, 43.17348], [-77.64267, 43.17865], [-77.574784, 43.159554], [-77.642874, 43.178356], [-77.64269, 43.17833], [-77.648616, 43.175477]]",4795,Multi-Family
,,,246215,,2026-04-05T14:47:54.054159,LoopNet API,38349243,"[[-77.630426, 43.152136]]",3903,Multi-Family
,,,1478968,,2026-04-05T14:47:54.054161,LoopNet API,38336132,"[[-77.606721, 43.148846]]",4324,Office
,,,134461,,2026-04-05T14:47:54.054163,LoopNet API,37642625,"[[-77.521411, 43.091164]]",1932,Retail
,,,657134,,2026-04-05T14:47:54.054165,LoopNet API,37635578,"[[-77.605897, 43.163075]]",2782,Multi-Family
,,,844789,,2026-04-05T14:47:54.054167,LoopNet API,37597791,"[[-77.622107, 43.237705], [-77.650804, 43.149728], [-77.621603, 43.239027]]",1427,Office
,,,1932854,,2026-04-05T14:47:54.054169,LoopNet API,36720805,"[[-77.507789, 43.181558]]",837,Office
,,,1659332,,2026-04-05T14:47:54.054171,LoopNet API,36541756,"[[-77.609937, 43.162058]]",3941,Multi-Family
,,,1436060,,2026-04-05T14:47:54.054173,LoopNet API,36012352,"[[-77.547591, 43.226692]]",2382,Retail
,,,1982065,,2026-04-05T14:47:54.054175,LoopNet API,35743582,"[[-77.552951, 43.1471]]",2505,Industrial
,,,1895908,,2026-04-05T14:47:54.054177,LoopNet API,35635912,"[[-77.663813, 43.204382]]",4183,Office
,,,102850,,2026-04-05T14:47:54.054179,LoopNet API,33820009,"[[-77.599713, 43.172094]]",937,Office
,,,1143172,,2026-04-05T14:47:54.054181,LoopNet API,33012857,"[[-77.750032, 43.254493]]",4465,Multi-Family
,,,879125,,2026-04-05T14:47:54.054183,LoopNet API,32888406,"[[-77.658047, 43.128951]]",2154,Industrial
,,,216583,,2026-04-05T14:47:54.054185,LoopNet API,31278281,"[[-77.614263, 43.17995]]",2147,Retail
,,,1485518,,2026-04-05T14:47:54.054187,LoopNet API,28535219,"[[-77.640383, 43.058454]]",1461,Industrial
,,,1236507,,2026-04-05T14:47:54.054189,LoopNet API,25194189,"[[-77.5988, 43.20861]]",1468,Multi-Family
,,,138066,,2026-04-05T14:47:54.054192,LoopNet API,37336938,"[[-77.68565, 43.186082]]",2355,Multi-Family
,,,909991,,2026-04-05T14:47:54.054194,LoopNet API,35191239,"[[-77.462175, 43.110628]]",3805,Retail
,,,286261,,2026-04-05T14:47:54.054196,LoopNet API,29771223,"[[-77.599426, 43.193142], [-77.599521, 43.192894], [-77.599646, 43.193356]]",1492,Multi-Family
,,,1907548,,2026-04-05T14:47:54.054198,LoopNet API,25271303,"[[-77.652613, 43.187679]]",4609,Office
,,,1836291,,2026-04-05T14:47:54.054200,LoopNet API,15015949,"[[-77.43438, 43.15122]]",1922,Multi-Family
,,,1097448,,2026-04-05T14:47:54.054201,LoopNet API,37144799,"[[-77.445522, 43.127799], [-77.446778, 43.126919]]",855,Industrial
,,,164465,,2026-04-05T14:51:30.460001,LoopNet API,39993415,"[[-77.611223, 43.160168]]",3627,Office
,,,1277364,,2026-04-05T14:51:30.460013,LoopNet API,39915284,"[[-77.607737, 43.15959]]",1939,Multi-Family
,,,481156,,2026-04-05T14:51:30.460017,LoopNet API,39871963,"[[-77.61928, 43.103326]]",4200,Multi-Family
,,,1902098,,2026-04-05T14:51:30.460019,LoopNet API,39854150,"[[-77.606577, 43.071999]]",2861,Industrial
,,,760344,,2026-04-05T14:51:30.460021,LoopNet API,39817288,"[[-77.630988, 43.19586]]",1664,Industrial
,,,1238004,,2026-04-05T14:51:30.460023,LoopNet API,39712189,"[[-77.678778, 43.108532]]",3842,Office
,,,171429,,2026-04-05T14:51:30.460025,LoopNet API,39625204,"[[-77.7088, 43.146607]]",562,Office
,,,684898,,2026-04-05T14:51:30.460027,LoopNet API,39616616,"[[-77.696694, 43.183124]]",2876,Office
,,,1797750,,2026-04-05T14:51:30.460030,LoopNet API,39602403,"[[-77.452169, 43.208601]]",2251,Multi-Family
,,,849313,,2026-04-05T14:51:30.460032,LoopNet API,39577570,"[[-77.732154, 43.217996]]",3057,Office
,,,1646204,,2026-04-05T14:51:30.460033,LoopNet API,39558241,"[[-77.486755, 43.079174]]",2445,Retail
,,,1149553,,2026-04-05T14:51:30.460035,LoopNet API,39432321,"[[-77.603237, 43.115479]]",3154,Office
,,,409171,,2026-04-05T14:51:30.460037,LoopNet API,39402981,"[[-77.569621, 43.201708]]",2042,Retail
,,,713110,,2026-04-05T14:51:30.460039,LoopNet API,39388644,"[[-77.583062, 43.163556]]",1415,Industrial
,,,1646577,,2026-04-05T14:51:30.460040,LoopNet API,39323587,"[[-77.628679, 43.099292]]",3063,Multi-Family
,,,1529059,,2026-04-05T14:51:30.460042,LoopNet API,39322261,"[[-77.628546, 43.135555], [-77.62244, 43.13992], [-77.62866, 43.13642], [-77.64013, 43.12885]]",3155,Industrial
,,,780526,,2026-04-05T14:51:30.460044,LoopNet API,39317559,"[[-77.652737, 43.184384]]",602,Office
,,,635608,,2026-04-05T14:51:30.460046,LoopNet API,39302800,"[[-77.687407, 43.208923]]",3649,Multi-Family
,,,1112558,,2026-04-05T14:51:30.460048,LoopNet API,39270340,"[[-77.596377, 43.140599], [-77.595678, 43.140665], [-77.596294, 43.140951], [-77.596385, 43.140912], [-77.596329, 43.140442]]",4059,Multi-Family
,,,250091,,2026-04-05T14:51:30.460049,LoopNet API,39265429,"[[-77.579476, 43.138666]]",4289,Multi-Family
,,,561298,,2026-04-05T14:51:30.460051,LoopNet API,39265207,"[[-77.579987, 43.150797]]",2614,Multi-Family
,,,1566890,,2026-04-05T14:51:30.460053,LoopNet API,39228650,"[[-77.615279, 43.101188]]",3692,Multi-Family
,,,964362,,2026-04-05T14:51:30.460055,LoopNet API,39172088,"[[-77.674289, 43.111963]]",1823,Office
,,,622561,,2026-04-05T14:51:30.460057,LoopNet API,39113038,"[[-77.641053, 43.146858]]",4006,Multi-Family
,,,1496554,,2026-04-05T14:51:30.460058,LoopNet API,39108272,"[[-77.63549, 43.154894]]",1683,Multi-Family
,,,1685934,,2026-04-05T14:51:30.460060,LoopNet API,39082310,"[[-77.607652, 43.180298]]",1950,Industrial
,,,436751,,2026-04-05T14:51:30.460062,LoopNet API,39042100,"[[-77.632072, 43.179548]]",1120,Multi-Family
,,,1963922,,2026-04-05T14:51:30.460063,LoopNet API,39031619,"[[-77.559786, 43.169987]]",1363,Multi-Family
,,,911594,,2026-04-05T14:51:30.460065,LoopNet API,39029056,"[[-77.629854, 43.253288]]",3751,Office
,,,243497,,2026-04-05T14:51:30.460067,LoopNet API,38816016,"[[-77.66101, 43.149414]]",4062,Industrial
,,,1366863,,2026-04-05T14:51:30.460068,LoopNet API,38794915,"[[-77.651745, 43.145283]]",3613,Multi-Family
,,,281990,,2026-04-05T14:51:30.460070,LoopNet API,38693769,"[[-77.642082, 43.222331]]",2385,Retail
,,,1112069,,2026-04-05T14:51:30.460071,LoopNet API,38658005,"[[-77.649384, 43.161883]]",4992,Office
,,,1964876,,2026-04-05T14:51:30.460073,LoopNet API,38636419,"[[-77.626949, 43.16643], [-77.600855, 43.173812]]",3052,Industrial
,,,1948566,,2026-04-05T14:51:30.460075,LoopNet API,38636410,"[[-77.661895, 43.046676]]",833,Office
,,,508651,,2026-04-05T14:51:30.460077,LoopNet API,38610227,"[[-77.564976, 43.14901]]",4667,Multi-Family
,,,468019,,2026-04-05T14:51:30.460078,LoopNet API,38579493,"[[-77.65508, 43.153301]]",4760,Office
,,,1261235,,2026-04-05T14:51:30.460080,LoopNet API,38553022,"[[-77.599309, 43.157494]]",3226,Retail
,,,260520,,2026-04-05T14:51:30.460081,LoopNet API,38530756,"[[-77.59832, 43.159179]]",851,Multi-Family
,,,1099434,,2026-04-05T14:51:30.460083,LoopNet API,38530691,"[[-77.599626, 43.159095]]",1757,Office
,,,1757235,,2026-04-05T14:51:30.460085,LoopNet API,38500653,"[[-77.59903, 43.142998]]",4797,Industrial
,,,766839,,2026-04-05T14:51:30.460087,LoopNet API,38455770,"[[-77.63365, 43.197508]]",2014,Industrial
,,,1702336,,2026-04-05T14:51:30.460089,LoopNet API,38433685,"[[-77.509827, 43.178265]]",4904,Industrial
,,,1145900,,2026-04-05T14:51:30.460090,LoopNet API,38423222,"[[-77.670455, 43.205365]]",1159,Office
,,,174731,,2026-04-05T14:51:30.460092,LoopNet API,38410033,"[[-77.612807, 43.165168]]",4237,Office
,,,1410036,,2026-04-05T14:51:30.460093,LoopNet API,38391803,"[[-77.69616, 43.221334]]",569,Multi-Family
,,,685872,,2026-04-05T14:51:30.460095,LoopNet API,38357735,"[[-77.61102, 43.25571]]",3224,Retail
,,,1009574,,2026-04-05T14:51:30.460096,LoopNet API,38353121,"[[-77.487226, 43.118583]]",1905,Industrial
,,,1493903,,2026-04-05T14:51:30.460098,LoopNet API,38337053,"[[-77.736792, 43.182119]]",3827,Multi-Family
,,,651415,,2026-04-05T14:51:30.460099,LoopNet API,38306416,"[[-77.618951, 43.10377], [-77.619241, 43.104197]]",2257,Office
,,,573489,,2026-04-05T14:51:30.460101,LoopNet API,38263561,"[[-77.66493, 43.131087]]",2460,Industrial
,,,326172,,2026-04-05T14:51:30.460102,LoopNet API,38226122,"[[-77.641095, 43.201649]]",3346,Industrial
,,,949990,,2026-04-05T14:51:30.460104,LoopNet API,38223668,"[[-77.508242, 43.18241]]",2986,Retail
,,,1086753,,2026-04-05T14:51:30.460106,LoopNet API,38013173,"[[-77.653018, 43.149681]]",4744,Retail
,,,1386360,,2026-04-05T14:51:30.460108,LoopNet API,37994174,"[[-77.675616, 43.037633]]",1032,Multi-Family
,,,378966,,2026-04-05T14:51:30.460109,LoopNet API,37974523,"[[-77.606928, 43.160039]]",3330,Office
,,,431649,,2026-04-05T14:51:30.460111,LoopNet API,37938064,"[[-77.609412, 43.159125]]",3325,Industrial
,,,383497,,2026-04-05T14:51:30.460112,LoopNet API,37863022,"[[-77.66444, 43.13292]]",1668,Office
,,,779616,,2026-04-05T14:51:30.460114,LoopNet API,37840949,"[[-77.607784, 43.14062]]",927,Industrial
,,,780983,,2026-04-05T14:51:30.460115,LoopNet API,37766162,"[[-77.659114, 43.15824]]",2780,Retail
,,,1004104,,2026-04-05T14:51:30.460117,LoopNet API,37685380,"[[-77.640861, 43.080778]]",2280,Retail
,,,1547608,,2026-04-05T14:51:30.460118,LoopNet API,37564679,"[[-77.601539, 43.089175], [-77.602465, 43.089255]]",4790,Retail
,,,1767588,,2026-04-05T14:51:30.460120,LoopNet API,37029121,"[[-77.704267, 43.185293]]",1437,Office
,,,1677665,,2026-04-05T14:51:30.460121,LoopNet API,36999876,"[[-77.618147, 43.103253]]",3649,Industrial
,,,731969,,2026-04-05T14:51:30.460123,LoopNet API,36911005,"[[-77.665334, 43.133994]]",2635,Industrial
,,,1426790,,2026-04-05T14:51:30.460125,LoopNet API,36845807,"[[-77.521768, 43.091687]]",2629,Retail
,,,1854193,,2026-04-05T14:51:30.460127,LoopNet API,36694513,"[[-77.618797, 43.102607]]",2473,Retail
,,,1515098,,2026-04-05T14:51:30.460129,LoopNet API,36693922,"[[-77.618859, 43.102351]]",4239,Multi-Family
,,,452245,,2026-04-05T14:51:30.460130,LoopNet API,36611613,"[[-77.628904, 43.174154]]",697,Retail
,,,111236,,2026-04-05T14:51:30.460132,LoopNet API,36398849,"[[-77.581112, 43.0941]]",3554,Retail
,,,1014888,,2026-04-05T14:51:30.460133,LoopNet API,35789458,"[[-77.710627, 43.146659]]",3649,Multi-Family
,,,1276466,,2026-04-05T14:51:30.460135,LoopNet API,35561380,"[[-77.603447, 43.147115]]",3710,Industrial
,,,1849852,,2026-04-05T14:51:30.460136,LoopNet API,35029105,"[[-77.593411, 43.12617]]",4131,Retail
,,,157965,,2026-04-05T14:51:30.460138,LoopNet API,34615706,"[[-77.631762, 43.087828]]",1250,Retail
,,,1523344,,2026-04-05T14:51:30.460139,LoopNet API,34483921,"[[-77.628616, 43.135441]]",2492,Retail
,,,802956,,2026-04-05T14:51:30.460141,LoopNet API,33831590,"[[-77.761502, 43.097409]]",4964,Retail
,,,1592486,,2026-04-05T14:51:30.460142,LoopNet API,33830092,"[[-77.734078, 43.095041]]",4340,Industrial
,,,1206198,,2026-04-05T14:51:30.460145,LoopNet API,33162249,"[[-77.611413, 43.155727]]",3022,Industrial
,,,1249622,,2026-04-05T14:51:30.460147,LoopNet API,33041169,"[[-77.593028, 43.146437]]",1517,Multi-Family
,,,593932,,2026-04-05T14:51:30.460149,LoopNet API,32968464,"[[-77.589541, 43.144419]]",2045,Office
,,,675910,,2026-04-05T14:51:30.460150,LoopNet API,32876301,"[[-77.693209, 43.210131]]",2807,Office
,,,116975,,2026-04-05T14:51:30.460152,LoopNet API,32654787,"[[-77.650142, 43.135638]]",4015,Office
,,,1922224,,2026-04-05T14:51:30.460154,LoopNet API,32554456,"[[-77.615191, 43.159897]]",1712,Multi-Family
,,,1268418,,2026-04-05T14:51:30.460155,LoopNet API,32378445,"[[-77.665955, 43.259908]]",1206,Retail
,,,913255,,2026-04-05T14:51:30.460157,LoopNet API,32108855,"[[-77.561308, 43.204157]]",4383,Multi-Family
,,,1995612,,2026-04-05T14:51:30.460158,LoopNet API,31478200,"[[-77.673524, 43.109445]]",3128,Industrial
,,,1788853,,2026-04-05T14:51:30.460160,LoopNet API,31300848,"[[-77.455286, 43.209852]]",3289,Multi-Family
,,,649968,,2026-04-05T14:51:30.460162,LoopNet API,30644543,"[[-77.623535, 43.147484]]",1998,Office
,,,1961290,,2026-04-05T14:51:30.460164,LoopNet API,29057874,"[[-77.636271, 43.0941]]",4441,Industrial
,,,1707350,,2026-04-05T14:51:30.460165,LoopNet API,28764317,"[[-74.193444, 40.921858], [-77.656597, 43.11786]]",988,Retail
,,,273668,,2026-04-05T14:51:30.460167,LoopNet API,28639149,"[[-77.620477, 43.086632]]",4263,Office
,,,1968714,,2026-04-05T14:51:30.460169,LoopNet API,28431245,"[[-77.587104, 43.18259]]",1893,Multi-Family
,,,1143899,,2026-04-05T14:51:30.460170,LoopNet API,27373913,"[[-77.616208, 43.068077]]",3044,Multi-Family
,,,1847124,,2026-04-05T14:51:30.460172,LoopNet API,25607807,"[[-77.561877, 43.175906]]",2613,Industrial
,,,103545,,2026-04-05T14:51:30.460174,LoopNet API,25060286,"[[-77.731417, 43.213995]]",3348,Retail
,,,1324963,,2026-04-05T14:51:30.460176,LoopNet API,24504892,"[[-77.602434, 43.161704]]",1604,Industrial
,,,1210265,,2026-04-05T14:51:30.460177,LoopNet API,22039846,"[[-77.711586, 43.210741]]",586,Office
,,,894083,,2026-04-05T14:51:30.460179,LoopNet API,18800479,"[[-77.697693, 43.105656]]",1894,Industrial
,,,1617468,,2026-04-05T14:51:30.460181,LoopNet API,16334777,"[[-77.735362, 43.214659]]",2715,Retail
,,,352380,,2026-04-05T14:51:30.460183,LoopNet API,9282621,"[[-77.66594, 43.014168]]",698,Retail
,,,1666480,,2026-04-05T14:51:30.460185,LoopNet API,39690768,"[[-77.636795, 43.199908]]",713,Multi-Family
,,,345942,,2026-04-05T14:51:30.460186,LoopNet API,39543460,"[[-77.598923, 43.210388]]",990,Industrial
,,,1563940,,2026-04-05T14:51:30.460188,LoopNet API,39135136,"[[-77.450523, 43.107187]]",2143,Office
,,,1930861,,2026-04-05T14:51:30.460189,LoopNet API,37835183,"[[-77.689202, 43.184202]]",3975,Retail
,,,640542,,2026-04-05T14:51:30.460191,LoopNet API,37802144,"[[-77.729757, 43.216637]]",2487,Industrial
,,,183822,,2026-04-05T14:51:30.460193,LoopNet API,37685159,"[[-77.507708, 43.180254]]",4794,Multi-Family
,,,338378,,2026-04-05T14:51:30.460194,LoopNet API,37672628,"[[-77.58338, 43.161273]]",1625,Industrial
,,,654326,,2026-04-05T14:51:30.460196,LoopNet API,36753479,"[[-77.609031, 43.188089]]",4925,Industrial
,,,1558106,,2026-04-05T14:51:30.460198,LoopNet API,35918214,"[[-77.598063, 43.158212]]",1662,Office
,,,942935,,2026-04-05T14:51:30.460200,LoopNet API,34615563,"[[-77.606169, 43.123466]]",3167,Office
,,,1443705,,2026-04-05T14:51:30.460202,LoopNet API,33967070,"[[-77.600692, 43.090541]]",3079,Multi-Family
,,,1428738,,2026-04-05T14:51:30.460203,LoopNet API,33594054,"[[-77.59515, 43.197256]]",4420,Industrial
,,,807759,,2026-04-05T14:51:30.460205,LoopNet API,33563624,"[[-77.670594, 43.205411]]",2014,Industrial
,,,1524832,,2026-04-05T14:51:30.460207,LoopNet API,31365120,"[[-77.617893, 43.104205]]",3766,Multi-Family
,,,1643878,,2026-04-05T14:51:30.460208,LoopNet API,31072254,"[[-77.672354, 43.208394]]",1323,Retail
,,,1267611,,2026-04-05T14:51:30.460210,LoopNet API,29679893,"[[-77.625991, 43.083275]]",1694,Multi-Family
,,,1018985,,2026-04-05T14:51:30.460211,LoopNet API,27340026,"[[-77.596171, 43.094725]]",1167,Retail
,,,137564,,2026-04-05T14:51:30.460213,LoopNet API,25423067,"[[-77.660068, 43.189489]]",4363,Industrial
,,,489721,,2026-04-05T14:51:30.460215,LoopNet API,39240335,"[[-77.626972, 43.266573]]",3062,Industrial
,,,1459953,,2026-04-05T14:51:30.460223,LoopNet API,38506503,"[[-77.722156, 43.147954]]",1272,Retail
,,,952256,,2026-04-05T14:51:30.460225,LoopNet API,39688759,"[[-77.491895, 43.134963]]",2158,Office
,,,555325,,2026-04-05T14:51:30.460226,LoopNet API,39935759,"[[-77.59466, 43.158984]]",4976,Retail
,,,1655030,,2026-04-05T14:51:30.460228,LoopNet API,39922564,"[[-77.629057, 43.164435]]",3718,Industrial
,,,1735553,,2026-04-05T14:51:30.460230,LoopNet API,39893735,"[[-77.660457, 43.193003]]",1360,Multi-Family
,,,113559,,2026-04-05T14:51:30.460231,LoopNet API,39493768,"[[-77.652739, 43.183327]]",3547,Office
,,,114874,,2026-04-05T14:51:30.460233,LoopNet API,39307982,"[[-77.653809, 43.164869]]",4261,Multi-Family
,,,1722745,,2026-04-05T14:51:30.460235,LoopNet API,39179151,"[[-77.637042, 43.21747]]",2735,Multi-Family
,,,1259386,,2026-04-05T14:51:30.460236,LoopNet API,39135313,"[[-77.59963, 43.147174]]",973,Office
,,,886117,,2026-04-05T14:51:30.460238,LoopNet API,38805754,"[[-77.609516, 43.159373], [-77.60937, 43.159498], [-77.609022, 43.159498]]",3727,Retail
,,,464000,,2026-04-05T14:51:30.460240,LoopNet API,38672790,"[[-77.695841, 43.252085]]",3504,Industrial
,,,1847594,,2026-04-05T14:51:30.460241,LoopNet API,38658813,"[[-77.62946, 43.144108]]",2594,Office
,,,395088,,2026-04-05T14:51:30.460243,LoopNet API,38657835,"[[-77.680431, 43.165312]]",1001,Multi-Family
,,,207973,,2026-04-05T14:51:30.460244,LoopNet API,38642840,"[[-77.63687, 43.178827], [-77.642536, 43.179533], [-77.642392, 43.179532], [-77.62665, 43.14951], [-77.62825, 43.15788], [-77.60167, 43.17348], [-77.64267, 43.17865], [-77.574784, 43.159554], [-77.642874, 43.178356], [-77.64269, 43.17833], [-77.648616, 43.175477]]",2049,Industrial
,,,1261834,,2026-04-05T14:51:30.460246,LoopNet API,38349243,"[[-77.630426, 43.152136]]",4144,Office
,,,852544,,2026-04-05T14:51:30.460248,LoopNet API,38336132,"[[-77.606721, 43.148846]]",3520,Retail
,,,1843864,,2026-04-05T14:51:30.460275,LoopNet API,37642625,"[[-77.521411, 43.091164]]",765,Retail
,,,1071081,,2026-04-05T14:51:30.460277,LoopNet API,37635578,"[[-77.605897, 43.163075]]",3534,Industrial
,,,606336,,2026-04-05T14:51:30.460279,LoopNet API,37597791,"[[-77.622107, 43.237705], [-77.650804, 43.149728], [-77.621603, 43.239027]]",3076,Multi-Family
,,,603598,,2026-04-05T14:51:30.460280,LoopNet API,36720805,"[[-77.507789, 43.181558]]",2801,Office
,,,1170882,,2026-04-05T14:51:30.460282,LoopNet API,36541756,"[[-77.609937, 43.162058]]",3227,Office
,,,220657,,2026-04-05T14:51:30.460283,LoopNet API,36012352,"[[-77.547591, 43.226692]]",3786,Retail
,,,228549,,2026-04-05T14:51:30.460285,LoopNet API,35743582,"[[-77.552951, 43.1471]]",1817,Industrial
,,,944387,,2026-04-05T14:51:30.460286,LoopNet API,35635912,"[[-77.663813, 43.204382]]",3906,Industrial
,,,1254132,,2026-04-05T14:51:30.460288,LoopNet API,33820009,"[[-77.599713, 43.172094]]",724,Office
,,,1741424,,2026-04-05T14:51:30.460290,LoopNet API,33012857,"[[-77.750032, 43.254493]]",4135,Multi-Family
,,,913268,,2026-04-05T14:51:30.460292,LoopNet API,32888406,"[[-77.658047, 43.128951]]",1454,Office
,,,1679156,,2026-04-05T14:51:30.460293,LoopNet API,31278281,"[[-77.614263, 43.17995]]",2757,Retail
,,,1434550,,2026-04-05T14:51:30.460295,LoopNet API,28535219,"[[-77.640383, 43.058454]]",2720,Retail
,,,1022994,,2026-04-05T14:51:30.460296,LoopNet API,25194189,"[[-77.5988, 43.20861]]",2169,Office
,,,1819087,,2026-04-05T14:51:30.460299,LoopNet API,37336938,"[[-77.68565, 43.186082]]",1026,Retail
,,,1776423,,2026-04-05T14:51:30.460300,LoopNet API,35191239,"[[-77.462175, 43.110628]]",2734,Multi-Family
,,,693151,,2026-04-05T14:51:30.460302,LoopNet API,29771223,"[[-77.599426, 43.193142], [-77.599521, 43.192894], [-77.599646, 43.193356]]",2958,Office
,,,1072973,,2026-04-05T14:51:30.460304,LoopNet API,25271303,"[[-77.652613, 43.187679]]",4870,Retail
,,,1166604,,2026-04-05T14:51:30.460305,LoopNet API,15015949,"[[-77.43438, 43.15122]]",3663,Office
,,,1754851,,2026-04-05T14:51:30.460307,LoopNet API,37144799,"[[-77.445522, 43.127799], [-77.446778, 43.126919]]",1840,Office
,,,196210,,2026-04-10T18:20:11.411843,LoopNet API,33157222,"[[-77.629305, 43.193999]]",3851,Industrial
,,,1940482,,2026-04-10T18:20:11.411863,LoopNet API,39251110,"[[-77.477505, 43.204216]]",1492,Office
,,,347496,,2026-04-10T18:20:11.411868,LoopNet API,39817288,"[[-77.630988, 43.19586]]",1592,Retail
,,,608252,,2026-04-10T18:20:11.411872,LoopNet API,39712189,"[[-77.678778, 43.108532]]",4540,Retail
,,,1153804,,2026-04-10T18:20:11.411876,LoopNet API,39625204,"[[-77.7088, 43.146607]]",2570,Retail
,,,589008,,2026-04-10T18:20:11.411879,LoopNet API,39616616,"[[-77.696694, 43.183124]]",806,Retail
,,,425014,,2026-04-10T18:20:11.411883,LoopNet API,39602403,"[[-77.452169, 43.208601]]",3059,Industrial
,,,216601,,2026-04-10T18:20:11.411886,LoopNet API,39587954,"[[-77.699985, 43.149222]]",644,Multi-Family
,,,1045086,,2026-04-10T18:20:11.411890,LoopNet API,39577570,"[[-77.732281, 43.21782]]",2583,Multi-Family
,,,1041392,,2026-04-10T18:20:11.411893,LoopNet API,39558241,"[[-77.486755, 43.079174]]",4988,Office
,,,256182,,2026-04-10T18:20:11.411896,LoopNet API,39432321,"[[-77.603237, 43.115479]]",3116,Retail
,,,1067192,,2026-04-10T18:20:11.411911,LoopNet API,39402981,"[[-77.569621, 43.201708]]",508,Industrial
,,,1595266,,2026-04-10T18:20:11.411918,LoopNet API,39388644,"[[-77.583062, 43.163556]]",4997,Industrial
,,,877931,,2026-04-10T18:20:11.411921,LoopNet API,39323587,"[[-77.628679, 43.099292]]",1659,Multi-Family
,,,245209,,2026-04-10T18:20:11.411925,LoopNet API,39322261,"[[-77.628546, 43.135555], [-77.62244, 43.13992], [-77.62866, 43.13642], [-77.64013, 43.12885]]",4125,Office
,,,103163,,2026-04-10T18:20:11.411928,LoopNet API,39317559,"[[-77.652737, 43.184384]]",3091,Retail
,,,1636213,,2026-04-10T18:20:11.411931,LoopNet API,39302800,"[[-77.687407, 43.208923]]",749,Retail
,,,1510693,,2026-04-10T18:20:11.411934,LoopNet API,39292350,"[[-77.621133, 43.082114]]",2649,Office
,,,1366330,,2026-04-10T18:20:11.411937,LoopNet API,39270340,"[[-77.596377, 43.140599], [-77.595678, 43.140665], [-77.596294, 43.140951], [-77.596385, 43.140912], [-77.596329, 43.140442]]",4825,Multi-Family
,,,359748,,2026-04-10T18:20:11.411940,LoopNet API,39265429,"[[-77.579476, 43.138666]]",514,Multi-Family
,,,251732,,2026-04-10T18:20:11.411944,LoopNet API,39265207,"[[-77.579987, 43.150797]]",4960,Office
,,,1645843,,2026-04-10T18:20:11.411947,LoopNet API,39228650,"[[-77.615279, 43.101188]]",3157,Multi-Family
,,,414119,,2026-04-10T18:20:11.411950,LoopNet API,39172088,"[[-77.674289, 43.111963]]",3656,Multi-Family
,,,1326806,,2026-04-10T18:20:11.411954,LoopNet API,39113038,"[[-77.641053, 43.146858]]",4243,Office
,,,1450862,,2026-04-10T18:20:11.411957,LoopNet API,39082310,"[[-77.607652, 43.180298]]",2092,Office
,,,1268113,,2026-04-10T18:20:11.411960,LoopNet API,39031619,"[[-77.559786, 43.169987]]",2009,Office
,,,901571,,2026-04-10T18:20:11.411963,LoopNet API,39011722,"[[-77.614977, 43.178606]]",4148,Multi-Family
,,,1151489,,2026-04-10T18:20:11.411966,LoopNet API,38985531,"[[-77.635785, 43.095101]]",1791,Office
,,,356031,,2026-04-10T18:20:11.411969,LoopNet API,38816016,"[[-77.66101, 43.149414]]",3561,Multi-Family
,,,1809432,,2026-04-10T18:20:11.411972,LoopNet API,38794915,"[[-77.651745, 43.145283]]",4916,Industrial
,,,110944,,2026-04-10T18:20:11.411975,LoopNet API,38693769,"[[-77.642082, 43.222331]]",4192,Multi-Family
,,,510237,,2026-04-10T18:20:11.411978,LoopNet API,38658005,"[[-77.649384, 43.161883]]",577,Industrial
,,,226887,,2026-04-10T18:20:11.411981,LoopNet API,38636419,"[[-77.626949, 43.16643], [-77.600855, 43.173812]]",4890,Office
,,,450617,,2026-04-10T18:20:11.411984,LoopNet API,38636410,"[[-77.661895, 43.046676]]",2460,Retail
,,,469384,,2026-04-10T18:20:11.411991,LoopNet API,38610227,"[[-77.564976, 43.14901]]",3357,Multi-Family
,,,1658964,,2026-04-10T18:20:11.411994,LoopNet API,38579493,"[[-77.65508, 43.153301]]",3617,Industrial
,,,1554781,,2026-04-10T18:20:11.411997,LoopNet API,38553022,"[[-77.599309, 43.157494]]",4188,Retail
,,,1244102,,2026-04-10T18:20:11.412000,LoopNet API,38530756,"[[-77.59832, 43.159179]]",2271,Retail
,,,149236,,2026-04-10T18:20:11.412002,LoopNet API,38530691,"[[-77.599626, 43.159095]]",2728,Office
,,,1508800,,2026-04-10T18:20:11.412005,LoopNet API,38500653,"[[-77.59903, 43.142998]]",944,Retail
,,,877664,,2026-04-10T18:20:11.412008,LoopNet API,38455770,"[[-77.63365, 43.197508]]",3778,Multi-Family
,,,390402,,2026-04-10T18:20:11.412011,LoopNet API,38433685,"[[-77.509827, 43.178265]]",1480,Retail
,,,418365,,2026-04-10T18:20:11.412014,LoopNet API,38423222,"[[-77.670455, 43.205365]]",3510,Retail
,,,1814252,,2026-04-10T18:20:11.412016,LoopNet API,38410033,"[[-77.612807, 43.165168]]",1114,Multi-Family
,,,979032,,2026-04-10T18:20:11.412022,LoopNet API,38391803,"[[-77.69616, 43.221334]]",1883,Industrial
,,,1740115,,2026-04-10T18:20:11.412025,LoopNet API,38357735,"[[-77.61102, 43.25571]]",1630,Multi-Family
,,,371192,,2026-04-10T18:20:11.412028,LoopNet API,38353121,"[[-77.487226, 43.118583]]",838,Office
,,,573338,,2026-04-10T18:20:11.412030,LoopNet API,38337053,"[[-77.736792, 43.182119]]",1602,Office
,,,689772,,2026-04-10T18:20:11.412033,LoopNet API,38306416,"[[-77.618951, 43.10377], [-77.619241, 43.104197]]",3036,Multi-Family
,,,1241473,,2026-04-10T18:20:11.412036,LoopNet API,38263561,"[[-77.66493, 43.131087]]",2279,Retail
,,,1827170,,2026-04-10T18:20:11.412038,LoopNet API,38223668,"[[-77.508242, 43.18241]]",2740,Office
,,,1175729,,2026-04-10T18:20:11.412041,LoopNet API,38013173,"[[-77.653018, 43.149681]]",3066,Multi-Family
,,,1332814,,2026-04-10T18:20:11.412044,LoopNet API,37994174,"[[-77.675616, 43.037633]]",3175,Office
,,,1680493,,2026-04-10T18:20:11.412047,LoopNet API,37974523,"[[-77.606928, 43.160039]]",4032,Multi-Family
,,,102530,,2026-04-10T18:20:11.412049,LoopNet API,37938064,"[[-77.609412, 43.159125]]",812,Office
,,,1577134,,2026-04-10T18:20:11.412052,LoopNet API,37863022,"[[-77.66444, 43.13292]]",2323,Office
,,,719635,,2026-04-10T18:20:11.412055,LoopNet API,37840949,"[[-77.607784, 43.14062]]",2873,Industrial
,,,558020,,2026-04-10T18:20:11.412058,LoopNet API,37766162,"[[-77.659114, 43.15824]]",1552,Multi-Family
,,,1530264,,2026-04-10T18:20:11.412060,LoopNet API,37685380,"[[-77.640861, 43.080778]]",2978,Multi-Family
,,,518645,,2026-04-10T18:20:11.412063,LoopNet API,37564679,"[[-77.601539, 43.089175], [-77.602465, 43.089255]]",581,Retail
,,,613438,,2026-04-10T18:20:11.412065,LoopNet API,37409507,"[[-77.703288, 43.18576]]",2102,Retail
,,,642537,,2026-04-10T18:20:11.412068,LoopNet API,37029121,"[[-77.704267, 43.185293]]",2028,Retail
,,,1993240,,2026-04-10T18:20:11.412071,LoopNet API,36999876,"[[-77.618147, 43.103253]]",3212,Multi-Family
,,,1891085,,2026-04-10T18:20:11.412073,LoopNet API,36911005,"[[-77.665334, 43.133994]]",4659,Industrial
,,,1425334,,2026-04-10T18:20:11.412076,LoopNet API,36845807,"[[-77.521768, 43.091687]]",4483,Multi-Family
,,,1275135,,2026-04-10T18:20:11.412080,LoopNet API,36693922,"[[-77.618859, 43.102351]]",2224,Multi-Family
,,,1743761,,2026-04-10T18:20:11.412083,LoopNet API,36611613,"[[-77.628904, 43.174154]]",2555,Retail
,,,617171,,2026-04-10T18:20:11.412085,LoopNet API,36398849,"[[-77.581112, 43.0941]]",3953,Industrial
,,,1900939,,2026-04-10T18:20:11.412088,LoopNet API,35789458,"[[-77.710627, 43.146659]]",1048,Multi-Family
,,,1625939,,2026-04-10T18:20:11.412091,LoopNet API,35561380,"[[-77.603447, 43.147115]]",1023,Retail
,,,833797,,2026-04-10T18:20:11.412093,LoopNet API,35079036,"[[-77.668244, 43.165093]]",2814,Multi-Family
,,,279780,,2026-04-10T18:20:11.412096,LoopNet API,35029105,"[[-77.593411, 43.12617]]",2439,Office
,,,1245420,,2026-04-10T18:20:11.412099,LoopNet API,34615706,"[[-77.631762, 43.087828]]",4996,Multi-Family
,,,125631,,2026-04-10T18:20:11.412101,LoopNet API,34483921,"[[-77.628616, 43.135441]]",994,Office
,,,1106841,,2026-04-10T18:20:11.412104,LoopNet API,33831590,"[[-77.761502, 43.097409]]",3616,Industrial
,,,266992,,2026-04-10T18:20:11.412107,LoopNet API,33830092,"[[-77.734078, 43.095041]]",2857,Multi-Family
,,,1422377,,2026-04-10T18:20:11.412116,LoopNet API,33162249,"[[-77.611413, 43.155727]]",4807,Office
,,,1902076,,2026-04-10T18:20:11.412121,LoopNet API,33041169,"[[-77.593028, 43.146437]]",1945,Office
,,,980754,,2026-04-10T18:20:11.412124,LoopNet API,32968464,"[[-77.589541, 43.144419]]",4663,Multi-Family
,,,1793061,,2026-04-10T18:20:11.412126,LoopNet API,32876301,"[[-77.693209, 43.210131]]",1626,Retail
,,,1482727,,2026-04-10T18:20:11.412129,LoopNet API,32654787,"[[-77.650142, 43.135638]]",4880,Retail
,,,361749,,2026-04-10T18:20:11.412132,LoopNet API,32554456,"[[-77.615191, 43.159897]]",4850,Retail
,,,378190,,2026-04-10T18:20:11.412134,LoopNet API,32108855,"[[-77.561308, 43.204157]]",4817,Retail
,,,861341,,2026-04-10T18:20:11.412137,LoopNet API,31478200,"[[-77.673524, 43.109445]]",3819,Industrial
,,,1802999,,2026-04-10T18:20:11.412143,LoopNet API,31300848,"[[-77.455286, 43.209852]]",2142,Office
,,,569780,,2026-04-10T18:20:11.412146,LoopNet API,30644543,"[[-77.623535, 43.147484]]",4861,Office
,,,577878,,2026-04-10T18:20:11.412149,LoopNet API,30346044,"[[-77.608702, 43.156989]]",4883,Retail
,,,1428790,,2026-04-10T18:20:11.412151,LoopNet API,29800269,"[[-77.5831, 43.092362]]",4228,Industrial
,,,1618744,,2026-04-10T18:20:11.412154,LoopNet API,29057874,"[[-77.636271, 43.0941]]",4374,Multi-Family
,,,1672265,,2026-04-10T18:20:11.412215,LoopNet API,28764317,"[[-74.193444, 40.921858], [-77.656597, 43.11786]]",1101,Multi-Family
,,,750113,,2026-04-10T18:20:11.412220,LoopNet API,28639149,"[[-77.620477, 43.086632]]",2709,Office
,,,947099,,2026-04-10T18:20:11.412223,LoopNet API,28431245,"[[-77.587104, 43.18259]]",755,Retail
,,,1112673,,2026-04-10T18:20:11.412226,LoopNet API,27373913,"[[-77.616208, 43.068077]]",4181,Industrial
,,,269853,,2026-04-10T18:20:11.412230,LoopNet API,25060286,"[[-77.731417, 43.213995]]",1729,Retail
,,,1529462,,2026-04-10T18:20:11.412232,LoopNet API,24504892,"[[-77.602434, 43.161704]]",4638,Industrial
,,,207768,,2026-04-10T18:20:11.412235,LoopNet API,22039846,"[[-77.711586, 43.210741]]",2915,Office
,,,1567373,,2026-04-10T18:20:11.412238,LoopNet API,18800479,"[[-77.697693, 43.105656]]",1395,Industrial
,,,1354578,,2026-04-10T18:20:11.412240,LoopNet API,16334777,"[[-77.735362, 43.214659]]",4219,Multi-Family
,,,1005714,,2026-04-10T18:20:11.412243,LoopNet API,9282621,"[[-77.66594, 43.014168]]",1252,Office
,,,747309,,2026-04-10T18:20:11.412246,LoopNet API,39690768,"[[-77.636795, 43.199908]]",1641,Office
,,,132427,,2026-04-10T18:20:11.412248,LoopNet API,39543460,"[[-77.598923, 43.210388]]",2612,Multi-Family
,,,1409014,,2026-04-10T18:20:11.412251,LoopNet API,39135136,"[[-77.450523, 43.107187]]",2757,Office
,,,924388,,2026-04-10T18:20:11.412254,LoopNet API,38704259,"[[-77.695072, 43.217637]]",820,Industrial
,,,1687428,,2026-04-10T18:20:11.412256,LoopNet API,37835183,"[[-77.689202, 43.184202]]",4985,Industrial
,,,1512795,,2026-04-10T18:20:11.412259,LoopNet API,37802144,"[[-77.729757, 43.216637]]",1665,Retail
,,,1776725,,2026-04-10T18:20:11.412261,LoopNet API,37685159,"[[-77.507708, 43.180254]]",4800,Industrial
,,,483294,,2026-04-10T18:20:11.412264,LoopNet API,37672628,"[[-77.58338, 43.161273]]",3206,Office
,,,758191,,2026-04-10T18:20:11.412267,LoopNet API,36753479,"[[-77.609031, 43.188089]]",733,Multi-Family
,,,424552,,2026-04-10T18:20:11.412275,LoopNet API,35918214,"[[-77.598063, 43.158212]]",3148,Industrial
,,,420992,,2026-04-10T18:20:11.412279,LoopNet API,34615563,"[[-77.606169, 43.123466]]",3902,Retail
,,,1629406,,2026-04-10T18:20:11.412282,LoopNet API,33967070,"[[-77.600692, 43.090541]]",1120,Office
,,,1978292,,2026-04-10T18:20:11.412284,LoopNet API,33594054,"[[-77.59515, 43.197256]]",2239,Office
,,,1546608,,2026-04-10T18:20:11.412287,LoopNet API,33563624,"[[-77.670594, 43.205411]]",2364,Multi-Family
,,,1033488,,2026-04-10T18:20:11.412290,LoopNet API,31365120,"[[-77.617893, 43.104205]]",4087,Industrial
,,,1775709,,2026-04-10T18:20:11.412292,LoopNet API,31072254,"[[-77.672354, 43.208394]]",3021,Industrial
,,,1305549,,2026-04-10T18:20:11.412295,LoopNet API,29679893,"[[-77.625991, 43.083275]]",2336,Retail
,,,711626,,2026-04-10T18:20:11.412298,LoopNet API,28677556,"[[-77.496353, 43.128384]]",3531,Industrial
,,,1675386,,2026-04-10T18:20:11.412300,LoopNet API,27340026,"[[-77.596171, 43.094725]]",677,Office
,,,246621,,2026-04-10T18:20:11.412303,LoopNet API,25423067,"[[-77.660068, 43.189489]]",1574,Industrial
,,,154182,,2026-04-10T18:20:11.412305,LoopNet API,39240335,"[[-77.626972, 43.266573]]",1294,Industrial
,,,724637,,2026-04-10T18:20:11.412308,LoopNet API,38506503,"[[-77.722156, 43.147954]]",1631,Office
,,,732405,,2026-04-10T18:20:11.412311,LoopNet API,39688759,"[[-77.491895, 43.134963]]",3626,Office
,,,1456858,,2026-04-10T18:20:11.412313,LoopNet API,39493768,"[[-77.652739, 43.183327]]",1793,Industrial
,,,1049481,,2026-04-10T18:20:11.412316,LoopNet API,39179151,"[[-77.637042, 43.21747]]",2871,Office
,,,852937,,2026-04-10T18:20:11.412319,LoopNet API,39135313,"[[-77.59963, 43.147174]]",2363,Industrial
,,,1966068,,2026-04-10T18:20:11.412321,LoopNet API,39029056,"[[-77.629854, 43.253288]]",3595,Retail
,,,269756,,2026-04-10T18:20:11.412324,LoopNet API,38805754,"[[-77.609516, 43.159373], [-77.60937, 43.159498], [-77.609022, 43.159498]]",3343,Office
,,,1739347,,2026-04-10T18:20:11.412326,LoopNet API,38672790,"[[-77.695841, 43.252085]]",3866,Industrial
,,,1065293,,2026-04-10T18:20:11.412329,LoopNet API,38667709,"[[-77.684791, 43.163939]]",2503,Retail
,,,603798,,2026-04-10T18:20:11.412333,LoopNet API,38657835,"[[-77.680431, 43.165312]]",3580,Retail
,,,456082,,2026-04-10T18:20:11.412335,LoopNet API,38642840,"[[-77.63687, 43.178827], [-77.642536, 43.179533], [-77.642392, 43.179532], [-77.62665, 43.14951], [-77.62825, 43.15788], [-77.60167, 43.17348], [-77.64267, 43.17865], [-77.574784, 43.159554], [-77.642874, 43.178356], [-77.64269, 43.17833], [-77.648616, 43.175477]]",1986,Retail
,,,1124214,,2026-04-10T18:20:11.412338,LoopNet API,38392450,"[[-77.563914, 43.165658]]",650,Retail
,,,1699316,,2026-04-10T18:20:11.412341,LoopNet API,38349243,"[[-77.630426, 43.152136]]",3905,Retail
,,,909155,,2026-04-10T18:20:11.412343,LoopNet API,38336132,"[[-77.606721, 43.148846]]",1528,Office
,,,586818,,2026-04-10T18:20:11.412346,LoopNet API,37642625,"[[-77.521411, 43.091164]]",3050,Office
,,,1736061,,2026-04-10T18:20:11.412352,LoopNet API,37635578,"[[-77.605897, 43.163075]]",4068,Industrial
,,,1182384,,2026-04-10T18:20:11.412355,LoopNet API,37597791,"[[-77.622107, 43.237705], [-77.650804, 43.149728], [-77.621603, 43.239027]]",1709,Multi-Family
,,,721381,,2026-04-10T18:20:11.412358,LoopNet API,36946149,"[[-77.640255, 43.216379]]",3766,Industrial
,,,707913,,2026-04-10T18:20:11.412361,LoopNet API,36759255,"[[-77.555457, 43.176733]]",2493,Retail
,,,1373065,,2026-04-10T18:20:11.412369,LoopNet API,36720805,"[[-77.507789, 43.181558]]",1742,Retail
,,,504417,,2026-04-10T18:20:11.412372,LoopNet API,36541756,"[[-77.609937, 43.162058]]",501,Industrial
,,,1999066,,2026-04-10T18:20:11.412375,LoopNet API,36012352,"[[-77.547591, 43.226692]]",1041,Office
,,,811469,,2026-04-10T18:20:11.412377,LoopNet API,35743582,"[[-77.552951, 43.1471]]",4001,Industrial
,,,730230,,2026-04-10T18:20:11.412380,LoopNet API,35635912,"[[-77.663813, 43.204382]]",1170,Office
,,,354130,,2026-04-10T18:20:11.412383,LoopNet API,33872004,"[[-77.483396, 43.203826]]",1067,Retail
,,,1584320,,2026-04-10T18:20:11.412386,LoopNet API,33820009,"[[-77.599713, 43.172094]]",4145,Office
,,,758712,,2026-04-10T18:20:11.412388,LoopNet API,33012857,"[[-77.750032, 43.254493]]",787,Retail
,,,1001302,,2026-04-10T18:20:11.412391,LoopNet API,32888406,"[[-77.658047, 43.128951]]",4699,Office
,,,1381999,,2026-04-10T18:20:11.412394,LoopNet API,32669501,"[[-77.438521, 43.130325]]",687,Office
,,,752276,,2026-04-10T18:20:11.412398,LoopNet API,30842456,"[[-77.645307, 43.123657]]",4980,Office
,,,173086,,2026-04-10T18:20:11.412400,LoopNet API,30058882,"[[-77.650628, 43.131562]]",3730,Multi-Family
,,,1180550,,2026-04-10T18:20:11.412403,LoopNet API,28535219,"[[-77.640383, 43.058454]]",3313,Office
,,,437769,,2026-04-10T18:20:11.412406,LoopNet API,25194189,"[[-77.5988, 43.20861]]",3299,Office
,,,826881,,2026-04-10T18:20:11.412408,LoopNet API,37336938,"[[-77.68565, 43.186082]]",1797,Multi-Family
,,,603203,,2026-04-10T18:20:11.412411,LoopNet API,35191239,"[[-77.462175, 43.110628]]",2480,Industrial
,,,1916639,,2026-04-10T18:20:11.412414,LoopNet API,29771223,"[[-77.599426, 43.193142], [-77.599521, 43.192894], [-77.599646, 43.193356]]",818,Industrial
,,,1431898,,2026-04-10T18:20:11.412416,LoopNet API,25271303,"[[-77.652613, 43.187679]]",4615,Industrial
,,,566391,,2026-04-10T18:20:11.412419,LoopNet API,37144799,"[[-77.445522, 43.127799], [-77.446778, 43.126919]]",4139,Office
,,,1396381,,2026-04-10T18:21:21.427996,LoopNet API,33157222,"[[-77.629305, 43.193999]]",2660,Multi-Family
,,,903958,,2026-04-10T18:21:21.428007,LoopNet API,39251110,"[[-77.477505, 43.204216]]",1842,Industrial
,,,1994724,,2026-04-10T18:21:21.428011,LoopNet API,39817288,"[[-77.630988, 43.19586]]",4490,Office
,,,1207839,,2026-04-10T18:21:21.428012,LoopNet API,39712189,"[[-77.678778, 43.108532]]",2190,Multi-Family
,,,991765,,2026-04-10T18:21:21.428014,LoopNet API,39625204,"[[-77.7088, 43.146607]]",707,Multi-Family
,,,1639904,,2026-04-10T18:21:21.428016,LoopNet API,39616616,"[[-77.696694, 43.183124]]",3072,Office
,,,1424924,,2026-04-10T18:21:21.428018,LoopNet API,39602403,"[[-77.452169, 43.208601]]",2754,Retail
,,,117108,,2026-04-10T18:21:21.428020,LoopNet API,39587954,"[[-77.699985, 43.149222]]",2341,Retail
,,,257894,,2026-04-10T18:21:21.428022,LoopNet API,39577570,"[[-77.732281, 43.21782]]",1343,Multi-Family
,,,154229,,2026-04-10T18:21:21.428024,LoopNet API,39558241,"[[-77.486755, 43.079174]]",4504,Office
,,,561510,,2026-04-10T18:21:21.428025,LoopNet API,39432321,"[[-77.603237, 43.115479]]",1228,Industrial
,,,1318328,,2026-04-10T18:21:21.428031,LoopNet API,39402981,"[[-77.569621, 43.201708]]",3271,Industrial
,,,454644,,2026-04-10T18:21:21.428033,LoopNet API,39388644,"[[-77.583062, 43.163556]]",4239,Industrial
,,,676772,,2026-04-10T18:21:21.428035,LoopNet API,39323587,"[[-77.628679, 43.099292]]",1069,Industrial
,,,1445107,,2026-04-10T18:21:21.428037,LoopNet API,39322261,"[[-77.628546, 43.135555], [-77.62244, 43.13992], [-77.62866, 43.13642], [-77.64013, 43.12885]]",1496,Office
,,,875372,,2026-04-10T18:21:21.428038,LoopNet API,39317559,"[[-77.652737, 43.184384]]",2074,Multi-Family
,,,1183545,,2026-04-10T18:21:21.428040,LoopNet API,39302800,"[[-77.687407, 43.208923]]",713,Industrial
,,,425667,,2026-04-10T18:21:21.428042,LoopNet API,39292350,"[[-77.621133, 43.082114]]",675,Retail
,,,1994012,,2026-04-10T18:21:21.428043,LoopNet API,39270340,"[[-77.596377, 43.140599], [-77.595678, 43.140665], [-77.596294, 43.140951], [-77.596385, 43.140912], [-77.596329, 43.140442]]",3375,Office
,,,1127817,,2026-04-10T18:21:21.428045,LoopNet API,39265429,"[[-77.579476, 43.138666]]",4638,Multi-Family
,,,1172384,,2026-04-10T18:21:21.428047,LoopNet API,39265207,"[[-77.579987, 43.150797]]",4664,Multi-Family
,,,476041,,2026-04-10T18:21:21.428049,LoopNet API,39228650,"[[-77.615279, 43.101188]]",4703,Industrial
,,,1667221,,2026-04-10T18:21:21.428051,LoopNet API,39172088,"[[-77.674289, 43.111963]]",1447,Industrial
,,,1895865,,2026-04-10T18:21:21.428052,LoopNet API,39113038,"[[-77.641053, 43.146858]]",1285,Office
,,,802286,,2026-04-10T18:21:21.428054,LoopNet API,39082310,"[[-77.607652, 43.180298]]",1902,Retail
,,,644811,,2026-04-10T18:21:21.428056,LoopNet API,39031619,"[[-77.559786, 43.169987]]",3637,Retail
,,,348439,,2026-04-10T18:21:21.428058,LoopNet API,39011722,"[[-77.614977, 43.178606]]",3428,Retail
,,,178080,,2026-04-10T18:21:21.428059,LoopNet API,38985531,"[[-77.635785, 43.095101]]",4261,Industrial
,,,1819491,,2026-04-10T18:21:21.428061,LoopNet API,38816016,"[[-77.66101, 43.149414]]",4956,Multi-Family
,,,538192,,2026-04-10T18:21:21.428063,LoopNet API,38794915,"[[-77.651745, 43.145283]]",1024,Industrial
,,,1678501,,2026-04-10T18:21:21.428065,LoopNet API,38693769,"[[-77.642082, 43.222331]]",2174,Industrial
,,,1920327,,2026-04-10T18:21:21.428069,LoopNet API,38658005,"[[-77.649384, 43.161883]]",2128,Industrial
,,,669267,,2026-04-10T18:21:21.428071,LoopNet API,38636419,"[[-77.626949, 43.16643], [-77.600855, 43.173812]]",3784,Office
,,,1411363,,2026-04-10T18:21:21.428074,LoopNet API,38636410,"[[-77.661895, 43.046676]]",4268,Multi-Family
,,,233459,,2026-04-10T18:21:21.428076,LoopNet API,38610227,"[[-77.564976, 43.14901]]",2193,Multi-Family
,,,831937,,2026-04-10T18:21:21.428077,LoopNet API,38579493,"[[-77.65508, 43.153301]]",1994,Office
,,,592963,,2026-04-10T18:21:21.428079,LoopNet API,38553022,"[[-77.599309, 43.157494]]",552,Retail
,,,1732384,,2026-04-10T18:21:21.428081,LoopNet API,38530756,"[[-77.59832, 43.159179]]",3103,Industrial
,,,1715871,,2026-04-10T18:21:21.428082,LoopNet API,38530691,"[[-77.599626, 43.159095]]",4712,Retail
,,,1939010,,2026-04-10T18:21:21.428084,LoopNet API,38500653,"[[-77.59903, 43.142998]]",3893,Multi-Family
,,,1116391,,2026-04-10T18:21:21.428085,LoopNet API,38455770,"[[-77.63365, 43.197508]]",4826,Industrial
,,,284909,,2026-04-10T18:21:21.428087,LoopNet API,38433685,"[[-77.509827, 43.178265]]",4231,Industrial
,,,211538,,2026-04-10T18:21:21.428089,LoopNet API,38423222,"[[-77.670455, 43.205365]]",759,Office
,,,1810690,,2026-04-10T18:21:21.428090,LoopNet API,38410033,"[[-77.612807, 43.165168]]",1201,Retail
,,,100100,,2026-04-10T18:21:21.428093,LoopNet API,38391803,"[[-77.69616, 43.221334]]",1784,Office
,,,1393335,,2026-04-10T18:21:21.428095,LoopNet API,38357735,"[[-77.61102, 43.25571]]",4998,Multi-Family
,,,1595916,,2026-04-10T18:21:21.428097,LoopNet API,38353121,"[[-77.487226, 43.118583]]",4165,Multi-Family
,,,1678060,,2026-04-10T18:21:21.428099,LoopNet API,38337053,"[[-77.736792, 43.182119]]",1586,Multi-Family
,,,712777,,2026-04-10T18:21:21.428100,LoopNet API,38306416,"[[-77.618951, 43.10377], [-77.619241, 43.104197]]",2054,Office
,,,1451869,,2026-04-10T18:21:21.428102,LoopNet API,38263561,"[[-77.66493, 43.131087]]",1700,Industrial
,,,1823577,,2026-04-10T18:21:21.428103,LoopNet API,38223668,"[[-77.508242, 43.18241]]",4868,Multi-Family
,,,1155988,,2026-04-10T18:21:21.428105,LoopNet API,38013173,"[[-77.653018, 43.149681]]",2547,Retail
,,,1831871,,2026-04-10T18:21:21.428107,LoopNet API,37994174,"[[-77.675616, 43.037633]]",2431,Industrial
,,,1385187,,2026-04-10T18:21:21.428109,LoopNet API,37974523,"[[-77.606928, 43.160039]]",992,Multi-Family
,,,1449183,,2026-04-10T18:21:21.428110,LoopNet API,37938064,"[[-77.609412, 43.159125]]",641,Multi-Family
,,,1495365,,2026-04-10T18:21:21.428112,LoopNet API,37863022,"[[-77.66444, 43.13292]]",3851,Office
,,,793494,,2026-04-10T18:21:21.428114,LoopNet API,37840949,"[[-77.607784, 43.14062]]",4968,Retail
,,,1478838,,2026-04-10T18:21:21.428115,LoopNet API,37766162,"[[-77.659114, 43.15824]]",1384,Retail
,,,995099,,2026-04-10T18:21:21.428117,LoopNet API,37685380,"[[-77.640861, 43.080778]]",893,Multi-Family
,,,1625525,,2026-04-10T18:21:21.428118,LoopNet API,37564679,"[[-77.601539, 43.089175], [-77.602465, 43.089255]]",4237,Multi-Family
,,,436199,,2026-04-10T18:21:21.428120,LoopNet API,37409507,"[[-77.703288, 43.18576]]",3859,Industrial
,,,1379048,,2026-04-10T18:21:21.428121,LoopNet API,37029121,"[[-77.704267, 43.185293]]",3077,Industrial
,,,1318564,,2026-04-10T18:21:21.428123,LoopNet API,36999876,"[[-77.618147, 43.103253]]",2532,Multi-Family
,,,1147200,,2026-04-10T18:21:21.428124,LoopNet API,36911005,"[[-77.665334, 43.133994]]",1494,Retail
,,,1514227,,2026-04-10T18:21:21.428126,LoopNet API,36845807,"[[-77.521768, 43.091687]]",4394,Retail
,,,792646,,2026-04-10T18:21:21.428128,LoopNet API,36693922,"[[-77.618859, 43.102351]]",1610,Multi-Family
,,,738396,,2026-04-10T18:21:21.428129,LoopNet API,36611613,"[[-77.628904, 43.174154]]",2301,Retail
,,,1868897,,2026-04-10T18:21:21.428131,LoopNet API,36398849,"[[-77.581112, 43.0941]]",3687,Retail
,,,842996,,2026-04-10T18:21:21.428133,LoopNet API,35789458,"[[-77.710627, 43.146659]]",1743,Multi-Family
,,,337596,,2026-04-10T18:21:21.428134,LoopNet API,35561380,"[[-77.603447, 43.147115]]",4016,Multi-Family
,,,1784096,,2026-04-10T18:21:21.428136,LoopNet API,35079036,"[[-77.668244, 43.165093]]",1882,Retail
,,,1968693,,2026-04-10T18:21:21.428137,LoopNet API,35029105,"[[-77.593411, 43.12617]]",3251,Multi-Family
,,,904070,,2026-04-10T18:21:21.428139,LoopNet API,34615706,"[[-77.631762, 43.087828]]",3832,Industrial
,,,1870090,,2026-04-10T18:21:21.428140,LoopNet API,34483921,"[[-77.628616, 43.135441]]",2196,Office
,,,1691441,,2026-04-10T18:21:21.428145,LoopNet API,33831590,"[[-77.761502, 43.097409]]",2230,Retail
,,,1598679,,2026-04-10T18:21:21.428149,LoopNet API,33830092,"[[-77.734078, 43.095041]]",2952,Multi-Family
,,,1491145,,2026-04-10T18:21:21.428152,LoopNet API,33162249,"[[-77.611413, 43.155727]]",4857,Industrial
,,,729137,,2026-04-10T18:21:21.428155,LoopNet API,33041169,"[[-77.593028, 43.146437]]",4865,Multi-Family
,,,1957085,,2026-04-10T18:21:21.428157,LoopNet API,32968464,"[[-77.589541, 43.144419]]",3722,Multi-Family
,,,1762798,,2026-04-10T18:21:21.428158,LoopNet API,32876301,"[[-77.693209, 43.210131]]",733,Industrial
,,,649295,,2026-04-10T18:21:21.428162,LoopNet API,32654787,"[[-77.650142, 43.135638]]",4442,Office
,,,1373184,,2026-04-10T18:21:21.428165,LoopNet API,32554456,"[[-77.615191, 43.159897]]",2814,Multi-Family
,,,1062544,,2026-04-10T18:21:21.428167,LoopNet API,32108855,"[[-77.561308, 43.204157]]",4190,Retail
,,,1338541,,2026-04-10T18:21:21.428169,LoopNet API,31478200,"[[-77.673524, 43.109445]]",1162,Office
,,,1654899,,2026-04-10T18:21:21.428170,LoopNet API,31300848,"[[-77.455286, 43.209852]]",4516,Retail
,,,431721,,2026-04-10T18:21:21.428172,LoopNet API,30644543,"[[-77.623535, 43.147484]]",3387,Office
,,,1859480,,2026-04-10T18:21:21.428173,LoopNet API,30346044,"[[-77.608702, 43.156989]]",2890,Industrial
,,,500199,,2026-04-10T18:21:21.428175,LoopNet API,29800269,"[[-77.5831, 43.092362]]",1121,Industrial
,,,1522353,,2026-04-10T18:21:21.428178,LoopNet API,29057874,"[[-77.636271, 43.0941]]",4921,Multi-Family
,,,817753,,2026-04-10T18:21:21.428181,LoopNet API,28764317,"[[-74.193444, 40.921858], [-77.656597, 43.11786]]",812,Retail
,,,1409205,,2026-04-10T18:21:21.428182,LoopNet API,28639149,"[[-77.620477, 43.086632]]",1945,Office
,,,1158066,,2026-04-10T18:21:21.428184,LoopNet API,28431245,"[[-77.587104, 43.18259]]",3488,Multi-Family
,,,241374,,2026-04-10T18:21:21.428185,LoopNet API,27373913,"[[-77.616208, 43.068077]]",3366,Retail
,,,1386934,,2026-04-10T18:21:21.428188,LoopNet API,25060286,"[[-77.731417, 43.213995]]",4999,Industrial
,,,1024606,,2026-04-10T18:21:21.428189,LoopNet API,24504892,"[[-77.602434, 43.161704]]",3486,Multi-Family
,,,282625,,2026-04-10T18:21:21.428191,LoopNet API,22039846,"[[-77.711586, 43.210741]]",508,Office
,,,1990762,,2026-04-10T18:21:21.428194,LoopNet API,18800479,"[[-77.697693, 43.105656]]",999,Multi-Family
,,,1913124,,2026-04-10T18:21:21.428195,LoopNet API,16334777,"[[-77.735362, 43.214659]]",2079,Office
,,,1120368,,2026-04-10T18:21:21.428197,LoopNet API,9282621,"[[-77.66594, 43.014168]]",2072,Multi-Family
,,,584957,,2026-04-10T18:21:21.428199,LoopNet API,39690768,"[[-77.636795, 43.199908]]",1266,Retail
,,,854614,,2026-04-10T18:21:21.428200,LoopNet API,39543460,"[[-77.598923, 43.210388]]",3051,Office
,,,203269,,2026-04-10T18:21:21.428202,LoopNet API,39135136,"[[-77.450523, 43.107187]]",1762,Office
,,,132549,,2026-04-10T18:21:21.428203,LoopNet API,38704259,"[[-77.695072, 43.217637]]",1713,Industrial
,,,1013088,,2026-04-10T18:21:21.428205,LoopNet API,37835183,"[[-77.689202, 43.184202]]",2744,Office
,,,1232114,,2026-04-10T18:21:21.428207,LoopNet API,37802144,"[[-77.729757, 43.216637]]",3151,Office
,,,907801,,2026-04-10T18:21:21.428208,LoopNet API,37685159,"[[-77.507708, 43.180254]]",1200,Multi-Family
,,,1367307,,2026-04-10T18:21:21.428210,LoopNet API,37672628,"[[-77.58338, 43.161273]]",929,Office
,,,1854789,,2026-04-10T18:21:21.428211,LoopNet API,36753479,"[[-77.609031, 43.188089]]",4248,Industrial
,,,1322123,,2026-04-10T18:21:21.428215,LoopNet API,35918214,"[[-77.598063, 43.158212]]",1053,Multi-Family
,,,1036837,,2026-04-10T18:21:21.428218,LoopNet API,34615563,"[[-77.606169, 43.123466]]",1903,Office
,,,469360,,2026-04-10T18:21:21.428219,LoopNet API,33967070,"[[-77.600692, 43.090541]]",3578,Industrial
,,,1638080,,2026-04-10T18:21:21.428221,LoopNet API,33594054,"[[-77.59515, 43.197256]]",745,Industrial
,,,1433665,,2026-04-10T18:21:21.428223,LoopNet API,33563624,"[[-77.670594, 43.205411]]",1404,Retail
,,,1654229,,2026-04-10T18:21:21.428224,LoopNet API,31365120,"[[-77.617893, 43.104205]]",1881,Multi-Family
,,,1547746,,2026-04-10T18:21:21.428226,LoopNet API,31072254,"[[-77.672354, 43.208394]]",4124,Office
,,,1357462,,2026-04-10T18:21:21.428227,LoopNet API,29679893,"[[-77.625991, 43.083275]]",3694,Industrial
,,,303460,,2026-04-10T18:21:21.428229,LoopNet API,28677556,"[[-77.496353, 43.128384]]",2488,Retail
,,,1302444,,2026-04-10T18:21:21.428230,LoopNet API,27340026,"[[-77.596171, 43.094725]]",3941,Multi-Family
,,,1479892,,2026-04-10T18:21:21.428232,LoopNet API,25423067,"[[-77.660068, 43.189489]]",1036,Retail
,,,935275,,2026-04-10T18:21:21.428233,LoopNet API,39240335,"[[-77.626972, 43.266573]]",1719,Retail
,,,1818189,,2026-04-10T18:21:21.428235,LoopNet API,38506503,"[[-77.722156, 43.147954]]",1837,Office
,,,1597895,,2026-04-10T18:21:21.428237,LoopNet API,39688759,"[[-77.491895, 43.134963]]",3313,Industrial
,,,905459,,2026-04-10T18:21:21.428238,LoopNet API,39493768,"[[-77.652739, 43.183327]]",3173,Multi-Family
,,,1758533,,2026-04-10T18:21:21.428242,LoopNet API,39179151,"[[-77.637042, 43.21747]]",2813,Office
,,,1396664,,2026-04-10T18:21:21.428244,LoopNet API,39135313,"[[-77.59963, 43.147174]]",764,Retail
,,,996685,,2026-04-10T18:21:21.428248,LoopNet API,39029056,"[[-77.629854, 43.253288]]",4730,Multi-Family
,,,480083,,2026-04-10T18:21:21.428250,LoopNet API,38805754,"[[-77.609516, 43.159373], [-77.60937, 43.159498], [-77.609022, 43.159498]]",1814,Multi-Family
,,,800579,,2026-04-10T18:21:21.428254,LoopNet API,38672790,"[[-77.695841, 43.252085]]",2784,Multi-Family
,,,491661,,2026-04-10T18:21:21.428255,LoopNet API,38667709,"[[-77.684791, 43.163939]]",698,Retail
,,,348224,,2026-04-10T18:21:21.428260,LoopNet API,38657835,"[[-77.680431, 43.165312]]",4546,Multi-Family
,,,883529,,2026-04-10T18:21:21.428262,LoopNet API,38642840,"[[-77.63687, 43.178827], [-77.642536, 43.179533], [-77.642392, 43.179532], [-77.62665, 43.14951], [-77.62825, 43.15788], [-77.60167, 43.17348], [-77.64267, 43.17865], [-77.574784, 43.159554], [-77.642874, 43.178356], [-77.64269, 43.17833], [-77.648616, 43.175477]]",3895,Office
,,,752299,,2026-04-10T18:21:21.428264,LoopNet API,38392450,"[[-77.563914, 43.165658]]",3892,Retail
,,,134067,,2026-04-10T18:21:21.428267,LoopNet API,38349243,"[[-77.630426, 43.152136]]",538,Industrial
,,,803822,,2026-04-10T18:21:21.428268,LoopNet API,38336132,"[[-77.606721, 43.148846]]",1902,Industrial
,,,567447,,2026-04-10T18:21:21.428270,LoopNet API,37642625,"[[-77.521411, 43.091164]]",1050,Multi-Family
,,,368049,,2026-04-10T18:21:21.428272,LoopNet API,37635578,"[[-77.605897, 43.163075]]",1960,Industrial
,,,105997,,2026-04-10T18:21:21.428273,LoopNet API,37597791,"[[-77.622107, 43.237705], [-77.650804, 43.149728], [-77.621603, 43.239027]]",1160,Office
,,,1869885,,2026-04-10T18:21:21.428275,LoopNet API,36946149,"[[-77.640255, 43.216379]]",4725,Office
,,,266141,,2026-04-10T18:21:21.428276,LoopNet API,36759255,"[[-77.555457, 43.176733]]",3592,Multi-Family
,,,396812,,2026-04-10T18:21:21.428279,LoopNet API,36720805,"[[-77.507789, 43.181558]]",810,Retail
,,,1929154,,2026-04-10T18:21:21.428281,LoopNet API,36541756,"[[-77.609937, 43.162058]]",1848,Industrial
,,,1888339,,2026-04-10T18:21:21.428283,LoopNet API,36012352,"[[-77.547591, 43.226692]]",2166,Industrial
,,,1793367,,2026-04-10T18:21:21.428284,LoopNet API,35743582,"[[-77.552951, 43.1471]]",3190,Multi-Family
,,,961425,,2026-04-10T18:21:21.428286,LoopNet API,35635912,"[[-77.663813, 43.204382]]",724,Industrial
,,,264002,,2026-04-10T18:21:21.428287,LoopNet API,33872004,"[[-77.483396, 43.203826]]",3413,Industrial
,,,762021,,2026-04-10T18:21:21.428289,LoopNet API,33820009,"[[-77.599713, 43.172094]]",563,Retail
,,,1220301,,2026-04-10T18:21:21.428290,LoopNet API,33012857,"[[-77.750032, 43.254493]]",795,Multi-Family
,,,446639,,2026-04-10T18:21:21.428292,LoopNet API,32888406,"[[-77.658047, 43.128951]]",1134,Retail
,,,1444080,,2026-04-10T18:21:21.428294,LoopNet API,32669501,"[[-77.438521, 43.130325]]",2024,Retail
,,,1438122,,2026-04-10T18:21:21.428296,LoopNet API,30842456,"[[-77.645307, 43.123657]]",2934,Retail
,,,501176,,2026-04-10T18:21:21.428297,LoopNet API,30058882,"[[-77.650628, 43.131562]]",4298,Retail
,,,580184,,2026-04-10T18:21:21.428299,LoopNet API,28535219,"[[-77.640383, 43.058454]]",1866,Retail
,,,1027411,,2026-04-10T18:21:21.428300,LoopNet API,25194189,"[[-77.5988, 43.20861]]",2350,Office
,,,262328,,2026-04-10T18:21:21.428302,LoopNet API,37336938,"[[-77.68565, 43.186082]]",3766,Industrial
,,,1978698,,2026-04-10T18:21:21.428304,LoopNet API,35191239,"[[-77.462175, 43.110628]]",848,Multi-Family
,,,270840,,2026-04-10T18:21:21.428305,LoopNet API,29771223,"[[-77.599426, 43.193142], [-77.599521, 43.192894], [-77.599646, 43.193356]]",2757,Office
,,,725095,,2026-04-10T18:21:21.428307,LoopNet API,25271303,"[[-77.652613, 43.187679]]",2123,Industrial
,,,1911520,,2026-04-10T18:21:21.428308,LoopNet API,37144799,"[[-77.445522, 43.127799], [-77.446778, 43.126919]]",3173,Office
,,,1119971,,2026-04-10T18:22:26.047905,LoopNet API,33157222,"[[-77.629305, 43.193999]]",3523,Industrial
,,,1598765,,2026-04-10T18:22:26.047922,LoopNet API,39251110,"[[-77.477505, 43.204216]]",4076,Multi-Family
,,,1209132,,2026-04-10T18:22:26.047927,LoopNet API,39817288,"[[-77.630988, 43.19586]]",1266,Industrial
,,,529694,,2026-04-10T18:22:26.047930,LoopNet API,39712189,"[[-77.678778, 43.108532]]",3945,Office
,,,1188773,,2026-04-10T18:22:26.047933,LoopNet API,39625204,"[[-77.7088, 43.146607]]",3298,Industrial
,,,1473943,,2026-04-10T18:22:26.047936,LoopNet API,39616616,"[[-77.696694, 43.183124]]",1712,Office
,,,1939957,,2026-04-10T18:22:26.047939,LoopNet API,39602403,"[[-77.452169, 43.208601]]",712,Retail
,,,1080498,,2026-04-10T18:22:26.047941,LoopNet API,39587954,"[[-77.699985, 43.149222]]",3746,Retail
,,,214527,,2026-04-10T18:22:26.047944,LoopNet API,39577570,"[[-77.732281, 43.21782]]",1652,Multi-Family
,,,250238,,2026-04-10T18:22:26.047946,LoopNet API,39558241,"[[-77.486755, 43.079174]]",3516,Industrial
,,,239309,,2026-04-10T18:22:26.047949,LoopNet API,39432321,"[[-77.603237, 43.115479]]",720,Retail
,,,1477589,,2026-04-10T18:22:26.047951,LoopNet API,39402981,"[[-77.569621, 43.201708]]",1591,Industrial
,,,1507940,,2026-04-10T18:22:26.047962,LoopNet API,39388644,"[[-77.583062, 43.163556]]",3489,Retail
,,,1508942,,2026-04-10T18:22:26.047964,LoopNet API,39323587,"[[-77.628679, 43.099292]]",4135,Office
,,,1948217,,2026-04-10T18:22:26.047967,LoopNet API,39322261,"[[-77.628546, 43.135555], [-77.62244, 43.13992], [-77.62866, 43.13642], [-77.64013, 43.12885]]",4434,Industrial
,,,1369106,,2026-04-10T18:22:26.047970,LoopNet API,39317559,"[[-77.652737, 43.184384]]",4069,Industrial
,,,467144,,2026-04-10T18:22:26.047972,LoopNet API,39302800,"[[-77.687407, 43.208923]]",4611,Multi-Family
,,,347719,,2026-04-10T18:22:26.047975,LoopNet API,39292350,"[[-77.621133, 43.082114]]",3279,Retail
,,,1232372,,2026-04-10T18:22:26.047978,LoopNet API,39270340,"[[-77.596377, 43.140599], [-77.595678, 43.140665], [-77.596294, 43.140951], [-77.596385, 43.140912], [-77.596329, 43.140442]]",4192,Multi-Family
,,,1901793,,2026-04-10T18:22:26.047980,LoopNet API,39265429,"[[-77.579476, 43.138666]]",2401,Office
,,,1827077,,2026-04-10T18:22:26.047983,LoopNet API,39265207,"[[-77.579987, 43.150797]]",3293,Industrial
,,,120879,,2026-04-10T18:22:26.047985,LoopNet API,39228650,"[[-77.615279, 43.101188]]",4737,Multi-Family
,,,1996160,,2026-04-10T18:22:26.047988,LoopNet API,39172088,"[[-77.674289, 43.111963]]",4359,Multi-Family
,,,674763,,2026-04-10T18:22:26.047990,LoopNet API,39113038,"[[-77.641053, 43.146858]]",3922,Retail
,,,1920847,,2026-04-10T18:22:26.047993,LoopNet API,39082310,"[[-77.607652, 43.180298]]",3877,Retail
,,,621191,,2026-04-10T18:22:26.047996,LoopNet API,39031619,"[[-77.559786, 43.169987]]",4990,Retail
,,,750390,,2026-04-10T18:22:26.047998,LoopNet API,39011722,"[[-77.614977, 43.178606]]",2434,Retail
,,,1063698,,2026-04-10T18:22:26.048001,LoopNet API,38985531,"[[-77.635785, 43.095101]]",2228,Office
,,,703662,,2026-04-10T18:22:26.048003,LoopNet API,38816016,"[[-77.66101, 43.149414]]",4654,Multi-Family
,,,969912,,2026-04-10T18:22:26.048006,LoopNet API,38794915,"[[-77.651745, 43.145283]]",680,Retail
,,,1720476,,2026-04-10T18:22:26.048008,LoopNet API,38693769,"[[-77.642082, 43.222331]]",4422,Industrial
,,,380224,,2026-04-10T18:22:26.048014,LoopNet API,38658005,"[[-77.649384, 43.161883]]",1667,Multi-Family
,,,1687321,,2026-04-10T18:22:26.048017,LoopNet API,38636419,"[[-77.626949, 43.16643], [-77.600855, 43.173812]]",3907,Office
,,,1674860,,2026-04-10T18:22:26.048020,LoopNet API,38636410,"[[-77.661895, 43.046676]]",1794,Multi-Family
,,,1975368,,2026-04-10T18:22:26.048022,LoopNet API,38610227,"[[-77.564976, 43.14901]]",4025,Industrial
,,,1391708,,2026-04-10T18:22:26.048024,LoopNet API,38579493,"[[-77.65508, 43.153301]]",2549,Multi-Family
,,,1034716,,2026-04-10T18:22:26.048027,LoopNet API,38553022,"[[-77.599309, 43.157494]]",1468,Multi-Family
,,,1927896,,2026-04-10T18:22:26.048029,LoopNet API,38530756,"[[-77.59832, 43.159179]]",2401,Office
,,,346527,,2026-04-10T18:22:26.048034,LoopNet API,38530691,"[[-77.599626, 43.159095]]",1997,Office
,,,1168420,,2026-04-10T18:22:26.048037,LoopNet API,38500653,"[[-77.59903, 43.142998]]",4481,Industrial
,,,1926569,,2026-04-10T18:22:26.048039,LoopNet API,38455770,"[[-77.63365, 43.197508]]",4136,Retail
,,,492746,,2026-04-10T18:22:26.048042,LoopNet API,38433685,"[[-77.509827, 43.178265]]",4287,Multi-Family
,,,1507598,,2026-04-10T18:22:26.048044,LoopNet API,38423222,"[[-77.670455, 43.205365]]",3125,Retail
,,,1016522,,2026-04-10T18:22:26.048047,LoopNet API,38410033,"[[-77.612807, 43.165168]]",1176,Office
,,,1940118,,2026-04-10T18:22:26.048049,LoopNet API,38391803,"[[-77.69616, 43.221334]]",2102,Office
,,,1050556,,2026-04-10T18:22:26.048054,LoopNet API,38357735,"[[-77.61102, 43.25571]]",3516,Retail
,,,1820304,,2026-04-10T18:22:26.048056,LoopNet API,38353121,"[[-77.487226, 43.118583]]",3705,Industrial
,,,1532036,,2026-04-10T18:22:26.048058,LoopNet API,38337053,"[[-77.736792, 43.182119]]",3354,Multi-Family
,,,315131,,2026-04-10T18:22:26.048061,LoopNet API,38306416,"[[-77.618951, 43.10377], [-77.619241, 43.104197]]",4175,Industrial
,,,1148421,,2026-04-10T18:22:26.048063,LoopNet API,38263561,"[[-77.66493, 43.131087]]",2569,Office
,,,1281041,,2026-04-10T18:22:26.048065,LoopNet API,38223668,"[[-77.508242, 43.18241]]",2359,Office
,,,1933691,,2026-04-10T18:22:26.048068,LoopNet API,38013173,"[[-77.653018, 43.149681]]",3088,Retail
,,,299477,,2026-04-10T18:22:26.048070,LoopNet API,37994174,"[[-77.675616, 43.037633]]",2895,Industrial
,,,1990130,,2026-04-10T18:22:26.048073,LoopNet API,37974523,"[[-77.606928, 43.160039]]",2770,Office
,,,1895753,,2026-04-10T18:22:26.048075,LoopNet API,37938064,"[[-77.609412, 43.159125]]",2540,Multi-Family
,,,1714198,,2026-04-10T18:22:26.048077,LoopNet API,37863022,"[[-77.66444, 43.13292]]",2959,Multi-Family
,,,937313,,2026-04-10T18:22:26.048079,LoopNet API,37840949,"[[-77.607784, 43.14062]]",4151,Multi-Family
,,,540225,,2026-04-10T18:22:26.048082,LoopNet API,37766162,"[[-77.659114, 43.15824]]",3651,Multi-Family
,,,1869083,,2026-04-10T18:22:26.048084,LoopNet API,37685380,"[[-77.640861, 43.080778]]",1137,Retail
,,,716833,,2026-04-10T18:22:26.048086,LoopNet API,37564679,"[[-77.601539, 43.089175], [-77.602465, 43.089255]]",3501,Industrial
,,,855521,,2026-04-10T18:22:26.048089,LoopNet API,37409507,"[[-77.703288, 43.18576]]",4299,Multi-Family
,,,1407999,,2026-04-10T18:22:26.048091,LoopNet API,37029121,"[[-77.704267, 43.185293]]",2693,Multi-Family
,,,1039928,,2026-04-10T18:22:26.048093,LoopNet API,36999876,"[[-77.618147, 43.103253]]",787,Multi-Family
,,,204532,,2026-04-10T18:22:26.048095,LoopNet API,36911005,"[[-77.665334, 43.133994]]",4351,Retail
,,,1179831,,2026-04-10T18:22:26.048097,LoopNet API,36845807,"[[-77.521768, 43.091687]]",2732,Retail
,,,251712,,2026-04-10T18:22:26.048100,LoopNet API,36693922,"[[-77.618859, 43.102351]]",4472,Multi-Family
,,,1055300,,2026-04-10T18:22:26.048103,LoopNet API,36611613,"[[-77.628904, 43.174154]]",3678,Retail
,,,1783593,,2026-04-10T18:22:26.048105,LoopNet API,36398849,"[[-77.581112, 43.0941]]",3209,Retail
,,,557179,,2026-04-10T18:22:26.048107,LoopNet API,35789458,"[[-77.710627, 43.146659]]",1449,Industrial
,,,1891484,,2026-04-10T18:22:26.048109,LoopNet API,35561380,"[[-77.603447, 43.147115]]",3601,Retail
,,,1441387,,2026-04-10T18:22:26.048111,LoopNet API,35079036,"[[-77.668244, 43.165093]]",2993,Office
,,,1700200,,2026-04-10T18:22:26.048114,LoopNet API,35029105,"[[-77.593411, 43.12617]]",3291,Industrial
,,,775964,,2026-04-10T18:22:26.048116,LoopNet API,34615706,"[[-77.631762, 43.087828]]",2946,Industrial
,,,1175838,,2026-04-10T18:22:26.048118,LoopNet API,34483921,"[[-77.628616, 43.135441]]",3699,Office
,,,1965351,,2026-04-10T18:22:26.048121,LoopNet API,33831590,"[[-77.761502, 43.097409]]",4165,Office
,,,1228959,,2026-04-10T18:22:26.048123,LoopNet API,33830092,"[[-77.734078, 43.095041]]",1748,Industrial
,,,662178,,2026-04-10T18:22:26.048125,LoopNet API,33162249,"[[-77.611413, 43.155727]]",1324,Retail
,,,1121740,,2026-04-10T18:22:26.048132,LoopNet API,33041169,"[[-77.593028, 43.146437]]",4490,Retail
,,,1800550,,2026-04-10T18:22:26.048134,LoopNet API,32968464,"[[-77.589541, 43.144419]]",4194,Multi-Family
,,,332895,,2026-04-10T18:22:26.048137,LoopNet API,32876301,"[[-77.693209, 43.210131]]",1707,Industrial
,,,1416610,,2026-04-10T18:22:26.048139,LoopNet API,32654787,"[[-77.650142, 43.135638]]",1851,Multi-Family
,,,202656,,2026-04-10T18:22:26.048161,LoopNet API,32554456,"[[-77.615191, 43.159897]]",3877,Industrial
,,,853212,,2026-04-10T18:22:26.048164,LoopNet API,32108855,"[[-77.561308, 43.204157]]",1501,Office
,,,236045,,2026-04-10T18:22:26.048167,LoopNet API,31478200,"[[-77.673524, 43.109445]]",3228,Industrial
,,,206770,,2026-04-10T18:22:26.048169,LoopNet API,31300848,"[[-77.455286, 43.209852]]",2949,Retail
,,,984236,,2026-04-10T18:22:26.048171,LoopNet API,30644543,"[[-77.623535, 43.147484]]",2226,Retail
,,,1824644,,2026-04-10T18:22:26.048173,LoopNet API,30346044,"[[-77.608702, 43.156989]]",3522,Industrial
,,,433623,,2026-04-10T18:22:26.048175,LoopNet API,29800269,"[[-77.5831, 43.092362]]",4348,Multi-Family
,,,1563318,,2026-04-10T18:22:26.048207,LoopNet API,29057874,"[[-77.636271, 43.0941]]",1142,Office
,,,1057779,,2026-04-10T18:22:26.048210,LoopNet API,28764317,"[[-74.193444, 40.921858], [-77.656597, 43.11786]]",2191,Industrial
,,,1532752,,2026-04-10T18:22:26.048212,LoopNet API,28639149,"[[-77.620477, 43.086632]]",4780,Office
,,,1292816,,2026-04-10T18:22:26.048215,LoopNet API,28431245,"[[-77.587104, 43.18259]]",1649,Office
,,,186106,,2026-04-10T18:22:26.048217,LoopNet API,27373913,"[[-77.616208, 43.068077]]",2552,Industrial
,,,1127461,,2026-04-10T18:22:26.048221,LoopNet API,25060286,"[[-77.731417, 43.213995]]",1199,Multi-Family
,,,886558,,2026-04-10T18:22:26.048223,LoopNet API,24504892,"[[-77.602434, 43.161704]]",3431,Office
,,,623856,,2026-04-10T18:22:26.048225,LoopNet API,22039846,"[[-77.711586, 43.210741]]",3114,Retail
,,,1633627,,2026-04-10T18:22:26.048228,LoopNet API,18800479,"[[-77.697693, 43.105656]]",2889,Retail
,,,1087092,,2026-04-10T18:22:26.048230,LoopNet API,16334777,"[[-77.735362, 43.214659]]",3660,Retail
,,,526294,,2026-04-10T18:22:26.048232,LoopNet API,9282621,"[[-77.66594, 43.014168]]",2351,Industrial
,,,1670669,,2026-04-10T18:22:26.048234,LoopNet API,39690768,"[[-77.636795, 43.199908]]",4607,Office
,,,846148,,2026-04-10T18:22:26.048248,LoopNet API,39543460,"[[-77.598923, 43.210388]]",1000,Retail
,,,761404,,2026-04-10T18:22:26.048256,LoopNet API,39135136,"[[-77.450523, 43.107187]]",3757,Retail
,,,463160,,2026-04-10T18:22:26.048258,LoopNet API,38704259,"[[-77.695072, 43.217637]]",913,Retail
,,,1750986,,2026-04-10T18:22:26.048261,LoopNet API,37835183,"[[-77.689202, 43.184202]]",2212,Office
,,,1958513,,2026-04-10T18:22:26.048263,LoopNet API,37802144,"[[-77.729757, 43.216637]]",3088,Office
,,,1734684,,2026-04-10T18:22:26.048265,LoopNet API,37685159,"[[-77.507708, 43.180254]]",680,Industrial
,,,651957,,2026-04-10T18:22:26.048267,LoopNet API,37672628,"[[-77.58338, 43.161273]]",751,Multi-Family
,,,1559169,,2026-04-10T18:22:26.048270,LoopNet API,36753479,"[[-77.609031, 43.188089]]",884,Industrial
,,,750746,,2026-04-10T18:22:26.048274,LoopNet API,35918214,"[[-77.598063, 43.158212]]",2689,Office
,,,1994561,,2026-04-10T18:22:26.048280,LoopNet API,34615563,"[[-77.606169, 43.123466]]",3756,Office
,,,1551047,,2026-04-10T18:22:26.048283,LoopNet API,33967070,"[[-77.600692, 43.090541]]",883,Office
,,,1324768,,2026-04-10T18:22:26.048285,LoopNet API,33594054,"[[-77.59515, 43.197256]]",2114,Office
,,,1549134,,2026-04-10T18:22:26.048287,LoopNet API,33563624,"[[-77.670594, 43.205411]]",4113,Office
,,,1652302,,2026-04-10T18:22:26.048290,LoopNet API,31365120,"[[-77.617893, 43.104205]]",1153,Retail
,,,1687734,,2026-04-10T18:22:26.048292,LoopNet API,31072254,"[[-77.672354, 43.208394]]",1993,Office
,,,1936939,,2026-04-10T18:22:26.048294,LoopNet API,29679893,"[[-77.625991, 43.083275]]",4627,Multi-Family
,,,1581266,,2026-04-10T18:22:26.048296,LoopNet API,28677556,"[[-77.496353, 43.128384]]",3318,Office
,,,1970315,,2026-04-10T18:22:26.048298,LoopNet API,27340026,"[[-77.596171, 43.094725]]",2553,Retail
,,,1992885,,2026-04-10T18:22:26.048301,LoopNet API,25423067,"[[-77.660068, 43.189489]]",3912,Multi-Family
,,,786734,,2026-04-10T18:22:26.048303,LoopNet API,39240335,"[[-77.626972, 43.266573]]",1157,Multi-Family
,,,1692558,,2026-04-10T18:22:26.048306,LoopNet API,38506503,"[[-77.722156, 43.147954]]",4332,Industrial
,,,1723560,,2026-04-10T18:22:26.048308,LoopNet API,39688759,"[[-77.491895, 43.134963]]",3060,Multi-Family
,,,1906217,,2026-04-10T18:22:26.048310,LoopNet API,39493768,"[[-77.652739, 43.183327]]",3222,Office
,,,1198178,,2026-04-10T18:22:26.048312,LoopNet API,39179151,"[[-77.637042, 43.21747]]",4437,Retail
,,,1058014,,2026-04-10T18:22:26.048315,LoopNet API,39135313,"[[-77.59963, 43.147174]]",3305,Retail
,,,1414284,,2026-04-10T18:22:26.048317,LoopNet API,39029056,"[[-77.629854, 43.253288]]",1154,Multi-Family
,,,1004609,,2026-04-10T18:22:26.048319,LoopNet API,38805754,"[[-77.609516, 43.159373], [-77.60937, 43.159498], [-77.609022, 43.159498]]",4009,Industrial
,,,1963392,,2026-04-10T18:22:26.048321,LoopNet API,38672790,"[[-77.695841, 43.252085]]",3437,Retail
,,,1677891,,2026-04-10T18:22:26.048323,LoopNet API,38667709,"[[-77.684791, 43.163939]]",2645,Multi-Family
,,,1193951,,2026-04-10T18:22:26.048326,LoopNet API,38657835,"[[-77.680431, 43.165312]]",2734,Multi-Family
,,,1819116,,2026-04-10T18:22:26.048328,LoopNet API,38642840,"[[-77.63687, 43.178827], [-77.642536, 43.179533], [-77.642392, 43.179532], [-77.62665, 43.14951], [-77.62825, 43.15788], [-77.60167, 43.17348], [-77.64267, 43.17865], [-77.574784, 43.159554], [-77.642874, 43.178356], [-77.64269, 43.17833], [-77.648616, 43.175477]]",1213,Retail
,,,176505,,2026-04-10T18:22:26.048331,LoopNet API,38392450,"[[-77.563914, 43.165658]]",1235,Multi-Family
,,,569044,,2026-04-10T18:22:26.048336,LoopNet API,38349243,"[[-77.630426, 43.152136]]",1718,Office
,,,1184087,,2026-04-10T18:22:26.048338,LoopNet API,38336132,"[[-77.606721, 43.148846]]",2131,Multi-Family
,,,1523533,,2026-04-10T18:22:26.048340,LoopNet API,37642625,"[[-77.521411, 43.091164]]",2037,Industrial
,,,234597,,2026-04-10T18:22:26.048343,LoopNet API,37635578,"[[-77.605897, 43.163075]]",4739,Retail
,,,1298961,,2026-04-10T18:22:26.048345,LoopNet API,37597791,"[[-77.622107, 43.237705], [-77.650804, 43.149728], [-77.621603, 43.239027]]",3947,Retail
,,,150191,,2026-04-10T18:22:26.048347,LoopNet API,36946149,"[[-77.640255, 43.216379]]",2938,Office
,,,1900449,,2026-04-10T18:22:26.048349,LoopNet API,36759255,"[[-77.555457, 43.176733]]",2027,Office
,,,1154941,,2026-04-10T18:22:26.048351,LoopNet API,36720805,"[[-77.507789, 43.181558]]",4248,Industrial
,,,561387,,2026-04-10T18:22:26.048356,LoopNet API,36541756,"[[-77.609937, 43.162058]]",1415,Multi-Family
,,,233223,,2026-04-10T18:22:26.048359,LoopNet API,36012352,"[[-77.547591, 43.226692]]",3313,Retail
,,,1862586,,2026-04-10T18:22:26.048361,LoopNet API,35743582,"[[-77.552951, 43.1471]]",2413,Office
,,,512099,,2026-04-10T18:22:26.048363,LoopNet API,35635912,"[[-77.663813, 43.204382]]",3452,Multi-Family
,,,986846,,2026-04-10T18:22:26.048365,LoopNet API,33872004,"[[-77.483396, 43.203826]]",4668,Retail
,,,1782642,,2026-04-10T18:22:26.048368,LoopNet API,33820009,"[[-77.599713, 43.172094]]",694,Multi-Family
,,,152445,,2026-04-10T18:22:26.048370,LoopNet API,33012857,"[[-77.750032, 43.254493]]",2242,Industrial
,,,1483564,,2026-04-10T18:22:26.048372,LoopNet API,32888406,"[[-77.658047, 43.128951]]",1645,Office
,,,879717,,2026-04-10T18:22:26.048374,LoopNet API,32669501,"[[-77.438521, 43.130325]]",1006,Office
,,,1652211,,2026-04-10T18:22:26.048377,LoopNet API,30842456,"[[-77.645307, 43.123657]]",3437,Industrial
,,,1035540,,2026-04-10T18:22:26.048379,LoopNet API,30058882,"[[-77.650628, 43.131562]]",3011,Office
,,,1750162,,2026-04-10T18:22:26.048382,LoopNet API,28535219,"[[-77.640383, 43.058454]]",640,Industrial
,,,1030320,,2026-04-10T18:22:26.048384,LoopNet API,25194189,"[[-77.5988, 43.20861]]",1455,Retail
,,,1098263,,2026-04-10T18:22:26.048386,LoopNet API,37336938,"[[-77.68565, 43.186082]]",1545,Industrial
,,,1166087,,2026-04-10T18:22:26.048388,LoopNet API,35191239,"[[-77.462175, 43.110628]]",909,Multi-Family
,,,1322927,,2026-04-10T18:22:26.048390,LoopNet API,29771223,"[[-77.599426, 43.193142], [-77.599521, 43.192894], [-77.599646, 43.193356]]",2099,Retail
,,,140948,,2026-04-10T18:22:26.048393,LoopNet API,25271303,"[[-77.652613, 43.187679]]",3444,Multi-Family
,,,890595,,2026-04-10T18:22:26.048395,LoopNet API,37144799,"[[-77.445522, 43.127799], [-77.446778, 43.126919]]",1856,Multi-Family
,,,813368,,2026-04-10T18:26:43.682855,LoopNet API,33157222,"[[-77.629305, 43.193999]]",3986,Industrial
,,,663483,,2026-04-10T18:26:43.682865,LoopNet API,39251110,"[[-77.477505, 43.204216]]",4647,Multi-Family
,,,148920,,2026-04-10T18:26:43.682867,LoopNet API,39817288,"[[-77.630988, 43.19586]]",575,Multi-Family
,,,1407436,,2026-04-10T18:26:43.682869,LoopNet API,39712189,"[[-77.678778, 43.108532]]",4393,Office
,,,890993,,2026-04-10T18:26:43.682870,LoopNet API,39625204,"[[-77.7088, 43.146607]]",2250,Multi-Family
,,,1206123,,2026-04-10T18:26:43.682872,LoopNet API,39616616,"[[-77.696694, 43.183124]]",1811,Retail
,,,687380,,2026-04-10T18:26:43.682874,LoopNet API,39602403,"[[-77.452169, 43.208601]]",3238,Retail
,,,884249,,2026-04-10T18:26:43.682875,LoopNet API,39587954,"[[-77.699985, 43.149222]]",3028,Retail
,,,1532751,,2026-04-10T18:26:43.682876,LoopNet API,39577570,"[[-77.732281, 43.21782]]",742,Retail
,,,1383403,,2026-04-10T18:26:43.682878,LoopNet API,39558241,"[[-77.486755, 43.079174]]",1495,Retail
,,,1342112,,2026-04-10T18:26:43.682879,LoopNet API,39432321,"[[-77.603237, 43.115479]]",989,Industrial
,,,795381,,2026-04-10T18:26:43.682885,LoopNet API,39402981,"[[-77.569621, 43.201708]]",3502,Industrial
,,,400394,,2026-04-10T18:26:43.682888,LoopNet API,39388644,"[[-77.583062, 43.163556]]",2074,Multi-Family
,,,1156639,,2026-04-10T18:26:43.682889,LoopNet API,39323587,"[[-77.628679, 43.099292]]",1527,Office
,,,1473327,,2026-04-10T18:26:43.682891,LoopNet API,39322261,"[[-77.628546, 43.135555], [-77.62244, 43.13992], [-77.62866, 43.13642], [-77.64013, 43.12885]]",3308,Industrial
,,,1374354,,2026-04-10T18:26:43.682892,LoopNet API,39317559,"[[-77.652737, 43.184384]]",2680,Multi-Family
,,,807339,,2026-04-10T18:26:43.682894,LoopNet API,39302800,"[[-77.687407, 43.208923]]",3198,Multi-Family
,,,1962141,,2026-04-10T18:26:43.682895,LoopNet API,39292350,"[[-77.621133, 43.082114]]",815,Industrial
,,,788852,,2026-04-10T18:26:43.682897,LoopNet API,39270340,"[[-77.596377, 43.140599], [-77.595678, 43.140665], [-77.596294, 43.140951], [-77.596385, 43.140912], [-77.596329, 43.140442]]",2993,Retail
,,,777752,,2026-04-10T18:26:43.682898,LoopNet API,39265429,"[[-77.579476, 43.138666]]",3968,Multi-Family
,,,1406496,,2026-04-10T18:26:43.682900,LoopNet API,39265207,"[[-77.579987, 43.150797]]",776,Retail
,,,917362,,2026-04-10T18:26:43.682901,LoopNet API,39228650,"[[-77.615279, 43.101188]]",3415,Retail
,,,651678,,2026-04-10T18:26:43.682903,LoopNet API,39172088,"[[-77.674289, 43.111963]]",3413,Industrial
,,,1171664,,2026-04-10T18:26:43.682904,LoopNet API,39113038,"[[-77.641053, 43.146858]]",3585,Retail
,,,1408109,,2026-04-10T18:26:43.682906,LoopNet API,39082310,"[[-77.607652, 43.180298]]",2328,Multi-Family
,,,141010,,2026-04-10T18:26:43.682907,LoopNet API,39031619,"[[-77.559786, 43.169987]]",4332,Retail
,,,1330268,,2026-04-10T18:26:43.682909,LoopNet API,39011722,"[[-77.614977, 43.178606]]",4606,Office
,,,1969362,,2026-04-10T18:26:43.682910,LoopNet API,38985531,"[[-77.635785, 43.095101]]",2916,Multi-Family
,,,1438339,,2026-04-10T18:26:43.682912,LoopNet API,38816016,"[[-77.66101, 43.149414]]",1086,Multi-Family
,,,158427,,2026-04-10T18:26:43.682913,LoopNet API,38794915,"[[-77.651745, 43.145283]]",2970,Industrial
,,,1459906,,2026-04-10T18:26:43.682915,LoopNet API,38693769,"[[-77.642082, 43.222331]]",4173,Multi-Family
,,,260404,,2026-04-10T18:26:43.682916,LoopNet API,38658005,"[[-77.649384, 43.161883]]",1550,Retail
,,,1686606,,2026-04-10T18:26:43.682917,LoopNet API,38636419,"[[-77.626949, 43.16643], [-77.600855, 43.173812]]",4192,Multi-Family
,,,1251764,,2026-04-10T18:26:43.682919,LoopNet API,38636410,"[[-77.661895, 43.046676]]",1196,Industrial
,,,280303,,2026-04-10T18:26:43.682920,LoopNet API,38610227,"[[-77.564976, 43.14901]]",2923,Industrial
,,,1973315,,2026-04-10T18:26:43.682921,LoopNet API,38579493,"[[-77.65508, 43.153301]]",2289,Multi-Family
,,,146753,,2026-04-10T18:26:43.682924,LoopNet API,38553022,"[[-77.599309, 43.157494]]",1757,Multi-Family
,,,1912654,,2026-04-10T18:26:43.682926,LoopNet API,38530756,"[[-77.59832, 43.159179]]",646,Multi-Family
,,,283905,,2026-04-10T18:26:43.682927,LoopNet API,38530691,"[[-77.599626, 43.159095]]",4580,Office
,,,1787488,,2026-04-10T18:26:43.682928,LoopNet API,38500653,"[[-77.59903, 43.142998]]",1752,Multi-Family
,,,666866,,2026-04-10T18:26:43.682930,LoopNet API,38455770,"[[-77.63365, 43.197508]]",4869,Retail
,,,1476639,,2026-04-10T18:26:43.682931,LoopNet API,38433685,"[[-77.509827, 43.178265]]",4481,Industrial
,,,222829,,2026-04-10T18:26:43.682933,LoopNet API,38423222,"[[-77.670455, 43.205365]]",1485,Industrial
,,,1399354,,2026-04-10T18:26:43.682934,LoopNet API,38410033,"[[-77.612807, 43.165168]]",2391,Multi-Family
,,,1182732,,2026-04-10T18:26:43.682937,LoopNet API,38391803,"[[-77.69616, 43.221334]]",4436,Multi-Family
,,,198509,,2026-04-10T18:26:43.682938,LoopNet API,38357735,"[[-77.61102, 43.25571]]",3826,Office
,,,1857931,,2026-04-10T18:26:43.682940,LoopNet API,38353121,"[[-77.487226, 43.118583]]",716,Industrial
,,,1755180,,2026-04-10T18:26:43.682941,LoopNet API,38337053,"[[-77.736792, 43.182119]]",1335,Office
,,,1575356,,2026-04-10T18:26:43.682942,LoopNet API,38306416,"[[-77.618951, 43.10377], [-77.619241, 43.104197]]",4168,Multi-Family
,,,1255255,,2026-04-10T18:26:43.682943,LoopNet API,38263561,"[[-77.66493, 43.131087]]",1065,Retail
,,,1013651,,2026-04-10T18:26:43.682945,LoopNet API,38223668,"[[-77.508242, 43.18241]]",881,Retail
,,,1381885,,2026-04-10T18:26:43.682946,LoopNet API,38013173,"[[-77.653018, 43.149681]]",507,Industrial
,,,1781725,,2026-04-10T18:26:43.682947,LoopNet API,37994174,"[[-77.675616, 43.037633]]",3684,Retail
,,,656932,,2026-04-10T18:26:43.682949,LoopNet API,37974523,"[[-77.606928, 43.160039]]",2404,Multi-Family
,,,1138073,,2026-04-10T18:26:43.682950,LoopNet API,37938064,"[[-77.609412, 43.159125]]",2585,Industrial
,,,1792193,,2026-04-10T18:26:43.682951,LoopNet API,37863022,"[[-77.66444, 43.13292]]",3079,Industrial
,,,1717808,,2026-04-10T18:26:43.682953,LoopNet API,37840949,"[[-77.607784, 43.14062]]",4219,Multi-Family
,,,1042451,,2026-04-10T18:26:43.682954,LoopNet API,37766162,"[[-77.659114, 43.15824]]",4419,Office
,,,1151994,,2026-04-10T18:26:43.682955,LoopNet API,37685380,"[[-77.640861, 43.080778]]",4058,Office
,,,1655334,,2026-04-10T18:26:43.682957,LoopNet API,37564679,"[[-77.601539, 43.089175], [-77.602465, 43.089255]]",2102,Office
,,,1405208,,2026-04-10T18:26:43.682958,LoopNet API,37409507,"[[-77.703288, 43.18576]]",2792,Retail
,,,494001,,2026-04-10T18:26:43.682959,LoopNet API,37029121,"[[-77.704267, 43.185293]]",3965,Multi-Family
,,,1331664,,2026-04-10T18:26:43.682960,LoopNet API,36999876,"[[-77.618147, 43.103253]]",1075,Office
,,,1641705,,2026-04-10T18:26:43.682962,LoopNet API,36911005,"[[-77.665334, 43.133994]]",1878,Industrial
,,,1751475,,2026-04-10T18:26:43.682963,LoopNet API,36845807,"[[-77.521768, 43.091687]]",3930,Office
,,,731772,,2026-04-10T18:26:43.682965,LoopNet API,36693922,"[[-77.618859, 43.102351]]",3309,Office
,,,1649654,,2026-04-10T18:26:43.682966,LoopNet API,36611613,"[[-77.628904, 43.174154]]",4780,Multi-Family
,,,1728098,,2026-04-10T18:26:43.682967,LoopNet API,36398849,"[[-77.581112, 43.0941]]",3462,Industrial
,,,1752876,,2026-04-10T18:26:43.682969,LoopNet API,35789458,"[[-77.710627, 43.146659]]",1068,Retail
,,,1128822,,2026-04-10T18:26:43.682970,LoopNet API,35561380,"[[-77.603447, 43.147115]]",3346,Industrial
,,,385631,,2026-04-10T18:26:43.682971,LoopNet API,35079036,"[[-77.668244, 43.165093]]",503,Office
,,,363255,,2026-04-10T18:26:43.682973,LoopNet API,35029105,"[[-77.593411, 43.12617]]",1067,Industrial
,,,1911005,,2026-04-10T18:26:43.682974,LoopNet API,34615706,"[[-77.631762, 43.087828]]",1058,Industrial
,,,166005,,2026-04-10T18:26:43.682975,LoopNet API,34483921,"[[-77.628616, 43.135441]]",1266,Multi-Family
,,,1215376,,2026-04-10T18:26:43.682976,LoopNet API,33831590,"[[-77.761502, 43.097409]]",1075,Industrial
,,,1691821,,2026-04-10T18:26:43.682978,LoopNet API,33830092,"[[-77.734078, 43.095041]]",1885,Multi-Family
,,,1953165,,2026-04-10T18:26:43.682983,LoopNet API,33162249,"[[-77.611413, 43.155727]]",1288,Retail
,,,1184826,,2026-04-10T18:26:43.682985,LoopNet API,33041169,"[[-77.593028, 43.146437]]",696,Industrial
,,,1035722,,2026-04-10T18:26:43.682987,LoopNet API,32968464,"[[-77.589541, 43.144419]]",1353,Multi-Family
,,,1326530,,2026-04-10T18:26:43.682988,LoopNet API,32876301,"[[-77.693209, 43.210131]]",4241,Office
,,,752964,,2026-04-10T18:26:43.682989,LoopNet API,32654787,"[[-77.650142, 43.135638]]",4689,Industrial
,,,876522,,2026-04-10T18:26:43.682991,LoopNet API,32554456,"[[-77.615191, 43.159897]]",4744,Retail
,,,1426985,,2026-04-10T18:26:43.682992,LoopNet API,32108855,"[[-77.561308, 43.204157]]",3006,Industrial
,,,544208,,2026-04-10T18:26:43.682993,LoopNet API,31478200,"[[-77.673524, 43.109445]]",2361,Office
,,,1561755,,2026-04-10T18:26:43.682995,LoopNet API,31300848,"[[-77.455286, 43.209852]]",1143,Office
,,,1627058,,2026-04-10T18:26:43.682996,LoopNet API,30644543,"[[-77.623535, 43.147484]]",4532,Retail
,,,416492,,2026-04-10T18:26:43.683000,LoopNet API,30346044,"[[-77.608702, 43.156989]]",2105,Retail
,,,291087,,2026-04-10T18:26:43.683001,LoopNet API,29800269,"[[-77.5831, 43.092362]]",963,Retail
,,,1379041,,2026-04-10T18:26:43.683002,LoopNet API,29057874,"[[-77.636271, 43.0941]]",1126,Office
,,,186429,,2026-04-10T18:26:43.683004,LoopNet API,28764317,"[[-74.193444, 40.921858], [-77.656597, 43.11786]]",2339,Retail
,,,1648277,,2026-04-10T18:26:43.683005,LoopNet API,28639149,"[[-77.620477, 43.086632]]",3418,Industrial
,,,421055,,2026-04-10T18:26:43.683006,LoopNet API,28431245,"[[-77.587104, 43.18259]]",2910,Retail
,,,1950187,,2026-04-10T18:26:43.683008,LoopNet API,27373913,"[[-77.616208, 43.068077]]",1520,Retail
,,,607311,,2026-04-10T18:26:43.683009,LoopNet API,25060286,"[[-77.731417, 43.213995]]",3003,Office
,,,1946427,,2026-04-10T18:26:43.683011,LoopNet API,24504892,"[[-77.602434, 43.161704]]",1442,Retail
,,,1677796,,2026-04-10T18:26:43.683012,LoopNet API,22039846,"[[-77.711586, 43.210741]]",1964,Retail
,,,240875,,2026-04-10T18:26:43.683013,LoopNet API,18800479,"[[-77.697693, 43.105656]]",2015,Office
,,,122245,,2026-04-10T18:26:43.683015,LoopNet API,16334777,"[[-77.735362, 43.214659]]",4532,Office
,,,630160,,2026-04-10T18:26:43.683016,LoopNet API,9282621,"[[-77.66594, 43.014168]]",2032,Office
,,,433788,,2026-04-10T18:26:43.683017,LoopNet API,39690768,"[[-77.636795, 43.199908]]",4767,Office
,,,1076064,,2026-04-10T18:26:43.683019,LoopNet API,39543460,"[[-77.598923, 43.210388]]",4525,Industrial
,,,245610,,2026-04-10T18:26:43.683020,LoopNet API,39135136,"[[-77.450523, 43.107187]]",4868,Retail
,,,1781912,,2026-04-10T18:26:43.683021,LoopNet API,38704259,"[[-77.695072, 43.217637]]",2841,Retail
,,,102415,,2026-04-10T18:26:43.683022,LoopNet API,37835183,"[[-77.689202, 43.184202]]",1173,Retail
,,,854725,,2026-04-10T18:26:43.683024,LoopNet API,37802144,"[[-77.729757, 43.216637]]",1076,Industrial
,,,282657,,2026-04-10T18:26:43.683025,LoopNet API,37685159,"[[-77.507708, 43.180254]]",2091,Office
,,,1577916,,2026-04-10T18:26:43.683026,LoopNet API,37672628,"[[-77.58338, 43.161273]]",1751,Retail
,,,923486,,2026-04-10T18:26:43.683027,LoopNet API,36753479,"[[-77.609031, 43.188089]]",3560,Office
,,,1677849,,2026-04-10T18:26:43.683032,LoopNet API,35918214,"[[-77.598063, 43.158212]]",1943,Retail
,,,386927,,2026-04-10T18:26:43.683034,LoopNet API,34615563,"[[-77.606169, 43.123466]]",1135,Office
,,,1084591,,2026-04-10T18:26:43.683035,LoopNet API,33967070,"[[-77.600692, 43.090541]]",1904,Multi-Family
,,,1867915,,2026-04-10T18:26:43.683037,LoopNet API,33594054,"[[-77.59515, 43.197256]]",2349,Multi-Family
,,,259198,,2026-04-10T18:26:43.683038,LoopNet API,33563624,"[[-77.670594, 43.205411]]",773,Office
,,,1126723,,2026-04-10T18:26:43.683039,LoopNet API,31365120,"[[-77.617893, 43.104205]]",3384,Multi-Family
,,,231359,,2026-04-10T18:26:43.683041,LoopNet API,31072254,"[[-77.672354, 43.208394]]",2326,Industrial
,,,1375762,,2026-04-10T18:26:43.683042,LoopNet API,29679893,"[[-77.625991, 43.083275]]",1007,Retail
,,,1207924,,2026-04-10T18:26:43.683043,LoopNet API,28677556,"[[-77.496353, 43.128384]]",2521,Retail
,,,142896,,2026-04-10T18:26:43.683045,LoopNet API,27340026,"[[-77.596171, 43.094725]]",2389,Industrial
,,,669953,,2026-04-10T18:26:43.683046,LoopNet API,25423067,"[[-77.660068, 43.189489]]",4619,Retail
,,,549926,,2026-04-10T18:26:43.683047,LoopNet API,39240335,"[[-77.626972, 43.266573]]",3723,Multi-Family
,,,1260045,,2026-04-10T18:26:43.683049,LoopNet API,38506503,"[[-77.722156, 43.147954]]",4456,Industrial
,,,707470,,2026-04-10T18:26:43.683050,LoopNet API,39688759,"[[-77.491895, 43.134963]]",2552,Office
,,,484661,,2026-04-10T18:26:43.683051,LoopNet API,39493768,"[[-77.652739, 43.183327]]",587,Office
,,,1920397,,2026-04-10T18:26:43.683053,LoopNet API,39179151,"[[-77.637042, 43.21747]]",4174,Retail
,,,510014,,2026-04-10T18:26:43.683054,LoopNet API,39135313,"[[-77.59963, 43.147174]]",1177,Multi-Family
,,,691816,,2026-04-10T18:26:43.683055,LoopNet API,39029056,"[[-77.629854, 43.253288]]",2963,Industrial
,,,1025797,,2026-04-10T18:26:43.683057,LoopNet API,38805754,"[[-77.609516, 43.159373], [-77.60937, 43.159498], [-77.609022, 43.159498]]",4213,Retail
,,,1831866,,2026-04-10T18:26:43.683058,LoopNet API,38672790,"[[-77.695841, 43.252085]]",2777,Retail
,,,666273,,2026-04-10T18:26:43.683059,LoopNet API,38667709,"[[-77.684791, 43.163939]]",2219,Multi-Family
,,,1401499,,2026-04-10T18:26:43.683061,LoopNet API,38657835,"[[-77.680431, 43.165312]]",1028,Multi-Family
,,,608758,,2026-04-10T18:26:43.683062,LoopNet API,38642840,"[[-77.63687, 43.178827], [-77.642536, 43.179533], [-77.642392, 43.179532], [-77.62665, 43.14951], [-77.62825, 43.15788], [-77.60167, 43.17348], [-77.64267, 43.17865], [-77.574784, 43.159554], [-77.642874, 43.178356], [-77.64269, 43.17833], [-77.648616, 43.175477]]",1232,Industrial
,,,1828165,,2026-04-10T18:26:43.683064,LoopNet API,38392450,"[[-77.563914, 43.165658]]",4854,Office
,,,1097717,,2026-04-10T18:26:43.683065,LoopNet API,38349243,"[[-77.630426, 43.152136]]",785,Industrial
,,,940195,,2026-04-10T18:26:43.683066,LoopNet API,38336132,"[[-77.606721, 43.148846]]",2032,Multi-Family
,,,492969,,2026-04-10T18:26:43.683067,LoopNet API,37642625,"[[-77.521411, 43.091164]]",1832,Office
,,,535110,,2026-04-10T18:26:43.683092,LoopNet API,37635578,"[[-77.605897, 43.163075]]",653,Retail
,,,1637860,,2026-04-10T18:26:43.683098,LoopNet API,37597791,"[[-77.622107, 43.237705], [-77.650804, 43.149728], [-77.621603, 43.239027]]",547,Retail
,,,1210505,,2026-04-10T18:26:43.683104,LoopNet API,36946149,"[[-77.640255, 43.216379]]",2386,Industrial
,,,1273475,,2026-04-10T18:26:43.683106,LoopNet API,36759255,"[[-77.555457, 43.176733]]",3565,Retail
,,,1736417,,2026-04-10T18:26:43.683112,LoopNet API,36720805,"[[-77.507789, 43.181558]]",4784,Retail
,,,303999,,2026-04-10T18:26:43.683114,LoopNet API,36541756,"[[-77.609937, 43.162058]]",3826,Industrial
,,,216058,,2026-04-10T18:26:43.683115,LoopNet API,36012352,"[[-77.547591, 43.226692]]",3634,Multi-Family
,,,831148,,2026-04-10T18:26:43.683116,LoopNet API,35743582,"[[-77.552951, 43.1471]]",535,Retail
,,,142730,,2026-04-10T18:26:43.683118,LoopNet API,35635912,"[[-77.663813, 43.204382]]",2412,Industrial
,,,1688933,,2026-04-10T18:26:43.683119,LoopNet API,33872004,"[[-77.483396, 43.203826]]",793,Multi-Family
,,,1910077,,2026-04-10T18:26:43.683121,LoopNet API,33820009,"[[-77.599713, 43.172094]]",559,Multi-Family
,,,1946991,,2026-04-10T18:26:43.683122,LoopNet API,33012857,"[[-77.750032, 43.254493]]",2555,Retail
,,,765692,,2026-04-10T18:26:43.683123,LoopNet API,32888406,"[[-77.658047, 43.128951]]",3210,Retail
,,,791897,,2026-04-10T18:26:43.683124,LoopNet API,32669501,"[[-77.438521, 43.130325]]",2911,Office
,,,1803415,,2026-04-10T18:26:43.683127,LoopNet API,30842456,"[[-77.645307, 43.123657]]",4884,Retail
,,,138602,,2026-04-10T18:26:43.683128,LoopNet API,30058882,"[[-77.650628, 43.131562]]",2706,Industrial
,,,1164643,,2026-04-10T18:26:43.683130,LoopNet API,28535219,"[[-77.640383, 43.058454]]",4142,Multi-Family
,,,542164,,2026-04-10T18:26:43.683131,LoopNet API,25194189,"[[-77.5988, 43.20861]]",4502,Industrial
,,,717144,,2026-04-10T18:26:43.683132,LoopNet API,37336938,"[[-77.68565, 43.186082]]",4407,Multi-Family
,,,958485,,2026-04-10T18:26:43.683133,LoopNet API,35191239,"[[-77.462175, 43.110628]]",3669,Office
,,,386953,,2026-04-10T18:26:43.683135,LoopNet API,29771223,"[[-77.599426, 43.193142], [-77.599521, 43.192894], [-77.599646, 43.193356]]",3728,Multi-Family
,,,1094423,,2026-04-10T18:26:43.683136,LoopNet API,25271303,"[[-77.652613, 43.187679]]",4107,Industrial
,,,1124907,,2026-04-10T18:26:43.683137,LoopNet API,37144799,"[[-77.445522, 43.127799], [-77.446778, 43.126919]]",2677,Office
,,,557121,,2026-04-10T19:46:01.753869,LoopNet API,33157222,"[[-77.629305, 43.193999]]",3759,Office
,,,1069945,,2026-04-10T19:46:01.753886,LoopNet API,39251110,"[[-77.477505, 43.204216]]",1809,Office
,,,1624186,,2026-04-10T19:46:01.753892,LoopNet API,39817288,"[[-77.630988, 43.19586]]",2034,Office
,,,1044155,,2026-04-10T19:46:01.753895,LoopNet API,39712189,"[[-77.678778, 43.108532]]",2774,Industrial
,,,803222,,2026-04-10T19:46:01.753899,LoopNet API,39625204,"[[-77.7088, 43.146607]]",4288,Industrial
,,,1383899,,2026-04-10T19:46:01.753902,LoopNet API,39616616,"[[-77.696694, 43.183124]]",4270,Multi-Family
,,,1959223,,2026-04-10T19:46:01.753905,LoopNet API,39602403,"[[-77.452169, 43.208601]]",3150,Multi-Family
,,,929424,,2026-04-10T19:46:01.753908,LoopNet API,39587954,"[[-77.699985, 43.149222]]",3912,Office
,,,500716,,2026-04-10T19:46:01.753911,LoopNet API,39577570,"[[-77.732281, 43.21782]]",2905,Industrial
,,,1286877,,2026-04-10T19:46:01.753914,LoopNet API,39558241,"[[-77.486755, 43.079174]]",4872,Multi-Family
,,,1879986,,2026-04-10T19:46:01.753917,LoopNet API,39432321,"[[-77.603237, 43.115479]]",4202,Office
,,,1097326,,2026-04-10T19:46:01.753928,LoopNet API,39402981,"[[-77.569621, 43.201708]]",1198,Retail
,,,399094,,2026-04-10T19:46:01.753931,LoopNet API,39388644,"[[-77.583062, 43.163556]]",3366,Office
,,,771967,,2026-04-10T19:46:01.753935,LoopNet API,39323587,"[[-77.628679, 43.099292]]",4153,Office
,,,1413038,,2026-04-10T19:46:01.753938,LoopNet API,39322261,"[[-77.628546, 43.135555], [-77.62244, 43.13992], [-77.62866, 43.13642], [-77.64013, 43.12885]]",1243,Multi-Family
,,,1658467,,2026-04-10T19:46:01.753941,LoopNet API,39317559,"[[-77.652737, 43.184384]]",1489,Office
,,,1509232,,2026-04-10T19:46:01.753943,LoopNet API,39302800,"[[-77.687407, 43.208923]]",3386,Retail
,,,1158681,,2026-04-10T19:46:01.753946,LoopNet API,39292350,"[[-77.621133, 43.082114]]",1471,Multi-Family
,,,228565,,2026-04-10T19:46:01.753949,LoopNet API,39270340,"[[-77.596377, 43.140599], [-77.595678, 43.140665], [-77.596294, 43.140951], [-77.596385, 43.140912], [-77.596329, 43.140442]]",2734,Industrial
,,,1793919,,2026-04-10T19:46:01.753952,LoopNet API,39265429,"[[-77.579476, 43.138666]]",2209,Retail
,,,1522516,,2026-04-10T19:46:01.753955,LoopNet API,39265207,"[[-77.579987, 43.150797]]",1700,Office
,,,428308,,2026-04-10T19:46:01.753958,LoopNet API,39228650,"[[-77.615279, 43.101188]]",4735,Industrial
,,,1944981,,2026-04-10T19:46:01.753960,LoopNet API,39172088,"[[-77.674289, 43.111963]]",1814,Retail
,,,520609,,2026-04-10T19:46:01.753963,LoopNet API,39113038,"[[-77.641053, 43.146858]]",1839,Multi-Family
,,,922921,,2026-04-10T19:46:01.753966,LoopNet API,39082310,"[[-77.607652, 43.180298]]",4784,Multi-Family
,,,1350834,,2026-04-10T19:46:01.753969,LoopNet API,39031619,"[[-77.559786, 43.169987]]",4208,Office
,,,1697056,,2026-04-10T19:46:01.753972,LoopNet API,39011722,"[[-77.614977, 43.178606]]",3614,Office
,,,581942,,2026-04-10T19:46:01.753975,LoopNet API,38985531,"[[-77.635785, 43.095101]]",1837,Industrial
,,,1815700,,2026-04-10T19:46:01.753977,LoopNet API,38816016,"[[-77.66101, 43.149414]]",3177,Office
,,,1843543,,2026-04-10T19:46:01.753980,LoopNet API,38794915,"[[-77.651745, 43.145283]]",4376,Industrial
,,,1114195,,2026-04-10T19:46:01.753983,LoopNet API,38693769,"[[-77.642082, 43.222331]]",983,Multi-Family
,,,1591593,,2026-04-10T19:46:01.753986,LoopNet API,38658005,"[[-77.649384, 43.161883]]",4523,Industrial
,,,1796192,,2026-04-10T19:46:01.754000,LoopNet API,38636419,"[[-77.626949, 43.16643], [-77.600855, 43.173812]]",2926,Industrial
,,,1163327,,2026-04-10T19:46:01.754004,LoopNet API,38636410,"[[-77.661895, 43.046676]]",4418,Retail
,,,1625878,,2026-04-10T19:46:01.754006,LoopNet API,38610227,"[[-77.564976, 43.14901]]",3074,Industrial
,,,212124,,2026-04-10T19:46:01.754009,LoopNet API,38579493,"[[-77.65508, 43.153301]]",4007,Multi-Family
,,,1742589,,2026-04-10T19:46:01.754012,LoopNet API,38553022,"[[-77.599309, 43.157494]]",4235,Office
,,,1688282,,2026-04-10T19:46:01.754015,LoopNet API,38530756,"[[-77.59832, 43.159179]]",2149,Office
,,,676205,,2026-04-10T19:46:01.754018,LoopNet API,38530691,"[[-77.599626, 43.159095]]",3735,Multi-Family
,,,144169,,2026-04-10T19:46:01.754020,LoopNet API,38500653,"[[-77.59903, 43.142998]]",1351,Industrial
,,,1850691,,2026-04-10T19:46:01.754023,LoopNet API,38455770,"[[-77.63365, 43.197508]]",1536,Industrial
,,,501427,,2026-04-10T19:46:01.754026,LoopNet API,38433685,"[[-77.509827, 43.178265]]",739,Retail
,,,840533,,2026-04-10T19:46:01.754029,LoopNet API,38423222,"[[-77.670455, 43.205365]]",2754,Retail
,,,1089862,,2026-04-10T19:46:01.754032,LoopNet API,38410033,"[[-77.612807, 43.165168]]",1606,Multi-Family
,,,774739,,2026-04-10T19:46:01.754056,LoopNet API,38391803,"[[-77.69616, 43.221334]]",2774,Industrial
,,,516556,,2026-04-10T19:46:01.754061,LoopNet API,38357735,"[[-77.61102, 43.25571]]",1739,Retail
,,,1827089,,2026-04-10T19:46:01.754063,LoopNet API,38353121,"[[-77.487226, 43.118583]]",4623,Office
,,,401694,,2026-04-10T19:46:01.754066,LoopNet API,38337053,"[[-77.736792, 43.182119]]",4579,Retail
,,,1098515,,2026-04-10T19:46:01.754069,LoopNet API,38306416,"[[-77.618951, 43.10377], [-77.619241, 43.104197]]",734,Industrial
,,,1262687,,2026-04-10T19:46:01.754072,LoopNet API,38263561,"[[-77.66493, 43.131087]]",663,Industrial
,,,792583,,2026-04-10T19:46:01.754074,LoopNet API,38223668,"[[-77.508242, 43.18241]]",3355,Industrial
,,,707588,,2026-04-10T19:46:01.754077,LoopNet API,38013173,"[[-77.653018, 43.149681]]",1987,Industrial
,,,698182,,2026-04-10T19:46:01.754080,LoopNet API,37994174,"[[-77.675616, 43.037633]]",2096,Multi-Family
,,,1202585,,2026-04-10T19:46:01.754083,LoopNet API,37974523,"[[-77.606928, 43.160039]]",1846,Multi-Family
,,,185253,,2026-04-10T19:46:01.754086,LoopNet API,37938064,"[[-77.609412, 43.159125]]",655,Industrial
,,,1218137,,2026-04-10T19:46:01.754091,LoopNet API,37863022,"[[-77.66444, 43.13292]]",4965,Retail
,,,981048,,2026-04-10T19:46:01.754094,LoopNet API,37840949,"[[-77.607784, 43.14062]]",2297,Office
,,,563666,,2026-04-10T19:46:01.754097,LoopNet API,37766162,"[[-77.659114, 43.15824]]",3283,Multi-Family
,,,1426683,,2026-04-10T19:46:01.754099,LoopNet API,37685380,"[[-77.640861, 43.080778]]",1937,Retail
,,,1854887,,2026-04-10T19:46:01.754102,LoopNet API,37564679,"[[-77.601539, 43.089175], [-77.602465, 43.089255]]",2312,Office
,,,415475,,2026-04-10T19:46:01.754105,LoopNet API,37409507,"[[-77.703288, 43.18576]]",4174,Industrial
,,,1920657,,2026-04-10T19:46:01.754107,LoopNet API,37029121,"[[-77.704267, 43.185293]]",3946,Office
,,,1253500,,2026-04-10T19:46:01.754110,LoopNet API,36999876,"[[-77.618147, 43.103253]]",1287,Retail
,,,1668539,,2026-04-10T19:46:01.754113,LoopNet API,36911005,"[[-77.665334, 43.133994]]",1474,Industrial
,,,1707498,,2026-04-10T19:46:01.754115,LoopNet API,36845807,"[[-77.521768, 43.091687]]",3764,Retail
,,,951682,,2026-04-10T19:46:01.754119,LoopNet API,36693922,"[[-77.618859, 43.102351]]",1989,Industrial
,,,727006,,2026-04-10T19:46:01.754122,LoopNet API,36611613,"[[-77.628904, 43.174154]]",1908,Industrial
,,,275195,,2026-04-10T19:46:01.754124,LoopNet API,36398849,"[[-77.581112, 43.0941]]",1102,Multi-Family
,,,671321,,2026-04-10T19:46:01.754127,LoopNet API,35789458,"[[-77.710627, 43.146659]]",913,Retail
,,,571094,,2026-04-10T19:46:01.754129,LoopNet API,35561380,"[[-77.603447, 43.147115]]",3139,Retail
,,,631076,,2026-04-10T19:46:01.754132,LoopNet API,35079036,"[[-77.668244, 43.165093]]",4695,Office
,,,1245979,,2026-04-10T19:46:01.754135,LoopNet API,35029105,"[[-77.593411, 43.12617]]",4724,Multi-Family
,,,1283250,,2026-04-10T19:46:01.754137,LoopNet API,34615706,"[[-77.631762, 43.087828]]",1899,Multi-Family
,,,251141,,2026-04-10T19:46:01.754140,LoopNet API,34483921,"[[-77.628616, 43.135441]]",4458,Retail
,,,1529956,,2026-04-10T19:46:01.754142,LoopNet API,33831590,"[[-77.761502, 43.097409]]",1914,Retail
,,,880753,,2026-04-10T19:46:01.754145,LoopNet API,33830092,"[[-77.734078, 43.095041]]",2883,Multi-Family
,,,1123671,,2026-04-10T19:46:01.754150,LoopNet API,33162249,"[[-77.611413, 43.155727]]",4697,Office
,,,288308,,2026-04-10T19:46:01.754155,LoopNet API,33041169,"[[-77.593028, 43.146437]]",2825,Multi-Family
,,,1709684,,2026-04-10T19:46:01.754158,LoopNet API,32968464,"[[-77.589541, 43.144419]]",855,Retail
,,,303037,,2026-04-10T19:46:01.754161,LoopNet API,32876301,"[[-77.693209, 43.210131]]",4823,Office
,,,1884918,,2026-04-10T19:46:01.754163,LoopNet API,32654787,"[[-77.650142, 43.135638]]",794,Multi-Family
,,,344583,,2026-04-10T19:46:01.754166,LoopNet API,32554456,"[[-77.615191, 43.159897]]",2716,Office
,,,1568229,,2026-04-10T19:46:01.754171,LoopNet API,32108855,"[[-77.561308, 43.204157]]",2619,Office
,,,1529153,,2026-04-10T19:46:01.754174,LoopNet API,31478200,"[[-77.673524, 43.109445]]",4829,Multi-Family
,,,423598,,2026-04-10T19:46:01.754176,LoopNet API,31300848,"[[-77.455286, 43.209852]]",1218,Office
,,,1361891,,2026-04-10T19:46:01.754179,LoopNet API,30644543,"[[-77.623535, 43.147484]]",1070,Office
,,,402907,,2026-04-10T19:46:01.754182,LoopNet API,30346044,"[[-77.608702, 43.156989]]",2056,Retail
,,,1181417,,2026-04-10T19:46:01.754184,LoopNet API,29800269,"[[-77.5831, 43.092362]]",1423,Multi-Family
,,,156815,,2026-04-10T19:46:01.754187,LoopNet API,29057874,"[[-77.636271, 43.0941]]",4821,Industrial
,,,740820,,2026-04-10T19:46:01.754190,LoopNet API,28764317,"[[-74.193444, 40.921858], [-77.656597, 43.11786]]",687,Office
,,,1441982,,2026-04-10T19:46:01.754192,LoopNet API,28639149,"[[-77.620477, 43.086632]]",4718,Office
,,,1100742,,2026-04-10T19:46:01.754195,LoopNet API,28431245,"[[-77.587104, 43.18259]]",1184,Retail
,,,266776,,2026-04-10T19:46:01.754197,LoopNet API,27373913,"[[-77.616208, 43.068077]]",1768,Retail
,,,761493,,2026-04-10T19:46:01.754201,LoopNet API,25060286,"[[-77.731417, 43.213995]]",1425,Retail
,,,1929929,,2026-04-10T19:46:01.754204,LoopNet API,24504892,"[[-77.602434, 43.161704]]",620,Multi-Family
,,,1208962,,2026-04-10T19:46:01.754207,LoopNet API,22039846,"[[-77.711586, 43.210741]]",2995,Industrial
,,,515132,,2026-04-10T19:46:01.754209,LoopNet API,18800479,"[[-77.697693, 43.105656]]",1354,Retail
,,,853952,,2026-04-10T19:46:01.754212,LoopNet API,16334777,"[[-77.735362, 43.214659]]",3752,Retail
,,,706946,,2026-04-10T19:46:01.754215,LoopNet API,9282621,"[[-77.66594, 43.014168]]",582,Office
,,,847153,,2026-04-10T19:46:01.754217,LoopNet API,39690768,"[[-77.636795, 43.199908]]",3772,Retail
,,,1534013,,2026-04-10T19:46:01.754220,LoopNet API,39543460,"[[-77.598923, 43.210388]]",4214,Office
,,,1908576,,2026-04-10T19:46:01.754223,LoopNet API,39135136,"[[-77.450523, 43.107187]]",4488,Office
,,,362254,,2026-04-10T19:46:01.754225,LoopNet API,38704259,"[[-77.695072, 43.217637]]",1123,Multi-Family
,,,1957336,,2026-04-10T19:46:01.754228,LoopNet API,37835183,"[[-77.689202, 43.184202]]",3963,Multi-Family
,,,1892202,,2026-04-10T19:46:01.754230,LoopNet API,37802144,"[[-77.729757, 43.216637]]",1661,Office
,,,1381103,,2026-04-10T19:46:01.754233,LoopNet API,37685159,"[[-77.507708, 43.180254]]",3755,Retail
,,,734278,,2026-04-10T19:46:01.754235,LoopNet API,37672628,"[[-77.58338, 43.161273]]",4225,Retail
,,,1072950,,2026-04-10T19:46:01.754238,LoopNet API,36753479,"[[-77.609031, 43.188089]]",2624,Office
,,,599959,,2026-04-10T19:46:01.754245,LoopNet API,35918214,"[[-77.598063, 43.158212]]",3811,Office
,,,1868430,,2026-04-10T19:46:01.754249,LoopNet API,34615563,"[[-77.606169, 43.123466]]",4623,Industrial
,,,1734152,,2026-04-10T19:46:01.754252,LoopNet API,33967070,"[[-77.600692, 43.090541]]",1347,Office
,,,1266808,,2026-04-10T19:46:01.754255,LoopNet API,33594054,"[[-77.59515, 43.197256]]",3775,Retail
,,,278406,,2026-04-10T19:46:01.754257,LoopNet API,33563624,"[[-77.670594, 43.205411]]",1309,Retail
,,,653953,,2026-04-10T19:46:01.754260,LoopNet API,31365120,"[[-77.617893, 43.104205]]",1688,Industrial
,,,1337471,,2026-04-10T19:46:01.754263,LoopNet API,31072254,"[[-77.672354, 43.208394]]",3069,Multi-Family
,,,1482362,,2026-04-10T19:46:01.754265,LoopNet API,29679893,"[[-77.625991, 43.083275]]",4919,Multi-Family
,,,1540000,,2026-04-10T19:46:01.754268,LoopNet API,28677556,"[[-77.496353, 43.128384]]",2696,Industrial
,,,1468257,,2026-04-10T19:46:01.754270,LoopNet API,27340026,"[[-77.596171, 43.094725]]",2784,Multi-Family
,,,1809080,,2026-04-10T19:46:01.754275,LoopNet API,25423067,"[[-77.660068, 43.189489]]",4844,Office
,,,1750835,,2026-04-10T19:46:01.754278,LoopNet API,39240335,"[[-77.626972, 43.266573]]",1501,Retail
,,,736352,,2026-04-10T19:46:01.754281,LoopNet API,38506503,"[[-77.722156, 43.147954]]",3592,Multi-Family
,,,1348391,,2026-04-10T19:46:01.754284,LoopNet API,39688759,"[[-77.491895, 43.134963]]",2900,Industrial
,,,589492,,2026-04-10T19:46:01.754286,LoopNet API,39493768,"[[-77.652739, 43.183327]]",1329,Retail
,,,688266,,2026-04-10T19:46:01.754289,LoopNet API,39179151,"[[-77.637042, 43.21747]]",808,Multi-Family
,,,1220377,,2026-04-10T19:46:01.754292,LoopNet API,39135313,"[[-77.59963, 43.147174]]",2187,Industrial
,,,1072071,,2026-04-10T19:46:01.754294,LoopNet API,39029056,"[[-77.629854, 43.253288]]",2430,Retail
,,,1095026,,2026-04-10T19:46:01.754297,LoopNet API,38805754,"[[-77.609516, 43.159373], [-77.60937, 43.159498], [-77.609022, 43.159498]]",1690,Retail
,,,1446073,,2026-04-10T19:46:01.754299,LoopNet API,38672790,"[[-77.695841, 43.252085]]",1968,Retail
,,,1090683,,2026-04-10T19:46:01.754302,LoopNet API,38667709,"[[-77.684791, 43.163939]]",2133,Retail
,,,566344,,2026-04-10T19:46:01.754305,LoopNet API,38657835,"[[-77.680431, 43.165312]]",1783,Retail
,,,449258,,2026-04-10T19:46:01.754308,LoopNet API,38642840,"[[-77.63687, 43.178827], [-77.642536, 43.179533], [-77.642392, 43.179532], [-77.62665, 43.14951], [-77.62825, 43.15788], [-77.60167, 43.17348], [-77.64267, 43.17865], [-77.574784, 43.159554], [-77.642874, 43.178356], [-77.64269, 43.17833], [-77.648616, 43.175477]]",3981,Retail
,,,137593,,2026-04-10T19:46:01.754310,LoopNet API,38392450,"[[-77.563914, 43.165658]]",4040,Industrial
,,,788827,,2026-04-10T19:46:01.754313,LoopNet API,38349243,"[[-77.630426, 43.152136]]",1866,Industrial
,,,1746709,,2026-04-10T19:46:01.754318,LoopNet API,38336132,"[[-77.606721, 43.148846]]",1219,Retail
,,,693614,,2026-04-10T19:46:01.754321,LoopNet API,37642625,"[[-77.521411, 43.091164]]",2402,Retail
,,,1634621,,2026-04-10T19:46:01.754324,LoopNet API,37635578,"[[-77.605897, 43.163075]]",4458,Office
,,,1865983,,2026-04-10T19:46:01.754326,LoopNet API,37597791,"[[-77.622107, 43.237705], [-77.650804, 43.149728], [-77.621603, 43.239027]]",4020,Office
,,,514400,,2026-04-10T19:46:01.754329,LoopNet API,36946149,"[[-77.640255, 43.216379]]",3545,Multi-Family
,,,882894,,2026-04-10T19:46:01.754332,LoopNet API,36759255,"[[-77.555457, 43.176733]]",2850,Industrial
,,,395642,,2026-04-10T19:46:01.754337,LoopNet API,36720805,"[[-77.507789, 43.181558]]",1452,Industrial
,,,1958377,,2026-04-10T19:46:01.754340,LoopNet API,36541756,"[[-77.609937, 43.162058]]",3222,Industrial
,,,1188663,,2026-04-10T19:46:01.754342,LoopNet API,36012352,"[[-77.547591, 43.226692]]",4809,Retail
,,,452147,,2026-04-10T19:46:01.754345,LoopNet API,35743582,"[[-77.552951, 43.1471]]",4024,Multi-Family
,,,1531556,,2026-04-10T19:46:01.754348,LoopNet API,35635912,"[[-77.663813, 43.204382]]",1450,Retail
,,,1286016,,2026-04-10T19:46:01.754351,LoopNet API,33872004,"[[-77.483396, 43.203826]]",1455,Retail
,,,113950,,2026-04-10T19:46:01.754353,LoopNet API,33820009,"[[-77.599713, 43.172094]]",4457,Retail
,,,592010,,2026-04-10T19:46:01.754356,LoopNet API,33012857,"[[-77.750032, 43.254493]]",1039,Office
,,,389487,,2026-04-10T19:46:01.754358,LoopNet API,32888406,"[[-77.658047, 43.128951]]",2042,Office
,,,745418,,2026-04-10T19:46:01.754361,LoopNet API,32669501,"[[-77.438521, 43.130325]]",1371,Office
,,,1261528,,2026-04-10T19:46:01.754365,LoopNet API,30842456,"[[-77.645307, 43.123657]]",3074,Office
,,,375937,,2026-04-10T19:46:01.754367,LoopNet API,30058882,"[[-77.650628, 43.131562]]",1143,Office
,,,662836,,2026-04-10T19:46:01.754370,LoopNet API,28535219,"[[-77.640383, 43.058454]]",4217,Multi-Family
,,,1528590,,2026-04-10T19:46:01.754373,LoopNet API,25194189,"[[-77.5988, 43.20861]]",2677,Office
,,,1829987,,2026-04-10T19:46:01.754375,LoopNet API,37336938,"[[-77.68565, 43.186082]]",1092,Industrial
,,,337490,,2026-04-10T19:46:01.754378,LoopNet API,35191239,"[[-77.462175, 43.110628]]",3702,Multi-Family
,,,355903,,2026-04-10T19:46:01.754380,LoopNet API,29771223,"[[-77.599426, 43.193142], [-77.599521, 43.192894], [-77.599646, 43.193356]]",3043,Multi-Family
,,,1747133,,2026-04-10T19:46:01.754383,LoopNet API,25271303,"[[-77.652613, 43.187679]]",4156,Retail
,,,1185320,,2026-04-10T19:46:01.754386,LoopNet API,37144799,"[[-77.445522, 43.127799], [-77.446778, 43.126919]]",1973,Retail
,,,1194519,,2026-04-10T19:53:26.954085,LoopNet API,33157222,"[[-77.629305, 43.193999]]",4268,Industrial
,,,563031,,2026-04-10T19:53:26.954094,LoopNet API,39251110,"[[-77.477505, 43.204216]]",2778,Office
,,,923019,,2026-04-10T19:53:26.954096,LoopNet API,39817288,"[[-77.630988, 43.19586]]",1773,Industrial
,,,509804,,2026-04-10T19:53:26.954098,LoopNet API,39712189,"[[-77.678778, 43.108532]]",1166,Industrial
,,,410680,,2026-04-10T19:53:26.954099,LoopNet API,39625204,"[[-77.7088, 43.146607]]",2255,Retail
,,,913120,,2026-04-10T19:53:26.954101,LoopNet API,39616616,"[[-77.696694, 43.183124]]",1345,Industrial
,,,130384,,2026-04-10T19:53:26.954104,LoopNet API,39602403,"[[-77.452169, 43.208601]]",1999,Office
,,,1067160,,2026-04-10T19:53:26.954105,LoopNet API,39587954,"[[-77.699985, 43.149222]]",1916,Office
,,,1851188,,2026-04-10T19:53:26.954107,LoopNet API,39577570,"[[-77.732281, 43.21782]]",709,Multi-Family
,,,404216,,2026-04-10T19:53:26.954109,LoopNet API,39558241,"[[-77.486755, 43.079174]]",1429,Office
,,,1228226,,2026-04-10T19:53:26.954111,LoopNet API,39432321,"[[-77.603237, 43.115479]]",1721,Office
,,,835975,,2026-04-10T19:53:26.954113,LoopNet API,39402981,"[[-77.569621, 43.201708]]",1982,Multi-Family
,,,512665,,2026-04-10T19:53:26.954114,LoopNet API,39388644,"[[-77.583062, 43.163556]]",1278,Industrial
,,,556847,,2026-04-10T19:53:26.954116,LoopNet API,39323587,"[[-77.628679, 43.099292]]",1196,Multi-Family
,,,151236,,2026-04-10T19:53:26.954117,LoopNet API,39322261,"[[-77.628546, 43.135555], [-77.62244, 43.13992], [-77.62866, 43.13642], [-77.64013, 43.12885]]",4810,Industrial
,,,1281189,,2026-04-10T19:53:26.954118,LoopNet API,39317559,"[[-77.652737, 43.184384]]",4325,Multi-Family
,,,1704951,,2026-04-10T19:53:26.954119,LoopNet API,39302800,"[[-77.687407, 43.208923]]",1743,Retail
,,,808205,,2026-04-10T19:53:26.954121,LoopNet API,39292350,"[[-77.621133, 43.082114]]",1381,Office
,,,1331418,,2026-04-10T19:53:26.954122,LoopNet API,39270340,"[[-77.596377, 43.140599], [-77.595678, 43.140665], [-77.596294, 43.140951], [-77.596385, 43.140912], [-77.596329, 43.140442]]",3888,Retail
,,,726457,,2026-04-10T19:53:26.954123,LoopNet API,39265429,"[[-77.579476, 43.138666]]",3280,Industrial
,,,1030053,,2026-04-10T19:53:26.954125,LoopNet API,39265207,"[[-77.579987, 43.150797]]",826,Multi-Family
,,,1354893,,2026-04-10T19:53:26.954126,LoopNet API,39228650,"[[-77.615279, 43.101188]]",740,Multi-Family
,,,1059867,,2026-04-10T19:53:26.954127,LoopNet API,39172088,"[[-77.674289, 43.111963]]",1816,Industrial
,,,293723,,2026-04-10T19:53:26.954129,LoopNet API,39113038,"[[-77.641053, 43.146858]]",3524,Office
,,,1510462,,2026-04-10T19:53:26.954130,LoopNet API,39082310,"[[-77.607652, 43.180298]]",3936,Office
,,,223716,,2026-04-10T19:53:26.954132,LoopNet API,39031619,"[[-77.559786, 43.169987]]",995,Retail
,,,1634743,,2026-04-10T19:53:26.954133,LoopNet API,39011722,"[[-77.614977, 43.178606]]",704,Industrial
,,,268850,,2026-04-10T19:53:26.954135,LoopNet API,38985531,"[[-77.635785, 43.095101]]",4652,Industrial
,,,1464608,,2026-04-10T19:53:26.954136,LoopNet API,38816016,"[[-77.66101, 43.149414]]",2556,Retail
,,,789422,,2026-04-10T19:53:26.954137,LoopNet API,38794915,"[[-77.651745, 43.145283]]",2427,Retail
,,,1526367,,2026-04-10T19:53:26.954138,LoopNet API,38693769,"[[-77.642082, 43.222331]]",906,Office
,,,1611885,,2026-04-10T19:53:26.954140,LoopNet API,38658005,"[[-77.649384, 43.161883]]",3166,Retail
,,,355599,,2026-04-10T19:53:26.954141,LoopNet API,38636419,"[[-77.626949, 43.16643], [-77.600855, 43.173812]]",4556,Retail
,,,1406859,,2026-04-10T19:53:26.954142,LoopNet API,38636410,"[[-77.661895, 43.046676]]",1764,Retail
,,,1492246,,2026-04-10T19:53:26.954144,LoopNet API,38610227,"[[-77.564976, 43.14901]]",842,Industrial
,,,1954569,,2026-04-10T19:53:26.954145,LoopNet API,38579493,"[[-77.65508, 43.153301]]",592,Retail
,,,1263258,,2026-04-10T19:53:26.954147,LoopNet API,38553022,"[[-77.599309, 43.157494]]",886,Office
,,,602448,,2026-04-10T19:53:26.954148,LoopNet API,38530756,"[[-77.59832, 43.159179]]",4795,Industrial
,,,1165427,,2026-04-10T19:53:26.954151,LoopNet API,38530691,"[[-77.599626, 43.159095]]",2317,Multi-Family
,,,226402,,2026-04-10T19:53:26.954152,LoopNet API,38500653,"[[-77.59903, 43.142998]]",3867,Office
,,,715553,,2026-04-10T19:53:26.954153,LoopNet API,38455770,"[[-77.63365, 43.197508]]",2893,Office
,,,810744,,2026-04-10T19:53:26.954155,LoopNet API,38433685,"[[-77.509827, 43.178265]]",3931,Retail
,,,180058,,2026-04-10T19:53:26.954156,LoopNet API,38423222,"[[-77.670455, 43.205365]]",652,Office
,,,918388,,2026-04-10T19:53:26.954157,LoopNet API,38410033,"[[-77.612807, 43.165168]]",1198,Multi-Family
,,,1879172,,2026-04-10T19:53:26.954158,LoopNet API,38391803,"[[-77.69616, 43.221334]]",637,Industrial
,,,870558,,2026-04-10T19:53:26.954160,LoopNet API,38357735,"[[-77.61102, 43.25571]]",2624,Retail
,,,1955990,,2026-04-10T19:53:26.954161,LoopNet API,38353121,"[[-77.487226, 43.118583]]",1454,Multi-Family
,,,1863115,,2026-04-10T19:53:26.954162,LoopNet API,38337053,"[[-77.736792, 43.182119]]",3310,Multi-Family
,,,168349,,2026-04-10T19:53:26.954163,LoopNet API,38306416,"[[-77.618951, 43.10377], [-77.619241, 43.104197]]",3404,Retail
,,,183893,,2026-04-10T19:53:26.954164,LoopNet API,38263561,"[[-77.66493, 43.131087]]",2980,Industrial
,,,796983,,2026-04-10T19:53:26.954166,LoopNet API,38223668,"[[-77.508242, 43.18241]]",4176,Retail
,,,130447,,2026-04-10T19:53:26.954167,LoopNet API,38013173,"[[-77.653018, 43.149681]]",2452,Retail
,,,344315,,2026-04-10T19:53:26.954168,LoopNet API,37994174,"[[-77.675616, 43.037633]]",4049,Retail
,,,1266268,,2026-04-10T19:53:26.954169,LoopNet API,37974523,"[[-77.606928, 43.160039]]",2487,Industrial
,,,348543,,2026-04-10T19:53:26.954171,LoopNet API,37938064,"[[-77.609412, 43.159125]]",2553,Office
,,,1022712,,2026-04-10T19:53:26.954172,LoopNet API,37863022,"[[-77.66444, 43.13292]]",1949,Industrial
,,,835399,,2026-04-10T19:53:26.954173,LoopNet API,37840949,"[[-77.607784, 43.14062]]",852,Multi-Family
,,,529969,,2026-04-10T19:53:26.954174,LoopNet API,37766162,"[[-77.659114, 43.15824]]",3515,Industrial
,,,213677,,2026-04-10T19:53:26.954176,LoopNet API,37685380,"[[-77.640861, 43.080778]]",2967,Multi-Family
,,,1499457,,2026-04-10T19:53:26.954177,LoopNet API,37564679,"[[-77.601539, 43.089175], [-77.602465, 43.089255]]",3482,Office
,,,756476,,2026-04-10T19:53:26.954178,LoopNet API,37409507,"[[-77.703288, 43.18576]]",1563,Retail
,,,396433,,2026-04-10T19:53:26.954179,LoopNet API,37029121,"[[-77.704267, 43.185293]]",4002,Office
,,,1742794,,2026-04-10T19:53:26.954180,LoopNet API,36999876,"[[-77.618147, 43.103253]]",2359,Industrial
,,,1267690,,2026-04-10T19:53:26.954181,LoopNet API,36911005,"[[-77.665334, 43.133994]]",575,Retail
,,,1968891,,2026-04-10T19:53:26.954183,LoopNet API,36845807,"[[-77.521768, 43.091687]]",4605,Office
,,,866392,,2026-04-10T19:53:26.954184,LoopNet API,36693922,"[[-77.618859, 43.102351]]",2744,Office
,,,1164751,,2026-04-10T19:53:26.954185,LoopNet API,36611613,"[[-77.628904, 43.174154]]",3439,Retail
,,,1641346,,2026-04-10T19:53:26.954187,LoopNet API,36398849,"[[-77.581112, 43.0941]]",3542,Retail
,,,1916546,,2026-04-10T19:53:26.954188,LoopNet API,35789458,"[[-77.710627, 43.146659]]",4244,Industrial
,,,1733003,,2026-04-10T19:53:26.954189,LoopNet API,35561380,"[[-77.603447, 43.147115]]",3563,Industrial
,,,1764995,,2026-04-10T19:53:26.954192,LoopNet API,35079036,"[[-77.668244, 43.165093]]",4422,Office
,,,1963591,,2026-04-10T19:53:26.954193,LoopNet API,35029105,"[[-77.593411, 43.12617]]",2492,Office
,,,440253,,2026-04-10T19:53:26.954194,LoopNet API,34615706,"[[-77.631762, 43.087828]]",4522,Retail
,,,1519879,,2026-04-10T19:53:26.954196,LoopNet API,34483921,"[[-77.628616, 43.135441]]",1803,Retail
,,,644037,,2026-04-10T19:53:26.954198,LoopNet API,33831590,"[[-77.761502, 43.097409]]",3084,Multi-Family
,,,634230,,2026-04-10T19:53:26.954200,LoopNet API,33830092,"[[-77.734078, 43.095041]]",2870,Office
,,,1596455,,2026-04-10T19:53:26.954201,LoopNet API,33162249,"[[-77.611413, 43.155727]]",1778,Office
,,,535286,,2026-04-10T19:53:26.954203,LoopNet API,33041169,"[[-77.593028, 43.146437]]",4466,Industrial
,,,788346,,2026-04-10T19:53:26.954204,LoopNet API,32968464,"[[-77.589541, 43.144419]]",926,Industrial
,,,591562,,2026-04-10T19:53:26.954206,LoopNet API,32876301,"[[-77.693209, 43.210131]]",3775,Office
,,,1903212,,2026-04-10T19:53:26.954207,LoopNet API,32654787,"[[-77.650142, 43.135638]]",627,Office
,,,1524089,,2026-04-10T19:53:26.954208,LoopNet API,32554456,"[[-77.615191, 43.159897]]",3611,Multi-Family
,,,1577599,,2026-04-10T19:53:26.954209,LoopNet API,32108855,"[[-77.561308, 43.204157]]",4752,Retail
,,,754399,,2026-04-10T19:53:26.954211,LoopNet API,31478200,"[[-77.673524, 43.109445]]",1795,Industrial
,,,105160,,2026-04-10T19:53:26.954212,LoopNet API,31300848,"[[-77.455286, 43.209852]]",1675,Multi-Family
,,,1734151,,2026-04-10T19:53:26.954213,LoopNet API,30644543,"[[-77.623535, 43.147484]]",1215,Multi-Family
,,,189792,,2026-04-10T19:53:26.954214,LoopNet API,30346044,"[[-77.608702, 43.156989]]",4623,Retail
,,,1808092,,2026-04-10T19:53:26.954215,LoopNet API,29800269,"[[-77.5831, 43.092362]]",4962,Multi-Family
,,,1845524,,2026-04-10T19:53:26.954216,LoopNet API,29057874,"[[-77.636271, 43.0941]]",713,Multi-Family
,,,392699,,2026-04-10T19:53:26.954218,LoopNet API,28764317,"[[-74.193444, 40.921858], [-77.656597, 43.11786]]",4211,Multi-Family
,,,1705492,,2026-04-10T19:53:26.954219,LoopNet API,28639149,"[[-77.620477, 43.086632]]",628,Multi-Family
,,,1465716,,2026-04-10T19:53:26.954220,LoopNet API,28431245,"[[-77.587104, 43.18259]]",3581,Office
,,,261598,,2026-04-10T19:53:26.954221,LoopNet API,27373913,"[[-77.616208, 43.068077]]",4781,Industrial
,,,301642,,2026-04-10T19:53:26.954223,LoopNet API,25060286,"[[-77.731417, 43.213995]]",4068,Multi-Family
,,,156992,,2026-04-10T19:53:26.954224,LoopNet API,24504892,"[[-77.602434, 43.161704]]",3481,Industrial
,,,1064068,,2026-04-10T19:53:26.954225,LoopNet API,22039846,"[[-77.711586, 43.210741]]",4548,Multi-Family
,,,448094,,2026-04-10T19:53:26.954226,LoopNet API,18800479,"[[-77.697693, 43.105656]]",4621,Industrial
,,,1982617,,2026-04-10T19:53:26.954227,LoopNet API,16334777,"[[-77.735362, 43.214659]]",2954,Multi-Family
,,,279907,,2026-04-10T19:53:26.954234,LoopNet API,9282621,"[[-77.66594, 43.014168]]",829,Office
,,,1191208,,2026-04-10T19:53:26.954236,LoopNet API,39690768,"[[-77.636795, 43.199908]]",3716,Industrial
,,,1026345,,2026-04-10T19:53:26.954237,LoopNet API,39543460,"[[-77.598923, 43.210388]]",2541,Industrial
,,,1236023,,2026-04-10T19:53:26.954240,LoopNet API,39135136,"[[-77.450523, 43.107187]]",3829,Industrial
,,,897271,,2026-04-10T19:53:26.954241,LoopNet API,38704259,"[[-77.695072, 43.217637]]",796,Office
,,,785186,,2026-04-10T19:53:26.954242,LoopNet API,37835183,"[[-77.689202, 43.184202]]",4659,Multi-Family
,,,1643628,,2026-04-10T19:53:26.954243,LoopNet API,37802144,"[[-77.729757, 43.216637]]",4476,Office
,,,1375632,,2026-04-10T19:53:26.954245,LoopNet API,37685159,"[[-77.507708, 43.180254]]",1931,Multi-Family
,,,1092391,,2026-04-10T19:53:26.954246,LoopNet API,37672628,"[[-77.58338, 43.161273]]",1165,Office
,,,1187900,,2026-04-10T19:53:26.954247,LoopNet API,36753479,"[[-77.609031, 43.188089]]",4715,Office
,,,1358534,,2026-04-10T19:53:26.954248,LoopNet API,35918214,"[[-77.598063, 43.158212]]",4493,Multi-Family
,,,505068,,2026-04-10T19:53:26.954250,LoopNet API,34615563,"[[-77.606169, 43.123466]]",690,Multi-Family
,,,984384,,2026-04-10T19:53:26.954251,LoopNet API,33967070,"[[-77.600692, 43.090541]]",1017,Office
,,,101207,,2026-04-10T19:53:26.954252,LoopNet API,33594054,"[[-77.59515, 43.197256]]",2406,Office
,,,1129859,,2026-04-10T19:53:26.954254,LoopNet API,33563624,"[[-77.670594, 43.205411]]",2050,Industrial
,,,1520348,,2026-04-10T19:53:26.954256,LoopNet API,31365120,"[[-77.617893, 43.104205]]",1694,Retail
,,,1956021,,2026-04-10T19:53:26.954257,LoopNet API,31072254,"[[-77.672354, 43.208394]]",2363,Office
,,,133194,,2026-04-10T19:53:26.954258,LoopNet API,29679893,"[[-77.625991, 43.083275]]",663,Multi-Family
,,,1666575,,2026-04-10T19:53:26.954260,LoopNet API,28677556,"[[-77.496353, 43.128384]]",1685,Office
,,,835588,,2026-04-10T19:53:26.954261,LoopNet API,27340026,"[[-77.596171, 43.094725]]",3509,Multi-Family
,,,959399,,2026-04-10T19:53:26.954262,LoopNet API,25423067,"[[-77.660068, 43.189489]]",541,Industrial
,,,1969244,,2026-04-10T19:53:26.954263,LoopNet API,39240335,"[[-77.626972, 43.266573]]",2751,Industrial
,,,1557546,,2026-04-10T19:53:26.954264,LoopNet API,38506503,"[[-77.722156, 43.147954]]",2428,Office
,,,1099031,,2026-04-10T19:53:26.954266,LoopNet API,39688759,"[[-77.491895, 43.134963]]",3326,Multi-Family
,,,1233896,,2026-04-10T19:53:26.954267,LoopNet API,39493768,"[[-77.652739, 43.183327]]",2013,Office
,,,870962,,2026-04-10T19:53:26.954268,LoopNet API,39179151,"[[-77.637042, 43.21747]]",1215,Industrial
,,,1230459,,2026-04-10T19:53:26.954269,LoopNet API,39135313,"[[-77.59963, 43.147174]]",4692,Retail
,,,754455,,2026-04-10T19:53:26.954270,LoopNet API,39029056,"[[-77.629854, 43.253288]]",4524,Retail
,,,1851586,,2026-04-10T19:53:26.954272,LoopNet API,38805754,"[[-77.609516, 43.159373], [-77.60937, 43.159498], [-77.609022, 43.159498]]",2875,Retail
,,,939029,,2026-04-10T19:53:26.954273,LoopNet API,38672790,"[[-77.695841, 43.252085]]",3371,Office
,,,454846,,2026-04-10T19:53:26.954274,LoopNet API,38667709,"[[-77.684791, 43.163939]]",2923,Industrial
,,,465530,,2026-04-10T19:53:26.954276,LoopNet API,38657835,"[[-77.680431, 43.165312]]",2384,Retail
,,,1960333,,2026-04-10T19:53:26.954277,LoopNet API,38642840,"[[-77.63687, 43.178827], [-77.642536, 43.179533], [-77.642392, 43.179532], [-77.62665, 43.14951], [-77.62825, 43.15788], [-77.60167, 43.17348], [-77.64267, 43.17865], [-77.574784, 43.159554], [-77.642874, 43.178356], [-77.64269, 43.17833], [-77.648616, 43.175477]]",3688,Retail
,,,1456577,,2026-04-10T19:53:26.954278,LoopNet API,38392450,"[[-77.563914, 43.165658]]",3937,Retail
,,,1739324,,2026-04-10T19:53:26.954279,LoopNet API,38349243,"[[-77.630426, 43.152136]]",1882,Retail
,,,1778088,,2026-04-10T19:53:26.954284,LoopNet API,38336132,"[[-77.606721, 43.148846]]",4227,Multi-Family
,,,1509356,,2026-04-10T19:53:26.954285,LoopNet API,37642625,"[[-77.521411, 43.091164]]",4153,Office
,,,1620687,,2026-04-10T19:53:26.954287,LoopNet API,37635578,"[[-77.605897, 43.163075]]",1432,Multi-Family
,,,312521,,2026-04-10T19:53:26.954288,LoopNet API,37597791,"[[-77.622107, 43.237705], [-77.650804, 43.149728], [-77.621603, 43.239027]]",1821,Multi-Family
,,,1362885,,2026-04-10T19:53:26.954289,LoopNet API,36946149,"[[-77.640255, 43.216379]]",2846,Retail
,,,585076,,2026-04-10T19:53:26.954299,LoopNet API,36759255,"[[-77.555457, 43.176733]]",1036,Office
,,,1922903,,2026-04-10T19:53:26.954300,LoopNet API,36720805,"[[-77.507789, 43.181558]]",3356,Multi-Family
,,,1432773,,2026-04-10T19:53:26.954301,LoopNet API,36541756,"[[-77.609937, 43.162058]]",644,Industrial
,,,1209155,,2026-04-10T19:53:26.954303,LoopNet API,36012352,"[[-77.547591, 43.226692]]",4265,Retail
,,,1104462,,2026-04-10T19:53:26.954304,LoopNet API,35743582,"[[-77.552951, 43.1471]]",2607,Office
,,,1467043,,2026-04-10T19:53:26.954305,LoopNet API,35635912,"[[-77.663813, 43.204382]]",2027,Office
,,,1964067,,2026-04-10T19:53:26.954306,LoopNet API,33872004,"[[-77.483396, 43.203826]]",4806,Office
,,,511324,,2026-04-10T19:53:26.954308,LoopNet API,33820009,"[[-77.599713, 43.172094]]",4856,Industrial
,,,734574,,2026-04-10T19:53:26.954309,LoopNet API,33012857,"[[-77.750032, 43.254493]]",2237,Industrial
,,,1682070,,2026-04-10T19:53:26.954310,LoopNet API,32888406,"[[-77.658047, 43.128951]]",4873,Retail
,,,1647838,,2026-04-10T19:53:26.954311,LoopNet API,32669501,"[[-77.438521, 43.130325]]",920,Retail
,,,1669553,,2026-04-10T19:53:26.954315,LoopNet API,30842456,"[[-77.645307, 43.123657]]",1839,Retail
,,,1221531,,2026-04-10T19:53:26.954316,LoopNet API,30058882,"[[-77.650628, 43.131562]]",4797,Multi-Family
,,,363555,,2026-04-10T19:53:26.954317,LoopNet API,28535219,"[[-77.640383, 43.058454]]",2215,Multi-Family
,,,419772,,2026-04-10T19:53:26.954318,LoopNet API,25194189,"[[-77.5988, 43.20861]]",3259,Multi-Family
,,,285999,,2026-04-10T19:53:26.954319,LoopNet API,37336938,"[[-77.68565, 43.186082]]",2873,Office
,,,606161,,2026-04-10T19:53:26.954321,LoopNet API,35191239,"[[-77.462175, 43.110628]]",4114,Retail
,,,1753869,,2026-04-10T19:53:26.954322,LoopNet API,29771223,"[[-77.599426, 43.193142], [-77.599521, 43.192894], [-77.599646, 43.193356]]",2424,Multi-Family
,,,1466512,,2026-04-10T19:53:26.954323,LoopNet API,25271303,"[[-77.652613, 43.187679]]",3947,Multi-Family
,,,1141263,,2026-04-10T19:53:26.954324,LoopNet API,37144799,"[[-77.445522, 43.127799], [-77.446778, 43.126919]]",1715,Office
,,,1899570,,2026-04-10T19:57:54.103214,LoopNet API,33157222,"[[-77.629305, 43.193999]]",4073,Office
,,,1019690,,2026-04-10T19:57:54.103225,LoopNet API,39251110,"[[-77.477505, 43.204216]]",2829,Office
,,,1751883,,2026-04-10T19:57:54.103227,LoopNet API,39817288,"[[-77.630988, 43.19586]]",556,Retail
,,,1541571,,2026-04-10T19:57:54.103229,LoopNet API,39712189,"[[-77.678778, 43.108532]]",1494,Multi-Family
,,,1808636,,2026-04-10T19:57:54.103231,LoopNet API,39625204,"[[-77.7088, 43.146607]]",4708,Industrial
,,,1902808,,2026-04-10T19:57:54.103233,LoopNet API,39616616,"[[-77.696694, 43.183124]]",2455,Industrial
,,,666145,,2026-04-10T19:57:54.103237,LoopNet API,39602403,"[[-77.452169, 43.208601]]",3653,Industrial
,,,347652,,2026-04-10T19:57:54.103239,LoopNet API,39587954,"[[-77.699985, 43.149222]]",2301,Industrial
,,,108386,,2026-04-10T19:57:54.103240,LoopNet API,39577570,"[[-77.732281, 43.21782]]",1555,Office
,,,1902716,,2026-04-10T19:57:54.103242,LoopNet API,39558241,"[[-77.486755, 43.079174]]",3128,Multi-Family
,,,1444279,,2026-04-10T19:57:54.103243,LoopNet API,39432321,"[[-77.603237, 43.115479]]",4536,Office
,,,795689,,2026-04-10T19:57:54.103245,LoopNet API,39402981,"[[-77.569621, 43.201708]]",1324,Office
,,,1033226,,2026-04-10T19:57:54.103246,LoopNet API,39388644,"[[-77.583062, 43.163556]]",3725,Retail
,,,1277486,,2026-04-10T19:57:54.103248,LoopNet API,39323587,"[[-77.628679, 43.099292]]",3607,Office
,,,611748,,2026-04-10T19:57:54.103249,LoopNet API,39322261,"[[-77.628546, 43.135555], [-77.62244, 43.13992], [-77.62866, 43.13642], [-77.64013, 43.12885]]",3286,Industrial
,,,1969117,,2026-04-10T19:57:54.103251,LoopNet API,39317559,"[[-77.652737, 43.184384]]",4757,Retail
,,,1311931,,2026-04-10T19:57:54.103252,LoopNet API,39302800,"[[-77.687407, 43.208923]]",1143,Multi-Family
,,,1485504,,2026-04-10T19:57:54.103253,LoopNet API,39292350,"[[-77.621133, 43.082114]]",992,Office
,,,487745,,2026-04-10T19:57:54.103255,LoopNet API,39270340,"[[-77.596377, 43.140599], [-77.595678, 43.140665], [-77.596294, 43.140951], [-77.596385, 43.140912], [-77.596329, 43.140442]]",2866,Multi-Family
,,,231284,,2026-04-10T19:57:54.103256,LoopNet API,39265429,"[[-77.579476, 43.138666]]",1162,Retail
,,,1061322,,2026-04-10T19:57:54.103258,LoopNet API,39265207,"[[-77.579987, 43.150797]]",4498,Office
,,,823476,,2026-04-10T19:57:54.103259,LoopNet API,39228650,"[[-77.615279, 43.101188]]",1751,Office
,,,631274,,2026-04-10T19:57:54.103262,LoopNet API,39172088,"[[-77.674289, 43.111963]]",1354,Office
,,,127114,,2026-04-10T19:57:54.103263,LoopNet API,39113038,"[[-77.641053, 43.146858]]",1273,Office
,,,1752409,,2026-04-10T19:57:54.103265,LoopNet API,39082310,"[[-77.607652, 43.180298]]",2817,Office
,,,648782,,2026-04-10T19:57:54.103267,LoopNet API,39031619,"[[-77.559786, 43.169987]]",3575,Office
,,,1306704,,2026-04-10T19:57:54.103269,LoopNet API,39011722,"[[-77.614977, 43.178606]]",3994,Retail
,,,1717371,,2026-04-10T19:57:54.103270,LoopNet API,38985531,"[[-77.635785, 43.095101]]",3102,Retail
,,,553885,,2026-04-10T19:57:54.103271,LoopNet API,38816016,"[[-77.66101, 43.149414]]",1563,Office
,,,847990,,2026-04-10T19:57:54.103273,LoopNet API,38794915,"[[-77.651745, 43.145283]]",2818,Office
,,,1833523,,2026-04-10T19:57:54.103274,LoopNet API,38693769,"[[-77.642082, 43.222331]]",734,Office
,,,1374922,,2026-04-10T19:57:54.103276,LoopNet API,38658005,"[[-77.649384, 43.161883]]",4637,Multi-Family
,,,1562720,,2026-04-10T19:57:54.103277,LoopNet API,38636419,"[[-77.626949, 43.16643], [-77.600855, 43.173812]]",2012,Office
,,,1754309,,2026-04-10T19:57:54.103278,LoopNet API,38636410,"[[-77.661895, 43.046676]]",4426,Office
,,,124505,,2026-04-10T19:57:54.103280,LoopNet API,38610227,"[[-77.564976, 43.14901]]",1971,Multi-Family
,,,968789,,2026-04-10T19:57:54.103281,LoopNet API,38579493,"[[-77.65508, 43.153301]]",3558,Retail
,,,1567897,,2026-04-10T19:57:54.103282,LoopNet API,38553022,"[[-77.599309, 43.157494]]",4785,Industrial
,,,1990325,,2026-04-10T19:57:54.103284,LoopNet API,38530756,"[[-77.59832, 43.159179]]",1620,Industrial
,,,183716,,2026-04-10T19:57:54.103287,LoopNet API,38530691,"[[-77.599626, 43.159095]]",3004,Industrial
,,,1412917,,2026-04-10T19:57:54.103288,LoopNet API,38500653,"[[-77.59903, 43.142998]]",4264,Office
,,,1848069,,2026-04-10T19:57:54.103290,LoopNet API,38455770,"[[-77.63365, 43.197508]]",2394,Multi-Family
,,,1370990,,2026-04-10T19:57:54.103291,LoopNet API,38433685,"[[-77.509827, 43.178265]]",3545,Office
,,,1649120,,2026-04-10T19:57:54.103293,LoopNet API,38423222,"[[-77.670455, 43.205365]]",2581,Office
,,,1870641,,2026-04-10T19:57:54.103294,LoopNet API,38410033,"[[-77.612807, 43.165168]]",2907,Retail
,,,1054295,,2026-04-10T19:57:54.103295,LoopNet API,38391803,"[[-77.69616, 43.221334]]",2943,Multi-Family
,,,374170,,2026-04-10T19:57:54.103297,LoopNet API,38357735,"[[-77.61102, 43.25571]]",3987,Retail
,,,1857457,,2026-04-10T19:57:54.103298,LoopNet API,38353121,"[[-77.487226, 43.118583]]",4016,Office
,,,1762543,,2026-04-10T19:57:54.103299,LoopNet API,38337053,"[[-77.736792, 43.182119]]",3957,Retail
,,,1207690,,2026-04-10T19:57:54.103300,LoopNet API,38306416,"[[-77.618951, 43.10377], [-77.619241, 43.104197]]",2970,Industrial
,,,445938,,2026-04-10T19:57:54.103302,LoopNet API,38263561,"[[-77.66493, 43.131087]]",1943,Industrial
,,,567824,,2026-04-10T19:57:54.103303,LoopNet API,38223668,"[[-77.508242, 43.18241]]",4862,Multi-Family
,,,306607,,2026-04-10T19:57:54.103304,LoopNet API,38013173,"[[-77.653018, 43.149681]]",1679,Retail
,,,119082,,2026-04-10T19:57:54.103305,LoopNet API,37994174,"[[-77.675616, 43.037633]]",1966,Office
,,,220817,,2026-04-10T19:57:54.103307,LoopNet API,37974523,"[[-77.606928, 43.160039]]",636,Retail
,,,1634227,,2026-04-10T19:57:54.103308,LoopNet API,37938064,"[[-77.609412, 43.159125]]",1884,Industrial
,,,1183199,,2026-04-10T19:57:54.103310,LoopNet API,37863022,"[[-77.66444, 43.13292]]",4972,Retail
,,,370835,,2026-04-10T19:57:54.103311,LoopNet API,37840949,"[[-77.607784, 43.14062]]",4931,Retail
,,,1098113,,2026-04-10T19:57:54.103312,LoopNet API,37766162,"[[-77.659114, 43.15824]]",2303,Industrial
,,,1569393,,2026-04-10T19:57:54.103314,LoopNet API,37685380,"[[-77.640861, 43.080778]]",4636,Multi-Family
,,,1115476,,2026-04-10T19:57:54.103315,LoopNet API,37564679,"[[-77.601539, 43.089175], [-77.602465, 43.089255]]",4929,Industrial
,,,145636,,2026-04-10T19:57:54.103316,LoopNet API,37409507,"[[-77.703288, 43.18576]]",905,Retail
,,,1982452,,2026-04-10T19:57:54.103318,LoopNet API,37029121,"[[-77.704267, 43.185293]]",1091,Multi-Family
,,,1655124,,2026-04-10T19:57:54.103319,LoopNet API,36999876,"[[-77.618147, 43.103253]]",2066,Multi-Family
,,,1241219,,2026-04-10T19:57:54.103320,LoopNet API,36911005,"[[-77.665334, 43.133994]]",1691,Retail
,,,922945,,2026-04-10T19:57:54.103321,LoopNet API,36845807,"[[-77.521768, 43.091687]]",4889,Office
,,,769692,,2026-04-10T19:57:54.103323,LoopNet API,36693922,"[[-77.618859, 43.102351]]",4708,Multi-Family
,,,433713,,2026-04-10T19:57:54.103324,LoopNet API,36611613,"[[-77.628904, 43.174154]]",2644,Retail
,,,989645,,2026-04-10T19:57:54.103326,LoopNet API,36398849,"[[-77.581112, 43.0941]]",2809,Office
,,,954483,,2026-04-10T19:57:54.103327,LoopNet API,35789458,"[[-77.710627, 43.146659]]",4839,Industrial
,,,1562235,,2026-04-10T19:57:54.103328,LoopNet API,35561380,"[[-77.603447, 43.147115]]",2434,Retail
,,,1212832,,2026-04-10T19:57:54.103331,LoopNet API,35079036,"[[-77.668244, 43.165093]]",4454,Office
,,,1600567,,2026-04-10T19:57:54.103332,LoopNet API,35029105,"[[-77.593411, 43.12617]]",1884,Retail
,,,1329523,,2026-04-10T19:57:54.103334,LoopNet API,34615706,"[[-77.631762, 43.087828]]",4565,Retail
,,,1880553,,2026-04-10T19:57:54.103335,LoopNet API,34483921,"[[-77.628616, 43.135441]]",4803,Industrial
,,,1757381,,2026-04-10T19:57:54.103336,LoopNet API,33831590,"[[-77.761502, 43.097409]]",4556,Retail
,,,825773,,2026-04-10T19:57:54.103337,LoopNet API,33830092,"[[-77.734078, 43.095041]]",3381,Office
,,,426867,,2026-04-10T19:57:54.103339,LoopNet API,33162249,"[[-77.611413, 43.155727]]",2454,Retail
,,,1020514,,2026-04-10T19:57:54.103341,LoopNet API,33041169,"[[-77.593028, 43.146437]]",1290,Retail
,,,143585,,2026-04-10T19:57:54.103342,LoopNet API,32968464,"[[-77.589541, 43.144419]]",2094,Office
,,,205979,,2026-04-10T19:57:54.103343,LoopNet API,32876301,"[[-77.693209, 43.210131]]",2424,Industrial
,,,1083071,,2026-04-10T19:57:54.103345,LoopNet API,32654787,"[[-77.650142, 43.135638]]",1176,Office
,,,1217929,,2026-04-10T19:57:54.103346,LoopNet API,32554456,"[[-77.615191, 43.159897]]",3343,Multi-Family
,,,1804405,,2026-04-10T19:57:54.103347,LoopNet API,32108855,"[[-77.561308, 43.204157]]",3482,Industrial
,,,757862,,2026-04-10T19:57:54.103348,LoopNet API,31478200,"[[-77.673524, 43.109445]]",836,Retail
,,,317426,,2026-04-10T19:57:54.103350,LoopNet API,31300848,"[[-77.455286, 43.209852]]",4898,Office
,,,1064536,,2026-04-10T19:57:54.103351,LoopNet API,30644543,"[[-77.623535, 43.147484]]",3465,Industrial
,,,775073,,2026-04-10T19:57:54.103354,LoopNet API,30346044,"[[-77.608702, 43.156989]]",3412,Office
,,,1869963,,2026-04-10T19:57:54.103355,LoopNet API,29800269,"[[-77.5831, 43.092362]]",3485,Industrial
,,,150475,,2026-04-10T19:57:54.103356,LoopNet API,29057874,"[[-77.636271, 43.0941]]",3696,Office
,,,1341165,,2026-04-10T19:57:54.103358,LoopNet API,28764317,"[[-74.193444, 40.921858], [-77.656597, 43.11786]]",1039,Industrial
,,,204276,,2026-04-10T19:57:54.103359,LoopNet API,28639149,"[[-77.620477, 43.086632]]",4450,Industrial
,,,798979,,2026-04-10T19:57:54.103360,LoopNet API,28431245,"[[-77.587104, 43.18259]]",3763,Multi-Family
,,,1316649,,2026-04-10T19:57:54.103362,LoopNet API,27373913,"[[-77.616208, 43.068077]]",4017,Industrial
,,,451181,,2026-04-10T19:57:54.103363,LoopNet API,25060286,"[[-77.731417, 43.213995]]",3280,Multi-Family
,,,1664203,,2026-04-10T19:57:54.103364,LoopNet API,24504892,"[[-77.602434, 43.161704]]",2532,Multi-Family
,,,323236,,2026-04-10T19:57:54.103366,LoopNet API,22039846,"[[-77.711586, 43.210741]]",1295,Multi-Family
,,,595486,,2026-04-10T19:57:54.103367,LoopNet API,18800479,"[[-77.697693, 43.105656]]",1753,Multi-Family
,,,280052,,2026-04-10T19:57:54.103368,LoopNet API,16334777,"[[-77.735362, 43.214659]]",2192,Multi-Family
,,,1841860,,2026-04-10T19:57:54.103369,LoopNet API,9282621,"[[-77.66594, 43.014168]]",1846,Industrial
,,,1393809,,2026-04-10T19:57:54.103371,LoopNet API,39690768,"[[-77.636795, 43.199908]]",2597,Industrial
,,,1169696,,2026-04-10T19:57:54.103372,LoopNet API,39543460,"[[-77.598923, 43.210388]]",3208,Multi-Family
,,,1326029,,2026-04-10T19:57:54.103374,LoopNet API,39135136,"[[-77.450523, 43.107187]]",3447,Multi-Family
,,,1408193,,2026-04-10T19:57:54.103377,LoopNet API,38704259,"[[-77.695072, 43.217637]]",3781,Multi-Family
,,,1390792,,2026-04-10T19:57:54.103379,LoopNet API,37835183,"[[-77.689202, 43.184202]]",680,Office
,,,1706490,,2026-04-10T19:57:54.103380,LoopNet API,37802144,"[[-77.729757, 43.216637]]",4768,Office
,,,387483,,2026-04-10T19:57:54.103381,LoopNet API,37685159,"[[-77.507708, 43.180254]]",4506,Industrial
,,,1526899,,2026-04-10T19:57:54.103383,LoopNet API,37672628,"[[-77.58338, 43.161273]]",1016,Multi-Family
,,,509989,,2026-04-10T19:57:54.103384,LoopNet API,36753479,"[[-77.609031, 43.188089]]",3600,Retail
,,,385379,,2026-04-10T19:57:54.103385,LoopNet API,35918214,"[[-77.598063, 43.158212]]",4079,Office
,,,1273917,,2026-04-10T19:57:54.103387,LoopNet API,34615563,"[[-77.606169, 43.123466]]",537,Industrial
,,,1320213,,2026-04-10T19:57:54.103388,LoopNet API,33967070,"[[-77.600692, 43.090541]]",1846,Retail
,,,1141445,,2026-04-10T19:57:54.103389,LoopNet API,33594054,"[[-77.59515, 43.197256]]",3217,Office
,,,1941977,,2026-04-10T19:57:54.103391,LoopNet API,33563624,"[[-77.670594, 43.205411]]",4442,Industrial
,,,136310,,2026-04-10T19:57:54.103393,LoopNet API,31365120,"[[-77.617893, 43.104205]]",4738,Industrial
,,,644664,,2026-04-10T19:57:54.103394,LoopNet API,31072254,"[[-77.672354, 43.208394]]",4048,Multi-Family
,,,903364,,2026-04-10T19:57:54.103395,LoopNet API,29679893,"[[-77.625991, 43.083275]]",4693,Retail
,,,1052462,,2026-04-10T19:57:54.103397,LoopNet API,28677556,"[[-77.496353, 43.128384]]",551,Multi-Family
,,,593151,,2026-04-10T19:57:54.103398,LoopNet API,27340026,"[[-77.596171, 43.094725]]",799,Retail
,,,1342963,,2026-04-10T19:57:54.103399,LoopNet API,25423067,"[[-77.660068, 43.189489]]",3222,Multi-Family
,,,1289111,,2026-04-10T19:57:54.103400,LoopNet API,39240335,"[[-77.626972, 43.266573]]",4350,Retail
,,,513667,,2026-04-10T19:57:54.103402,LoopNet API,38506503,"[[-77.722156, 43.147954]]",1334,Office
,,,197183,,2026-04-10T19:57:54.103403,LoopNet API,39688759,"[[-77.491895, 43.134963]]",2983,Multi-Family
,,,812170,,2026-04-10T19:57:54.103404,LoopNet API,39493768,"[[-77.652739, 43.183327]]",1970,Retail
,,,1185839,,2026-04-10T19:57:54.103406,LoopNet API,39179151,"[[-77.637042, 43.21747]]",2047,Industrial
,,,1278617,,2026-04-10T19:57:54.103407,LoopNet API,39135313,"[[-77.59963, 43.147174]]",2112,Multi-Family
,,,1557432,,2026-04-10T19:57:54.103408,LoopNet API,39029056,"[[-77.629854, 43.253288]]",887,Retail
,,,429268,,2026-04-10T19:57:54.103409,LoopNet API,38805754,"[[-77.609516, 43.159373], [-77.60937, 43.159498], [-77.609022, 43.159498]]",2752,Industrial
,,,1419400,,2026-04-10T19:57:54.103411,LoopNet API,38672790,"[[-77.695841, 43.252085]]",3721,Industrial
,,,1575983,,2026-04-10T19:57:54.103412,LoopNet API,38667709,"[[-77.684791, 43.163939]]",1546,Office
,,,379429,,2026-04-10T19:57:54.103413,LoopNet API,38657835,"[[-77.680431, 43.165312]]",1303,Retail
,,,1469029,,2026-04-10T19:57:54.103415,LoopNet API,38642840,"[[-77.63687, 43.178827], [-77.642536, 43.179533], [-77.642392, 43.179532], [-77.62665, 43.14951], [-77.62825, 43.15788], [-77.60167, 43.17348], [-77.64267, 43.17865], [-77.574784, 43.159554], [-77.642874, 43.178356], [-77.64269, 43.17833], [-77.648616, 43.175477]]",1051,Industrial
,,,1435473,,2026-04-10T19:57:54.103416,LoopNet API,38392450,"[[-77.563914, 43.165658]]",3979,Retail
,,,1239527,,2026-04-10T19:57:54.103417,LoopNet API,38349243,"[[-77.630426, 43.152136]]",3010,Industrial
,,,766448,,2026-04-10T19:57:54.103420,LoopNet API,38336132,"[[-77.606721, 43.148846]]",3025,Multi-Family
,,,1691123,,2026-04-10T19:57:54.103421,LoopNet API,37642625,"[[-77.521411, 43.091164]]",1569,Industrial
,,,1306649,,2026-04-10T19:57:54.103423,LoopNet API,37635578,"[[-77.605897, 43.163075]]",1464,Multi-Family
,,,978602,,2026-04-10T19:57:54.103424,LoopNet API,37597791,"[[-77.622107, 43.237705], [-77.650804, 43.149728], [-77.621603, 43.239027]]",1943,Industrial
,,,1869956,,2026-04-10T19:57:54.103425,LoopNet API,36946149,"[[-77.640255, 43.216379]]",3507,Retail
,,,1610939,,2026-04-10T19:57:54.103426,LoopNet API,36759255,"[[-77.555457, 43.176733]]",840,Retail
,,,523645,,2026-04-10T19:57:54.103428,LoopNet API,36720805,"[[-77.507789, 43.181558]]",1124,Industrial
,,,685416,,2026-04-10T19:57:54.103429,LoopNet API,36541756,"[[-77.609937, 43.162058]]",4815,Industrial
,,,1883016,,2026-04-10T19:57:54.103430,LoopNet API,36012352,"[[-77.547591, 43.226692]]",1595,Office
,,,125738,,2026-04-10T19:57:54.103432,LoopNet API,35743582,"[[-77.552951, 43.1471]]",1776,Industrial
,,,1041465,,2026-04-10T19:57:54.103433,LoopNet API,35635912,"[[-77.663813, 43.204382]]",4689,Multi-Family
,,,1377542,,2026-04-10T19:57:54.103434,LoopNet API,33872004,"[[-77.483396, 43.203826]]",3695,Industrial
,,,1817998,,2026-04-10T19:57:54.103435,LoopNet API,33820009,"[[-77.599713, 43.172094]]",1705,Multi-Family
,,,248945,,2026-04-10T19:57:54.103436,LoopNet API,33012857,"[[-77.750032, 43.254493]]",3983,Industrial
,,,264376,,2026-04-10T19:57:54.103438,LoopNet API,32888406,"[[-77.658047, 43.128951]]",529,Office
,,,1231893,,2026-04-10T19:57:54.103439,LoopNet API,32669501,"[[-77.438521, 43.130325]]",1889,Office
,,,1659903,,2026-04-10T19:57:54.103441,LoopNet API,30842456,"[[-77.645307, 43.123657]]",2644,Office
,,,1798113,,2026-04-10T19:57:54.103444,LoopNet API,30058882,"[[-77.650628, 43.131562]]",1422,Retail
,,,426339,,2026-04-10T19:57:54.103445,LoopNet API,28535219,"[[-77.640383, 43.058454]]",853,Multi-Family
,,,1532995,,2026-04-10T19:57:54.103446,LoopNet API,25194189,"[[-77.5988, 43.20861]]",2831,Retail
,,,1040665,,2026-04-10T19:57:54.103449,LoopNet API,37336938,"[[-77.68565, 43.186082]]",1657,Retail
,,,1365225,,2026-04-10T19:57:54.103450,LoopNet API,35191239,"[[-77.462175, 43.110628]]",4511,Industrial
,,,724043,,2026-04-10T19:57:54.103451,LoopNet API,29771223,"[[-77.599426, 43.193142], [-77.599521, 43.192894], [-77.599646, 43.193356]]",2282,Multi-Family
,,,1481624,,2026-04-10T19:57:54.103452,LoopNet API,25271303,"[[-77.652613, 43.187679]]",3267,Multi-Family
,,,1552297,,2026-04-10T19:57:54.103454,LoopNet API,37144799,"[[-77.445522, 43.127799], [-77.446778, 43.126919]]",4768,Office
,,,457937,,2026-04-17T11:27:26.471279,LoopNet API,40167211,"[[-77.562736, 43.200697]]",3950,Retail
,,,789685,,2026-04-17T11:27:26.471289,LoopNet API,40165640,"[[-77.628225, 43.172969]]",4097,Industrial
,,,1929747,,2026-04-17T11:27:26.471291,LoopNet API,40148504,"[[-77.600309, 43.15064], [-77.600497, 43.150705]]",3644,Industrial
,,,1259988,,2026-04-17T11:27:26.471293,LoopNet API,40078420,"[[-77.573042, 43.160413]]",509,Industrial
,,,1364061,,2026-04-17T11:27:26.471295,LoopNet API,40043513,"[[-77.6065, 43.11427]]",4807,Office
,,,1742708,,2026-04-17T11:27:26.471297,LoopNet API,39993415,"[[-77.611223, 43.160168]]",4871,Multi-Family
,,,1839889,,2026-04-17T11:27:26.471298,LoopNet API,39915284,"[[-77.607737, 43.15959]]",1851,Office
,,,1640878,,2026-04-17T11:27:26.471300,LoopNet API,39871963,"[[-77.61928, 43.103326]]",2749,Industrial
,,,1956574,,2026-04-17T11:27:26.471302,LoopNet API,39854150,"[[-77.606577, 43.071999]]",4169,Office
,,,338493,,2026-04-17T11:27:26.471303,LoopNet API,39817288,"[[-77.630988, 43.19586]]",4634,Office
,,,1108762,,2026-04-17T11:27:26.471305,LoopNet API,39712189,"[[-77.678778, 43.108532]]",4034,Office
,,,1645545,,2026-04-17T11:27:26.471306,LoopNet API,39625204,"[[-77.7088, 43.146607]]",3448,Multi-Family
,,,1313628,,2026-04-17T11:27:26.471308,LoopNet API,39616616,"[[-77.696694, 43.183124]]",810,Office
,,,729729,,2026-04-17T11:27:26.471310,LoopNet API,39602403,"[[-77.452169, 43.208601]]",4555,Office
,,,1022002,,2026-04-17T11:27:26.471311,LoopNet API,39577570,"[[-77.732154, 43.217996]]",2439,Industrial
,,,513367,,2026-04-17T11:27:26.471312,LoopNet API,39558241,"[[-77.486755, 43.079174]]",3436,Industrial
,,,586989,,2026-04-17T11:27:26.471314,LoopNet API,39432321,"[[-77.603237, 43.115479]]",1638,Multi-Family
,,,1276194,,2026-04-17T11:27:26.471315,LoopNet API,39402981,"[[-77.569621, 43.201708]]",4219,Retail
,,,1989014,,2026-04-17T11:27:26.471317,LoopNet API,39388644,"[[-77.583062, 43.163556]]",3373,Industrial
,,,159179,,2026-04-17T11:27:26.471318,LoopNet API,39322261,"[[-77.628546, 43.135555], [-77.62244, 43.13992], [-77.62866, 43.13642], [-77.64013, 43.12885]]",2636,Retail
,,,1851507,,2026-04-17T11:27:26.471319,LoopNet API,39317559,"[[-77.652737, 43.184384]]",3662,Office
,,,1802820,,2026-04-17T11:27:26.471321,LoopNet API,39302800,"[[-77.687407, 43.208923]]",2240,Industrial
,,,1475709,,2026-04-17T11:27:26.471322,LoopNet API,39270340,"[[-77.596377, 43.140599], [-77.595678, 43.140665], [-77.596294, 43.140951], [-77.596385, 43.140912], [-77.596329, 43.140442]]",3079,Multi-Family
,,,1937540,,2026-04-17T11:27:26.471324,LoopNet API,39265429,"[[-77.579476, 43.138666]]",908,Retail
,,,1686398,,2026-04-17T11:27:26.471325,LoopNet API,39265207,"[[-77.579987, 43.150797]]",4962,Retail
,,,1967783,,2026-04-17T11:27:26.471327,LoopNet API,39228650,"[[-77.615279, 43.101188]]",2325,Multi-Family
,,,1818611,,2026-04-17T11:27:26.471328,LoopNet API,39172088,"[[-77.674289, 43.111963]]",3875,Industrial
,,,1572818,,2026-04-17T11:27:26.471330,LoopNet API,39113038,"[[-77.641053, 43.146858]]",2248,Industrial
,,,1258842,,2026-04-17T11:27:26.471331,LoopNet API,39108272,"[[-77.63549, 43.154894]]",2666,Retail
,,,177440,,2026-04-17T11:27:26.471332,LoopNet API,39082310,"[[-77.607652, 43.180298]]",713,Industrial
,,,924124,,2026-04-17T11:27:26.471333,LoopNet API,39042100,"[[-77.632072, 43.179548]]",3973,Office
,,,1197708,,2026-04-17T11:27:26.471335,LoopNet API,39031619,"[[-77.559786, 43.169987]]",2643,Multi-Family
,,,1988106,,2026-04-17T11:27:26.471336,LoopNet API,39029056,"[[-77.629854, 43.253288]]",751,Office
,,,914477,,2026-04-17T11:27:26.471337,LoopNet API,38834356,"[[-77.581409, 43.161119]]",1409,Industrial
,,,1332709,,2026-04-17T11:27:26.471339,LoopNet API,38816016,"[[-77.66101, 43.149414]]",1407,Industrial
,,,746376,,2026-04-17T11:27:26.471340,LoopNet API,38794915,"[[-77.651745, 43.145283]]",4532,Office
,,,1320685,,2026-04-17T11:27:26.471341,LoopNet API,38693769,"[[-77.642082, 43.222331]]",4519,Retail
,,,1602287,,2026-04-17T11:27:26.471343,LoopNet API,38636419,"[[-77.626949, 43.16643], [-77.600855, 43.173812]]",1497,Retail
,,,655442,,2026-04-17T11:27:26.471344,LoopNet API,38636410,"[[-77.661895, 43.046676]]",749,Multi-Family
,,,1074000,,2026-04-17T11:27:26.471345,LoopNet API,38610227,"[[-77.564976, 43.14901]]",4950,Office
,,,956636,,2026-04-17T11:27:26.471347,LoopNet API,38553022,"[[-77.599309, 43.157494]]",2782,Industrial
,,,1050245,,2026-04-17T11:27:26.471348,LoopNet API,38530756,"[[-77.59832, 43.159179]]",773,Retail
,,,1075298,,2026-04-17T11:27:26.471349,LoopNet API,38530691,"[[-77.599626, 43.159095]]",2830,Industrial
,,,1182785,,2026-04-17T11:27:26.471350,LoopNet API,38500653,"[[-77.59903, 43.142998]]",3196,Office
,,,1335073,,2026-04-17T11:27:26.471352,LoopNet API,38455770,"[[-77.63365, 43.197508]]",4547,Industrial
,,,409232,,2026-04-17T11:27:26.471353,LoopNet API,38433685,"[[-77.509827, 43.178265]]",4940,Industrial
,,,1731993,,2026-04-17T11:27:26.471354,LoopNet API,38423222,"[[-77.670455, 43.205365]]",4111,Retail
,,,1291837,,2026-04-17T11:27:26.471355,LoopNet API,38391803,"[[-77.69616, 43.221334]]",3884,Multi-Family
,,,656984,,2026-04-17T11:27:26.471357,LoopNet API,38357735,"[[-77.61102, 43.25571]]",2071,Office
,,,1633506,,2026-04-17T11:27:26.471358,LoopNet API,38353121,"[[-77.487226, 43.118583]]",2607,Office
,,,1174666,,2026-04-17T11:27:26.471359,LoopNet API,38337053,"[[-77.736792, 43.182119]]",4118,Multi-Family
,,,720850,,2026-04-17T11:27:26.471360,LoopNet API,38306416,"[[-77.618951, 43.10377], [-77.619241, 43.104197]]",969,Industrial
,,,725369,,2026-04-17T11:27:26.471362,LoopNet API,38263561,"[[-77.66493, 43.131087]]",503,Office
,,,1789839,,2026-04-17T11:27:26.471363,LoopNet API,38226122,"[[-77.641095, 43.201649]]",2004,Industrial
,,,746683,,2026-04-17T11:27:26.471365,LoopNet API,38223668,"[[-77.508242, 43.18241]]",2387,Industrial
,,,1573483,,2026-04-17T11:27:26.471366,LoopNet API,37994174,"[[-77.675616, 43.037633]]",4540,Industrial
,,,753927,,2026-04-17T11:27:26.471367,LoopNet API,37974523,"[[-77.606928, 43.160039]]",4541,Multi-Family
,,,1366235,,2026-04-17T11:27:26.471368,LoopNet API,37938064,"[[-77.609412, 43.159125]]",1173,Multi-Family
,,,133858,,2026-04-17T11:27:26.471370,LoopNet API,37863022,"[[-77.66444, 43.13292]]",1469,Retail
,,,1192855,,2026-04-17T11:27:26.471371,LoopNet API,37840949,"[[-77.607784, 43.14062]]",3884,Multi-Family
,,,258451,,2026-04-17T11:27:26.471372,LoopNet API,37766162,"[[-77.659114, 43.15824]]",3939,Industrial
,,,348179,,2026-04-17T11:27:26.471373,LoopNet API,37685380,"[[-77.640861, 43.080778]]",1947,Industrial
,,,665482,,2026-04-17T11:27:26.471375,LoopNet API,37564679,"[[-77.601539, 43.089175], [-77.602465, 43.089255]]",2686,Industrial
,,,1348913,,2026-04-17T11:27:26.471376,LoopNet API,37405107,"[[-77.654446, 43.055679]]",4346,Office
,,,330799,,2026-04-17T11:27:26.471377,LoopNet API,37029121,"[[-77.704267, 43.185293]]",4798,Retail
,,,1162824,,2026-04-17T11:27:26.471379,LoopNet API,36911005,"[[-77.665334, 43.133994]]",4018,Industrial
,,,175501,,2026-04-17T11:27:26.471380,LoopNet API,36845807,"[[-77.521768, 43.091687]]",582,Retail
,,,1023954,,2026-04-17T11:27:26.471381,LoopNet API,36712607,"[[-77.625163, 43.164318]]",1654,Multi-Family
,,,1235895,,2026-04-17T11:27:26.471383,LoopNet API,36694513,"[[-77.618797, 43.102607]]",3745,Retail
,,,1389368,,2026-04-17T11:27:26.471384,LoopNet API,36693922,"[[-77.618859, 43.102351]]",2840,Office
,,,1085342,,2026-04-17T11:27:26.471385,LoopNet API,36611613,"[[-77.628904, 43.174154]]",841,Industrial
,,,564391,,2026-04-17T11:27:26.471386,LoopNet API,36398849,"[[-77.581112, 43.0941]]",4289,Multi-Family
,,,503117,,2026-04-17T11:27:26.471388,LoopNet API,35789458,"[[-77.710627, 43.146659]]",846,Retail
,,,864857,,2026-04-17T11:27:26.471389,LoopNet API,35561380,"[[-77.603447, 43.147115]]",4429,Office
,,,796926,,2026-04-17T11:27:26.471390,LoopNet API,35029105,"[[-77.593411, 43.12617]]",556,Retail
,,,353804,,2026-04-17T11:27:26.471392,LoopNet API,34615706,"[[-77.631762, 43.087828]]",3382,Office
,,,655009,,2026-04-17T11:27:26.471393,LoopNet API,34483921,"[[-77.628616, 43.135441]]",3857,Multi-Family
,,,478076,,2026-04-17T11:27:26.471395,LoopNet API,33831590,"[[-77.761502, 43.097409]]",4754,Retail
,,,776757,,2026-04-17T11:27:26.471397,LoopNet API,33830092,"[[-77.734078, 43.095041]]",4653,Multi-Family
,,,1986452,,2026-04-17T11:27:26.471398,LoopNet API,33162249,"[[-77.611413, 43.155727]]",4167,Industrial
,,,1102229,,2026-04-17T11:27:26.471400,LoopNet API,33041169,"[[-77.593028, 43.146437]]",3878,Retail
,,,1611860,,2026-04-17T11:27:26.471401,LoopNet API,32968464,"[[-77.589541, 43.144419]]",4632,Office
,,,473336,,2026-04-17T11:27:26.471403,LoopNet API,32876301,"[[-77.693209, 43.210131]]",2441,Retail
,,,1139848,,2026-04-17T11:27:26.471404,LoopNet API,32654787,"[[-77.650142, 43.135638]]",675,Office
,,,570052,,2026-04-17T11:27:26.471406,LoopNet API,32554456,"[[-77.615191, 43.159897]]",3343,Retail
,,,893926,,2026-04-17T11:27:26.471408,LoopNet API,32378445,"[[-77.665955, 43.259908]]",4944,Office
,,,797759,,2026-04-17T11:27:26.471409,LoopNet API,32108855,"[[-77.561308, 43.204157]]",3980,Office
,,,1858611,,2026-04-17T11:27:26.471411,LoopNet API,31478200,"[[-77.673524, 43.109445]]",4865,Retail
,,,1236536,,2026-04-17T11:27:26.471412,LoopNet API,31300848,"[[-77.455286, 43.209852]]",4616,Retail
,,,879535,,2026-04-17T11:27:26.471414,LoopNet API,30644543,"[[-77.623535, 43.147484]]",3650,Retail
,,,1360534,,2026-04-17T11:27:26.471416,LoopNet API,29800269,"[[-77.5831, 43.092362]]",1920,Retail
,,,823225,,2026-04-17T11:27:26.471417,LoopNet API,29057874,"[[-77.636271, 43.0941]]",1559,Retail
,,,351907,,2026-04-17T11:27:26.471419,LoopNet API,28764317,"[[-74.193444, 40.921858], [-77.656597, 43.11786]]",1279,Industrial
,,,566045,,2026-04-17T11:27:26.471421,LoopNet API,28639149,"[[-77.620477, 43.086632]]",3275,Industrial
,,,245530,,2026-04-17T11:27:26.471422,LoopNet API,28431245,"[[-77.587104, 43.18259]]",3364,Multi-Family
,,,579280,,2026-04-17T11:27:26.471424,LoopNet API,27373913,"[[-77.616208, 43.068077]]",1895,Office
,,,147164,,2026-04-17T11:27:26.471425,LoopNet API,25607807,"[[-77.561877, 43.175906]]",3050,Office
,,,198016,,2026-04-17T11:27:26.471427,LoopNet API,25060286,"[[-77.731417, 43.213995]]",4151,Multi-Family
,,,1362780,,2026-04-17T11:27:26.471428,LoopNet API,24504892,"[[-77.602434, 43.161704]]",4671,Retail
,,,1864711,,2026-04-17T11:27:26.471430,LoopNet API,22039846,"[[-77.711586, 43.210741]]",3809,Retail
,,,1212081,,2026-04-17T11:27:26.471431,LoopNet API,18800479,"[[-77.697693, 43.105656]]",3926,Office
,,,366454,,2026-04-17T11:27:26.471433,LoopNet API,16334777,"[[-77.735362, 43.214659]]",3894,Industrial
,,,739428,,2026-04-17T11:27:26.471434,LoopNet API,9282621,"[[-77.66594, 43.014168]]",2772,Industrial
,,,1279532,,2026-04-17T11:27:26.471436,LoopNet API,40060772,"[[-77.58537, 43.190654]]",938,Office
,,,1419371,,2026-04-17T11:27:26.471437,LoopNet API,40060393,"[[-77.605212, 43.196182]]",1410,Industrial
,,,350584,,2026-04-17T11:27:26.471438,LoopNet API,40044603,"[[-77.594262, 43.154185]]",2366,Office
,,,1386834,,2026-04-17T11:27:26.471440,LoopNet API,39690768,"[[-77.636795, 43.199908]]",937,Multi-Family
,,,396352,,2026-04-17T11:27:26.471441,LoopNet API,39135136,"[[-77.450523, 43.107187]]",2429,Office
,,,1024016,,2026-04-17T11:27:26.471442,LoopNet API,38658005,"[[-77.649384, 43.161883]]",3479,Office
,,,735650,,2026-04-17T11:27:26.471444,LoopNet API,37835183,"[[-77.689202, 43.184202]]",1541,Retail
,,,540205,,2026-04-17T11:27:26.471445,LoopNet API,37802144,"[[-77.729757, 43.216637]]",1867,Office
,,,725891,,2026-04-17T11:27:26.471446,LoopNet API,37672628,"[[-77.58338, 43.161273]]",4723,Retail
,,,1427079,,2026-04-17T11:27:26.471448,LoopNet API,36753479,"[[-77.609031, 43.188089]]",2595,Office
,,,957319,,2026-04-17T11:27:26.471449,LoopNet API,34615563,"[[-77.606169, 43.123466]]",1820,Industrial
,,,1840709,,2026-04-17T11:27:26.471451,LoopNet API,33967070,"[[-77.600692, 43.090541]]",2416,Industrial
,,,715439,,2026-04-17T11:27:26.471452,LoopNet API,33594054,"[[-77.59515, 43.197256]]",1147,Industrial
,,,1542276,,2026-04-17T11:27:26.471453,LoopNet API,33563624,"[[-77.670594, 43.205411]]",2088,Office
,,,1626223,,2026-04-17T11:27:26.471455,LoopNet API,31365120,"[[-77.617893, 43.104205]]",1175,Office
,,,1800256,,2026-04-17T11:27:26.471456,LoopNet API,31072254,"[[-77.672354, 43.208394]]",3400,Industrial
,,,230068,,2026-04-17T11:27:26.471457,LoopNet API,29679893,"[[-77.625991, 43.083275]]",3237,Retail
,,,1503806,,2026-04-17T11:27:26.471459,LoopNet API,27340026,"[[-77.596171, 43.094725]]",1750,Retail
,,,307081,,2026-04-17T11:27:26.471460,LoopNet API,25423067,"[[-77.660068, 43.189489]]",675,Industrial
,,,131123,,2026-04-17T11:27:26.471461,LoopNet API,39240335,"[[-77.626972, 43.266573]]",2079,Multi-Family
,,,302545,,2026-04-17T11:27:26.471463,LoopNet API,38506503,"[[-77.722156, 43.147954]]",2325,Office
,,,770163,,2026-04-17T11:27:26.471464,LoopNet API,39688759,"[[-77.491895, 43.134963]]",4772,Multi-Family
,,,1794294,,2026-04-17T11:27:26.471465,LoopNet API,40164406,"[[-77.556701, 43.119693]]",1263,Multi-Family
,,,279542,,2026-04-17T11:27:26.471466,LoopNet API,40147316,"[[-77.641461, 43.262428]]",4997,Multi-Family
,,,1694301,,2026-04-17T11:27:26.471468,LoopNet API,40146424,"[[-77.673838, 43.164391]]",1840,Office
,,,874390,,2026-04-17T11:27:26.471469,LoopNet API,40044964,"[[-77.601405, 43.208899]]",2198,Industrial
,,,1075358,,2026-04-17T11:27:26.471471,LoopNet API,39935759,"[[-77.59466, 43.158984]]",3286,Office
,,,857224,,2026-04-17T11:27:26.471472,LoopNet API,39922564,"[[-77.629057, 43.164435]]",2877,Office
,,,1031102,,2026-04-17T11:27:26.471473,LoopNet API,39893735,"[[-77.660457, 43.193003]]",2252,Industrial
,,,498700,,2026-04-17T11:27:26.471474,LoopNet API,39494236,"[[-77.666297, 43.150598]]",1662,Industrial
,,,1306659,,2026-04-17T11:27:26.471476,LoopNet API,39493768,"[[-77.652739, 43.183327]]",534,Office
,,,1167697,,2026-04-17T11:27:26.471477,LoopNet API,39179151,"[[-77.637042, 43.21747]]",3273,Industrial
,,,361548,,2026-04-17T11:27:26.471478,LoopNet API,39135313,"[[-77.59963, 43.147174]]",3616,Office
,,,374487,,2026-04-17T11:27:26.471479,LoopNet API,38805754,"[[-77.609516, 43.159373], [-77.60937, 43.159498], [-77.609022, 43.159498]]",1801,Industrial
,,,1723244,,2026-04-17T11:27:26.471481,LoopNet API,38672790,"[[-77.695841, 43.252085]]",1575,Industrial
,,,329177,,2026-04-17T11:27:26.471482,LoopNet API,38658813,"[[-77.62946, 43.144108]]",4916,Retail
,,,987096,,2026-04-17T11:27:26.471483,LoopNet API,38657835,"[[-77.680431, 43.165312]]",4206,Multi-Family
,,,381585,,2026-04-17T11:27:26.471484,LoopNet API,38642840,"[[-77.63687, 43.178827], [-77.642536, 43.179533], [-77.642392, 43.179532], [-77.62665, 43.14951], [-77.62825, 43.15788], [-77.60167, 43.17348], [-77.64267, 43.17865], [-77.574784, 43.159554], [-77.642874, 43.178356], [-77.64269, 43.17833], [-77.648616, 43.175477]]",814,Retail
,,,1770773,,2026-04-17T11:27:26.471486,LoopNet API,38349243,"[[-77.630426, 43.152136]]",3553,Industrial
,,,938229,,2026-04-17T11:27:26.471487,LoopNet API,37635578,"[[-77.605897, 43.163075]]",1996,Multi-Family
,,,1111508,,2026-04-17T11:27:26.471488,LoopNet API,37597791,"[[-77.622107, 43.237705], [-77.650804, 43.149728], [-77.621603, 43.239027]]",2690,Retail
,,,415428,,2026-04-17T11:27:26.471489,LoopNet API,36720805,"[[-77.507789, 43.181558]]",1525,Multi-Family
,,,1609728,,2026-04-17T11:27:26.471491,LoopNet API,36541756,"[[-77.609937, 43.162058]]",1406,Multi-Family
,,,1942178,,2026-04-17T11:27:26.471492,LoopNet API,35743582,"[[-77.552951, 43.1471]]",2503,Industrial
,,,1389038,,2026-04-17T11:27:26.471493,LoopNet API,35635912,"[[-77.663813, 43.204382]]",1497,Office
,,,1682635,,2026-04-17T11:27:26.471494,LoopNet API,33820009,"[[-77.599713, 43.172094]]",3376,Office
,,,721228,,2026-04-17T11:27:26.471496,LoopNet API,33012857,"[[-77.750032, 43.254493]]",2493,Industrial
,,,1627647,,2026-04-17T11:27:26.471497,LoopNet API,32888406,"[[-77.658047, 43.128951]]",762,Industrial
,,,1623302,,2026-04-17T11:27:26.471499,LoopNet API,31278281,"[[-77.614263, 43.17995]]",4233,Retail
,,,449440,,2026-04-17T11:27:26.471500,LoopNet API,28535219,"[[-77.640383, 43.058454]]",4140,Office
,,,1557344,,2026-04-17T11:27:26.471501,LoopNet API,25194189,"[[-77.5988, 43.20861]]",1317,Multi-Family
,,,1606062,,2026-04-17T11:27:26.471502,LoopNet API,37336938,"[[-77.68565, 43.186082]]",4754,Office
,,,1794954,,2026-04-17T11:27:26.471504,LoopNet API,29771223,"[[-77.599426, 43.193142], [-77.599521, 43.192894], [-77.599646, 43.193356]]",4528,Industrial
,,,415552,,2026-04-17T11:27:26.471505,LoopNet API,25271303,"[[-77.652613, 43.187679]]",3888,Multi-Family
,,,668042,,2026-04-17T11:27:26.471506,LoopNet API,15015949,"[[-77.43438, 43.15122]]",4117,Multi-Family
,,,1045329,,2026-04-17T11:27:26.471507,LoopNet API,37144799,"[[-77.445522, 43.127799], [-77.446778, 43.126919]]",3891,Multi-Family
,,,190863,,2026-04-17T11:29:19.551210,LoopNet API,40167211,"[[-77.562736, 43.200697]]",961,Office
,,,478165,,2026-04-17T11:29:19.551221,LoopNet API,40165640,"[[-77.628225, 43.172969]]",1015,Industrial
,,,817968,,2026-04-17T11:29:19.551223,LoopNet API,40148504,"[[-77.600309, 43.15064], [-77.600497, 43.150705]]",2463,Office
,,,1185802,,2026-04-17T11:29:19.551225,LoopNet API,40078420,"[[-77.573042, 43.160413]]",3506,Office
,,,981098,,2026-04-17T11:29:19.551227,LoopNet API,40043513,"[[-77.6065, 43.11427]]",2285,Retail
,,,1510733,,2026-04-17T11:29:19.551228,LoopNet API,39993415,"[[-77.611223, 43.160168]]",2141,Retail
,,,1206044,,2026-04-17T11:29:19.551230,LoopNet API,39915284,"[[-77.607737, 43.15959]]",1458,Multi-Family
,,,1633941,,2026-04-17T11:29:19.551232,LoopNet API,39871963,"[[-77.61928, 43.103326]]",3432,Industrial
,,,1475163,,2026-04-17T11:29:19.551233,LoopNet API,39854150,"[[-77.606577, 43.071999]]",1740,Multi-Family
,,,302837,,2026-04-17T11:29:19.551235,LoopNet API,39817288,"[[-77.630988, 43.19586]]",3884,Industrial
,,,1950001,,2026-04-17T11:29:19.551237,LoopNet API,39712189,"[[-77.678778, 43.108532]]",527,Multi-Family
,,,881918,,2026-04-17T11:29:19.551239,LoopNet API,39625204,"[[-77.7088, 43.146607]]",1436,Office
,,,662895,,2026-04-17T11:29:19.551241,LoopNet API,39616616,"[[-77.696694, 43.183124]]",2415,Industrial
,,,1252187,,2026-04-17T11:29:19.551243,LoopNet API,39602403,"[[-77.452169, 43.208601]]",4416,Industrial
,,,1010265,,2026-04-17T11:29:19.551244,LoopNet API,39577570,"[[-77.732154, 43.217996]]",1990,Retail
,,,190790,,2026-04-17T11:29:19.551246,LoopNet API,39558241,"[[-77.486755, 43.079174]]",4913,Industrial
,,,373169,,2026-04-17T11:29:19.551248,LoopNet API,39432321,"[[-77.603237, 43.115479]]",4065,Industrial
,,,213662,,2026-04-17T11:29:19.551249,LoopNet API,39402981,"[[-77.569621, 43.201708]]",4688,Retail
,,,937800,,2026-04-17T11:29:19.551251,LoopNet API,39388644,"[[-77.583062, 43.163556]]",3262,Industrial
,,,1877999,,2026-04-17T11:29:19.551252,LoopNet API,39322261,"[[-77.628546, 43.135555], [-77.62244, 43.13992], [-77.62866, 43.13642], [-77.64013, 43.12885]]",1922,Retail
,,,1926747,,2026-04-17T11:29:19.551253,LoopNet API,39317559,"[[-77.652737, 43.184384]]",3625,Multi-Family
,,,431842,,2026-04-17T11:29:19.551255,LoopNet API,39302800,"[[-77.687407, 43.208923]]",3439,Retail
,,,1017251,,2026-04-17T11:29:19.551256,LoopNet API,39270340,"[[-77.596377, 43.140599], [-77.595678, 43.140665], [-77.596294, 43.140951], [-77.596385, 43.140912], [-77.596329, 43.140442]]",3809,Office
,,,1309655,,2026-04-17T11:29:19.551258,LoopNet API,39265429,"[[-77.579476, 43.138666]]",4510,Office
,,,1206983,,2026-04-17T11:29:19.551259,LoopNet API,39265207,"[[-77.579987, 43.150797]]",1559,Industrial
,,,1413439,,2026-04-17T11:29:19.551261,LoopNet API,39228650,"[[-77.615279, 43.101188]]",4778,Industrial
,,,580122,,2026-04-17T11:29:19.551262,LoopNet API,39172088,"[[-77.674289, 43.111963]]",2384,Office
,,,741737,,2026-04-17T11:29:19.551263,LoopNet API,39113038,"[[-77.641053, 43.146858]]",3783,Industrial
,,,1452484,,2026-04-17T11:29:19.551265,LoopNet API,39108272,"[[-77.63549, 43.154894]]",2965,Office
,,,706791,,2026-04-17T11:29:19.551266,LoopNet API,39082310,"[[-77.607652, 43.180298]]",4541,Industrial
,,,1733500,,2026-04-17T11:29:19.551267,LoopNet API,39042100,"[[-77.632072, 43.179548]]",4254,Retail
,,,204806,,2026-04-17T11:29:19.551268,LoopNet API,39031619,"[[-77.559786, 43.169987]]",1274,Office
,,,159165,,2026-04-17T11:29:19.551270,LoopNet API,39029056,"[[-77.629854, 43.253288]]",2742,Retail
,,,156216,,2026-04-17T11:29:19.551271,LoopNet API,38834356,"[[-77.581409, 43.161119]]",4549,Office
,,,772811,,2026-04-17T11:29:19.551273,LoopNet API,38816016,"[[-77.66101, 43.149414]]",4589,Multi-Family
,,,949003,,2026-04-17T11:29:19.551274,LoopNet API,38794915,"[[-77.651745, 43.145283]]",4339,Multi-Family
,,,1941819,,2026-04-17T11:29:19.551275,LoopNet API,38693769,"[[-77.642082, 43.222331]]",1702,Multi-Family
,,,1125938,,2026-04-17T11:29:19.551277,LoopNet API,38636419,"[[-77.626949, 43.16643], [-77.600855, 43.173812]]",4460,Office
,,,1347797,,2026-04-17T11:29:19.551278,LoopNet API,38636410,"[[-77.661895, 43.046676]]",1306,Office
,,,1580887,,2026-04-17T11:29:19.551279,LoopNet API,38610227,"[[-77.564976, 43.14901]]",4060,Industrial
,,,1775444,,2026-04-17T11:29:19.551281,LoopNet API,38553022,"[[-77.599309, 43.157494]]",810,Office
,,,381829,,2026-04-17T11:29:19.551282,LoopNet API,38530756,"[[-77.59832, 43.159179]]",3146,Industrial
,,,321114,,2026-04-17T11:29:19.551283,LoopNet API,38530691,"[[-77.599626, 43.159095]]",4423,Industrial
,,,1572073,,2026-04-17T11:29:19.551284,LoopNet API,38500653,"[[-77.59903, 43.142998]]",4736,Retail
,,,795495,,2026-04-17T11:29:19.551286,LoopNet API,38455770,"[[-77.63365, 43.197508]]",4410,Industrial
,,,311241,,2026-04-17T11:29:19.551287,LoopNet API,38433685,"[[-77.509827, 43.178265]]",2926,Office
,,,1964446,,2026-04-17T11:29:19.551288,LoopNet API,38423222,"[[-77.670455, 43.205365]]",4396,Retail
,,,286249,,2026-04-17T11:29:19.551289,LoopNet API,38391803,"[[-77.69616, 43.221334]]",1272,Industrial
,,,1352497,,2026-04-17T11:29:19.551291,LoopNet API,38357735,"[[-77.61102, 43.25571]]",1570,Industrial
,,,427503,,2026-04-17T11:29:19.551292,LoopNet API,38353121,"[[-77.487226, 43.118583]]",2279,Office
,,,381134,,2026-04-17T11:29:19.551293,LoopNet API,38337053,"[[-77.736792, 43.182119]]",4094,Multi-Family
,,,214111,,2026-04-17T11:29:19.551294,LoopNet API,38306416,"[[-77.618951, 43.10377], [-77.619241, 43.104197]]",2805,Office
,,,1820221,,2026-04-17T11:29:19.551296,LoopNet API,38263561,"[[-77.66493, 43.131087]]",4900,Multi-Family
,,,379470,,2026-04-17T11:29:19.551297,LoopNet API,38226122,"[[-77.641095, 43.201649]]",2120,Multi-Family
,,,889689,,2026-04-17T11:29:19.551298,LoopNet API,38223668,"[[-77.508242, 43.18241]]",1179,Retail
,,,1956234,,2026-04-17T11:29:19.551300,LoopNet API,37994174,"[[-77.675616, 43.037633]]",934,Industrial
,,,849568,,2026-04-17T11:29:19.551301,LoopNet API,37974523,"[[-77.606928, 43.160039]]",3655,Multi-Family
,,,738778,,2026-04-17T11:29:19.551302,LoopNet API,37938064,"[[-77.609412, 43.159125]]",2951,Office
,,,594842,,2026-04-17T11:29:19.551304,LoopNet API,37863022,"[[-77.66444, 43.13292]]",2495,Industrial
,,,1249451,,2026-04-17T11:29:19.551305,LoopNet API,37840949,"[[-77.607784, 43.14062]]",1520,Industrial
,,,1928385,,2026-04-17T11:29:19.551306,LoopNet API,37766162,"[[-77.659114, 43.15824]]",3181,Industrial
,,,421976,,2026-04-17T11:29:19.551307,LoopNet API,37685380,"[[-77.640861, 43.080778]]",2260,Multi-Family
,,,1729900,,2026-04-17T11:29:19.551309,LoopNet API,37564679,"[[-77.601539, 43.089175], [-77.602465, 43.089255]]",4774,Multi-Family
,,,1306390,,2026-04-17T11:29:19.551310,LoopNet API,37405107,"[[-77.654446, 43.055679]]",4645,Retail
,,,1704833,,2026-04-17T11:29:19.551311,LoopNet API,37029121,"[[-77.704267, 43.185293]]",2683,Retail
,,,485708,,2026-04-17T11:29:19.551313,LoopNet API,36911005,"[[-77.665334, 43.133994]]",4357,Office
,,,1765883,,2026-04-17T11:29:19.551314,LoopNet API,36845807,"[[-77.521768, 43.091687]]",1094,Industrial
,,,535916,,2026-04-17T11:29:19.551315,LoopNet API,36712607,"[[-77.625163, 43.164318]]",708,Industrial
,,,928913,,2026-04-17T11:29:19.551316,LoopNet API,36694513,"[[-77.618797, 43.102607]]",2274,Retail
,,,1824886,,2026-04-17T11:29:19.551318,LoopNet API,36693922,"[[-77.618859, 43.102351]]",827,Industrial
,,,149888,,2026-04-17T11:29:19.551319,LoopNet API,36611613,"[[-77.628904, 43.174154]]",2564,Multi-Family
,,,1492248,,2026-04-17T11:29:19.551320,LoopNet API,36398849,"[[-77.581112, 43.0941]]",4314,Industrial
,,,813120,,2026-04-17T11:29:19.551322,LoopNet API,35789458,"[[-77.710627, 43.146659]]",2472,Office
,,,1411868,,2026-04-17T11:29:19.551323,LoopNet API,35561380,"[[-77.603447, 43.147115]]",923,Industrial
,,,117050,,2026-04-17T11:29:19.551324,LoopNet API,35029105,"[[-77.593411, 43.12617]]",865,Retail
,,,1520900,,2026-04-17T11:29:19.551326,LoopNet API,34615706,"[[-77.631762, 43.087828]]",1996,Office
,,,1711500,,2026-04-17T11:29:19.551327,LoopNet API,34483921,"[[-77.628616, 43.135441]]",2862,Office
,,,1585330,,2026-04-17T11:29:19.551329,LoopNet API,33831590,"[[-77.761502, 43.097409]]",2931,Office
,,,1883196,,2026-04-17T11:29:19.551330,LoopNet API,33830092,"[[-77.734078, 43.095041]]",4493,Multi-Family
,,,228208,,2026-04-17T11:29:19.551332,LoopNet API,33162249,"[[-77.611413, 43.155727]]",1201,Retail
,,,416873,,2026-04-17T11:29:19.551333,LoopNet API,33041169,"[[-77.593028, 43.146437]]",2158,Multi-Family
,,,462205,,2026-04-17T11:29:19.551334,LoopNet API,32968464,"[[-77.589541, 43.144419]]",2681,Industrial
,,,1298005,,2026-04-17T11:29:19.551340,LoopNet API,32876301,"[[-77.693209, 43.210131]]",1777,Retail
,,,1604308,,2026-04-17T11:29:19.551341,LoopNet API,32654787,"[[-77.650142, 43.135638]]",515,Multi-Family
,,,1094907,,2026-04-17T11:29:19.551343,LoopNet API,32554456,"[[-77.615191, 43.159897]]",2661,Multi-Family
,,,1682958,,2026-04-17T11:29:19.551344,LoopNet API,32378445,"[[-77.665955, 43.259908]]",3351,Industrial
,,,345663,,2026-04-17T11:29:19.551346,LoopNet API,32108855,"[[-77.561308, 43.204157]]",2288,Retail
,,,1857361,,2026-04-17T11:29:19.551347,LoopNet API,31478200,"[[-77.673524, 43.109445]]",2493,Retail
,,,489577,,2026-04-17T11:29:19.551348,LoopNet API,31300848,"[[-77.455286, 43.209852]]",2070,Industrial
,,,1983354,,2026-04-17T11:29:19.551350,LoopNet API,30644543,"[[-77.623535, 43.147484]]",1157,Multi-Family
,,,1479493,,2026-04-17T11:29:19.551351,LoopNet API,29800269,"[[-77.5831, 43.092362]]",4793,Retail
,,,682822,,2026-04-17T11:29:19.551353,LoopNet API,29057874,"[[-77.636271, 43.0941]]",2872,Retail
,,,204107,,2026-04-17T11:29:19.551354,LoopNet API,28764317,"[[-74.193444, 40.921858], [-77.656597, 43.11786]]",3721,Industrial
,,,1219760,,2026-04-17T11:29:19.551355,LoopNet API,28639149,"[[-77.620477, 43.086632]]",4490,Retail
,,,1870896,,2026-04-17T11:29:19.551357,LoopNet API,28431245,"[[-77.587104, 43.18259]]",2589,Multi-Family
,,,1725473,,2026-04-17T11:29:19.551358,LoopNet API,27373913,"[[-77.616208, 43.068077]]",1740,Retail
,,,1222785,,2026-04-17T11:29:19.551360,LoopNet API,25607807,"[[-77.561877, 43.175906]]",3084,Retail
,,,1736393,,2026-04-17T11:29:19.551361,LoopNet API,25060286,"[[-77.731417, 43.213995]]",646,Multi-Family
,,,1331097,,2026-04-17T11:29:19.551362,LoopNet API,24504892,"[[-77.602434, 43.161704]]",1777,Retail
,,,673544,,2026-04-17T11:29:19.551364,LoopNet API,22039846,"[[-77.711586, 43.210741]]",4267,Office
,,,197519,,2026-04-17T11:29:19.551365,LoopNet API,18800479,"[[-77.697693, 43.105656]]",1130,Retail
,,,1401782,,2026-04-17T11:29:19.551366,LoopNet API,16334777,"[[-77.735362, 43.214659]]",787,Office
,,,290143,,2026-04-17T11:29:19.551368,LoopNet API,9282621,"[[-77.66594, 43.014168]]",3636,Office
,,,447072,,2026-04-17T11:29:19.551369,LoopNet API,40060772,"[[-77.58537, 43.190654]]",507,Industrial
,,,1470309,,2026-04-17T11:29:19.551371,LoopNet API,40060393,"[[-77.605212, 43.196182]]",4343,Multi-Family
,,,1552346,,2026-04-17T11:29:19.551372,LoopNet API,40044603,"[[-77.594262, 43.154185]]",2975,Retail
,,,1458538,,2026-04-17T11:29:19.551374,LoopNet API,39690768,"[[-77.636795, 43.199908]]",2299,Industrial
,,,164182,,2026-04-17T11:29:19.551375,LoopNet API,39135136,"[[-77.450523, 43.107187]]",2596,Office
,,,1461535,,2026-04-17T11:29:19.551376,LoopNet API,38658005,"[[-77.649384, 43.161883]]",3474,Office
,,,1354560,,2026-04-17T11:29:19.551378,LoopNet API,37835183,"[[-77.689202, 43.184202]]",1303,Multi-Family
,,,455636,,2026-04-17T11:29:19.551379,LoopNet API,37802144,"[[-77.729757, 43.216637]]",1497,Industrial
,,,941133,,2026-04-17T11:29:19.551381,LoopNet API,37672628,"[[-77.58338, 43.161273]]",1792,Office
,,,257409,,2026-04-17T11:29:19.551382,LoopNet API,36753479,"[[-77.609031, 43.188089]]",2329,Industrial
,,,921210,,2026-04-17T11:29:19.551383,LoopNet API,34615563,"[[-77.606169, 43.123466]]",2849,Office
,,,1483389,,2026-04-17T11:29:19.551385,LoopNet API,33967070,"[[-77.600692, 43.090541]]",3049,Industrial
,,,699109,,2026-04-17T11:29:19.551386,LoopNet API,33594054,"[[-77.59515, 43.197256]]",3383,Office
,,,874206,,2026-04-17T11:29:19.551388,LoopNet API,33563624,"[[-77.670594, 43.205411]]",2572,Retail
,,,1788797,,2026-04-17T11:29:19.551389,LoopNet API,31365120,"[[-77.617893, 43.104205]]",3085,Industrial
,,,1503526,,2026-04-17T11:29:19.551390,LoopNet API,31072254,"[[-77.672354, 43.208394]]",947,Industrial
,,,1894054,,2026-04-17T11:29:19.551392,LoopNet API,29679893,"[[-77.625991, 43.083275]]",1876,Retail
,,,1388154,,2026-04-17T11:29:19.551393,LoopNet API,27340026,"[[-77.596171, 43.094725]]",2125,Office
,,,274153,,2026-04-17T11:29:19.551394,LoopNet API,25423067,"[[-77.660068, 43.189489]]",603,Office
,,,1606476,,2026-04-17T11:29:19.551396,LoopNet API,39240335,"[[-77.626972, 43.266573]]",1813,Multi-Family
,,,1206837,,2026-04-17T11:29:19.551397,LoopNet API,38506503,"[[-77.722156, 43.147954]]",4065,Retail
,,,994653,,2026-04-17T11:29:19.551398,LoopNet API,39688759,"[[-77.491895, 43.134963]]",3502,Office
,,,1226081,,2026-04-17T11:29:19.551399,LoopNet API,40164406,"[[-77.556701, 43.119693]]",2175,Multi-Family
,,,1220736,,2026-04-17T11:29:19.551401,LoopNet API,40147316,"[[-77.641461, 43.262428]]",2509,Office
,,,531053,,2026-04-17T11:29:19.551402,LoopNet API,40146424,"[[-77.673838, 43.164391]]",3030,Multi-Family
,,,1930214,,2026-04-17T11:29:19.551403,LoopNet API,40044964,"[[-77.601405, 43.208899]]",4521,Retail
,,,809775,,2026-04-17T11:29:19.551406,LoopNet API,39935759,"[[-77.59466, 43.158984]]",4008,Multi-Family
,,,869129,,2026-04-17T11:29:19.551408,LoopNet API,39922564,"[[-77.629057, 43.164435]]",4449,Industrial
,,,1426859,,2026-04-17T11:29:19.551409,LoopNet API,39893735,"[[-77.660457, 43.193003]]",586,Industrial
,,,219301,,2026-04-17T11:29:19.551410,LoopNet API,39494236,"[[-77.666297, 43.150598]]",1257,Office
,,,1208304,,2026-04-17T11:29:19.551413,LoopNet API,39493768,"[[-77.652739, 43.183327]]",2453,Industrial
,,,1896615,,2026-04-17T11:29:19.551415,LoopNet API,39179151,"[[-77.637042, 43.21747]]",1687,Multi-Family
,,,1505559,,2026-04-17T11:29:19.551416,LoopNet API,39135313,"[[-77.59963, 43.147174]]",3915,Multi-Family
,,,455141,,2026-04-17T11:29:19.551417,LoopNet API,38805754,"[[-77.609516, 43.159373], [-77.60937, 43.159498], [-77.609022, 43.159498]]",4376,Industrial
,,,190178,,2026-04-17T11:29:19.551419,LoopNet API,38672790,"[[-77.695841, 43.252085]]",1810,Retail
,,,1089184,,2026-04-17T11:29:19.551420,LoopNet API,38658813,"[[-77.62946, 43.144108]]",2347,Industrial
,,,125723,,2026-04-17T11:29:19.551421,LoopNet API,38657835,"[[-77.680431, 43.165312]]",528,Industrial
,,,214731,,2026-04-17T11:29:19.551422,LoopNet API,38642840,"[[-77.63687, 43.178827], [-77.642536, 43.179533], [-77.642392, 43.179532], [-77.62665, 43.14951], [-77.62825, 43.15788], [-77.60167, 43.17348], [-77.64267, 43.17865], [-77.574784, 43.159554], [-77.642874, 43.178356], [-77.64269, 43.17833], [-77.648616, 43.175477]]",1013,Office
,,,1826687,,2026-04-17T11:29:19.551424,LoopNet API,38349243,"[[-77.630426, 43.152136]]",4240,Office
,,,140774,,2026-04-17T11:29:19.551425,LoopNet API,37635578,"[[-77.605897, 43.163075]]",2161,Retail
,,,1840412,,2026-04-17T11:29:19.551426,LoopNet API,37597791,"[[-77.622107, 43.237705], [-77.650804, 43.149728], [-77.621603, 43.239027]]",1431,Industrial
,,,913931,,2026-04-17T11:29:19.551428,LoopNet API,36720805,"[[-77.507789, 43.181558]]",4696,Industrial
,,,270498,,2026-04-17T11:29:19.551429,LoopNet API,36541756,"[[-77.609937, 43.162058]]",3408,Retail
,,,1904361,,2026-04-17T11:29:19.551430,LoopNet API,35743582,"[[-77.552951, 43.1471]]",3390,Industrial
,,,480049,,2026-04-17T11:29:19.551431,LoopNet API,35635912,"[[-77.663813, 43.204382]]",3065,Retail
,,,1590279,,2026-04-17T11:29:19.551433,LoopNet API,33820009,"[[-77.599713, 43.172094]]",1408,Multi-Family
,,,455526,,2026-04-17T11:29:19.551435,LoopNet API,33012857,"[[-77.750032, 43.254493]]",3803,Retail
,,,793039,,2026-04-17T11:29:19.551436,LoopNet API,32888406,"[[-77.658047, 43.128951]]",1374,Office
,,,1263897,,2026-04-17T11:29:19.551437,LoopNet API,31278281,"[[-77.614263, 43.17995]]",4362,Office
,,,1786370,,2026-04-17T11:29:19.551439,LoopNet API,28535219,"[[-77.640383, 43.058454]]",4469,Multi-Family
,,,1276765,,2026-04-17T11:29:19.551440,LoopNet API,25194189,"[[-77.5988, 43.20861]]",3322,Industrial
,,,1343306,,2026-04-17T11:29:19.551441,LoopNet API,37336938,"[[-77.68565, 43.186082]]",4806,Retail
,,,1389263,,2026-04-17T11:29:19.551442,LoopNet API,29771223,"[[-77.599426, 43.193142], [-77.599521, 43.192894], [-77.599646, 43.193356]]",1185,Multi-Family
,,,119192,,2026-04-17T11:29:19.551444,LoopNet API,25271303,"[[-77.652613, 43.187679]]",1017,Retail
,,,1063155,,2026-04-17T11:29:19.551445,LoopNet API,15015949,"[[-77.43438, 43.15122]]",1376,Industrial
,,,1790520,,2026-04-17T11:29:19.551447,LoopNet API,37144799,"[[-77.445522, 43.127799], [-77.446778, 43.126919]]",3623,Retail
,,,1763759,,2026-04-17T11:35:08.735092,LoopNet API,40167211,"[[-77.562736, 43.200697]]",2819,Retail
,,,953038,,2026-04-17T11:35:08.735101,LoopNet API,40165640,"[[-77.628225, 43.172969]]",3360,Retail
,,,662909,,2026-04-17T11:35:08.735103,LoopNet API,40148504,"[[-77.600309, 43.15064], [-77.600497, 43.150705]]",2906,Office
,,,1651691,,2026-04-17T11:35:08.735105,LoopNet API,40078420,"[[-77.573042, 43.160413]]",2507,Retail
,,,1681244,,2026-04-17T11:35:08.735107,LoopNet API,40043513,"[[-77.6065, 43.11427]]",4326,Retail
,,,416331,,2026-04-17T11:35:08.735109,LoopNet API,39993415,"[[-77.611223, 43.160168]]",1529,Multi-Family
,,,1903233,,2026-04-17T11:35:08.735110,LoopNet API,39915284,"[[-77.607737, 43.15959]]",4743,Industrial
,,,465986,,2026-04-17T11:35:08.735112,LoopNet API,39871963,"[[-77.61928, 43.103326]]",2853,Industrial
,,,1349731,,2026-04-17T11:35:08.735113,LoopNet API,39854150,"[[-77.606577, 43.071999]]",4793,Retail
,,,339634,,2026-04-17T11:35:08.735115,LoopNet API,39817288,"[[-77.630988, 43.19586]]",1023,Multi-Family
,,,494841,,2026-04-17T11:35:08.735117,LoopNet API,39712189,"[[-77.678778, 43.108532]]",1646,Multi-Family
,,,789822,,2026-04-17T11:35:08.735118,LoopNet API,39625204,"[[-77.7088, 43.146607]]",2414,Retail
,,,1490294,,2026-04-17T11:35:08.735119,LoopNet API,39616616,"[[-77.696694, 43.183124]]",1585,Multi-Family
,,,1469273,,2026-04-17T11:35:08.735121,LoopNet API,39602403,"[[-77.452169, 43.208601]]",724,Industrial
,,,855515,,2026-04-17T11:35:08.735122,LoopNet API,39577570,"[[-77.732154, 43.217996]]",754,Office
,,,1557325,,2026-04-17T11:35:08.735124,LoopNet API,39558241,"[[-77.486755, 43.079174]]",1261,Industrial
,,,1532980,,2026-04-17T11:35:08.735125,LoopNet API,39432321,"[[-77.603237, 43.115479]]",2417,Office
,,,822990,,2026-04-17T11:35:08.735127,LoopNet API,39402981,"[[-77.569621, 43.201708]]",1620,Industrial
,,,1613473,,2026-04-17T11:35:08.735128,LoopNet API,39388644,"[[-77.583062, 43.163556]]",3363,Multi-Family
,,,1939012,,2026-04-17T11:35:08.735130,LoopNet API,39322261,"[[-77.628546, 43.135555], [-77.62244, 43.13992], [-77.62866, 43.13642], [-77.64013, 43.12885]]",4860,Office
,,,493568,,2026-04-17T11:35:08.735131,LoopNet API,39317559,"[[-77.652737, 43.184384]]",1232,Retail
,,,1679099,,2026-04-17T11:35:08.735132,LoopNet API,39302800,"[[-77.687407, 43.208923]]",2626,Office
,,,1404003,,2026-04-17T11:35:08.735133,LoopNet API,39270340,"[[-77.596377, 43.140599], [-77.595678, 43.140665], [-77.596294, 43.140951], [-77.596385, 43.140912], [-77.596329, 43.140442]]",3256,Office
,,,1853823,,2026-04-17T11:35:08.735135,LoopNet API,39265429,"[[-77.579476, 43.138666]]",3651,Office
,,,1751054,,2026-04-17T11:35:08.735136,LoopNet API,39265207,"[[-77.579987, 43.150797]]",689,Industrial
,,,1525370,,2026-04-17T11:35:08.735137,LoopNet API,39228650,"[[-77.615279, 43.101188]]",3850,Multi-Family
,,,1821298,,2026-04-17T11:35:08.735139,LoopNet API,39172088,"[[-77.674289, 43.111963]]",4300,Industrial
,,,1046862,,2026-04-17T11:35:08.735140,LoopNet API,39113038,"[[-77.641053, 43.146858]]",3924,Industrial
,,,1903122,,2026-04-17T11:35:08.735141,LoopNet API,39108272,"[[-77.63549, 43.154894]]",1703,Multi-Family
,,,1673867,,2026-04-17T11:35:08.735142,LoopNet API,39082310,"[[-77.607652, 43.180298]]",4056,Multi-Family
,,,943205,,2026-04-17T11:35:08.735144,LoopNet API,39042100,"[[-77.632072, 43.179548]]",3480,Retail
,,,672426,,2026-04-17T11:35:08.735145,LoopNet API,39031619,"[[-77.559786, 43.169987]]",1523,Office
,,,1170741,,2026-04-17T11:35:08.735146,LoopNet API,39029056,"[[-77.629854, 43.253288]]",3196,Retail
,,,1482308,,2026-04-17T11:35:08.735147,LoopNet API,38834356,"[[-77.581409, 43.161119]]",3875,Retail
,,,642498,,2026-04-17T11:35:08.735149,LoopNet API,38816016,"[[-77.66101, 43.149414]]",1007,Office
,,,1660458,,2026-04-17T11:35:08.735150,LoopNet API,38794915,"[[-77.651745, 43.145283]]",4452,Multi-Family
,,,1045850,,2026-04-17T11:35:08.735151,LoopNet API,38693769,"[[-77.642082, 43.222331]]",3647,Multi-Family
,,,647327,,2026-04-17T11:35:08.735152,LoopNet API,38636419,"[[-77.626949, 43.16643], [-77.600855, 43.173812]]",4920,Multi-Family
,,,1526805,,2026-04-17T11:35:08.735153,LoopNet API,38636410,"[[-77.661895, 43.046676]]",2575,Multi-Family
,,,1447399,,2026-04-17T11:35:08.735154,LoopNet API,38610227,"[[-77.564976, 43.14901]]",1922,Industrial
,,,1980677,,2026-04-17T11:35:08.735156,LoopNet API,38553022,"[[-77.599309, 43.157494]]",2326,Industrial
,,,1937775,,2026-04-17T11:35:08.735157,LoopNet API,38530756,"[[-77.59832, 43.159179]]",2381,Retail
,,,609629,,2026-04-17T11:35:08.735158,LoopNet API,38530691,"[[-77.599626, 43.159095]]",4941,Multi-Family
,,,287111,,2026-04-17T11:35:08.735160,LoopNet API,38500653,"[[-77.59903, 43.142998]]",780,Retail
,,,1740532,,2026-04-17T11:35:08.735161,LoopNet API,38455770,"[[-77.63365, 43.197508]]",1845,Multi-Family
,,,318731,,2026-04-17T11:35:08.735162,LoopNet API,38433685,"[[-77.509827, 43.178265]]",2799,Office
,,,161742,,2026-04-17T11:35:08.735163,LoopNet API,38423222,"[[-77.670455, 43.205365]]",3036,Office
,,,1769103,,2026-04-17T11:35:08.735164,LoopNet API,38391803,"[[-77.69616, 43.221334]]",2809,Retail
,,,1441821,,2026-04-17T11:35:08.735165,LoopNet API,38357735,"[[-77.61102, 43.25571]]",2765,Industrial
,,,1493749,,2026-04-17T11:35:08.735167,LoopNet API,38353121,"[[-77.487226, 43.118583]]",2566,Office
,,,109490,,2026-04-17T11:35:08.735168,LoopNet API,38337053,"[[-77.736792, 43.182119]]",1536,Retail
,,,127707,,2026-04-17T11:35:08.735169,LoopNet API,38306416,"[[-77.618951, 43.10377], [-77.619241, 43.104197]]",4475,Retail
,,,1831354,,2026-04-17T11:35:08.735170,LoopNet API,38263561,"[[-77.66493, 43.131087]]",4661,Retail
,,,1982741,,2026-04-17T11:35:08.735172,LoopNet API,38226122,"[[-77.641095, 43.201649]]",4697,Multi-Family
,,,1148997,,2026-04-17T11:35:08.735173,LoopNet API,38223668,"[[-77.508242, 43.18241]]",2822,Office
,,,179398,,2026-04-17T11:35:08.735174,LoopNet API,37994174,"[[-77.675616, 43.037633]]",4342,Office
,,,868687,,2026-04-17T11:35:08.735175,LoopNet API,37974523,"[[-77.606928, 43.160039]]",841,Multi-Family
,,,561295,,2026-04-17T11:35:08.735176,LoopNet API,37938064,"[[-77.609412, 43.159125]]",1987,Office
,,,881740,,2026-04-17T11:35:08.735178,LoopNet API,37863022,"[[-77.66444, 43.13292]]",824,Retail
,,,1311037,,2026-04-17T11:35:08.735179,LoopNet API,37840949,"[[-77.607784, 43.14062]]",4154,Retail
,,,618139,,2026-04-17T11:35:08.735180,LoopNet API,37766162,"[[-77.659114, 43.15824]]",2891,Industrial
,,,1386918,,2026-04-17T11:35:08.735181,LoopNet API,37685380,"[[-77.640861, 43.080778]]",4913,Multi-Family
,,,1318334,,2026-04-17T11:35:08.735182,LoopNet API,37564679,"[[-77.601539, 43.089175], [-77.602465, 43.089255]]",1381,Office
,,,134141,,2026-04-17T11:35:08.735184,LoopNet API,37405107,"[[-77.654446, 43.055679]]",2609,Industrial
,,,1187517,,2026-04-17T11:35:08.735185,LoopNet API,37029121,"[[-77.704267, 43.185293]]",674,Retail
,,,497807,,2026-04-17T11:35:08.735186,LoopNet API,36911005,"[[-77.665334, 43.133994]]",3185,Multi-Family
,,,1007449,,2026-04-17T11:35:08.735188,LoopNet API,36845807,"[[-77.521768, 43.091687]]",571,Multi-Family
,,,1771082,,2026-04-17T11:35:08.735189,LoopNet API,36712607,"[[-77.625163, 43.164318]]",4610,Multi-Family
,,,1329008,,2026-04-17T11:35:08.735190,LoopNet API,36694513,"[[-77.618797, 43.102607]]",2705,Retail
,,,1715687,,2026-04-17T11:35:08.735191,LoopNet API,36693922,"[[-77.618859, 43.102351]]",3339,Industrial
,,,1009981,,2026-04-17T11:35:08.735192,LoopNet API,36611613,"[[-77.628904, 43.174154]]",3321,Office
,,,278230,,2026-04-17T11:35:08.735193,LoopNet API,36398849,"[[-77.581112, 43.0941]]",636,Office
,,,562234,,2026-04-17T11:35:08.735195,LoopNet API,35789458,"[[-77.710627, 43.146659]]",4137,Office
,,,672246,,2026-04-17T11:35:08.735196,LoopNet API,35561380,"[[-77.603447, 43.147115]]",4431,Retail
,,,574023,,2026-04-17T11:35:08.735197,LoopNet API,35029105,"[[-77.593411, 43.12617]]",4746,Office
,,,1818332,,2026-04-17T11:35:08.735198,LoopNet API,34615706,"[[-77.631762, 43.087828]]",2450,Multi-Family
,,,1961952,,2026-04-17T11:35:08.735200,LoopNet API,34483921,"[[-77.628616, 43.135441]]",3741,Industrial
,,,1824043,,2026-04-17T11:35:08.735202,LoopNet API,33831590,"[[-77.761502, 43.097409]]",2060,Retail
,,,449148,,2026-04-17T11:35:08.735207,LoopNet API,33830092,"[[-77.734078, 43.095041]]",4940,Multi-Family
,,,349601,,2026-04-17T11:35:08.735208,LoopNet API,33162249,"[[-77.611413, 43.155727]]",1236,Industrial
,,,672642,,2026-04-17T11:35:08.735209,LoopNet API,33041169,"[[-77.593028, 43.146437]]",4810,Multi-Family
,,,819905,,2026-04-17T11:35:08.735211,LoopNet API,32968464,"[[-77.589541, 43.144419]]",1276,Industrial
,,,1565447,,2026-04-17T11:35:08.735212,LoopNet API,32876301,"[[-77.693209, 43.210131]]",4914,Industrial
,,,498553,,2026-04-17T11:35:08.735213,LoopNet API,32654787,"[[-77.650142, 43.135638]]",4093,Office
,,,1113748,,2026-04-17T11:35:08.735214,LoopNet API,32554456,"[[-77.615191, 43.159897]]",2475,Retail
,,,1727216,,2026-04-17T11:35:08.735216,LoopNet API,32378445,"[[-77.665955, 43.259908]]",2618,Industrial
,,,1870579,,2026-04-17T11:35:08.735217,LoopNet API,32108855,"[[-77.561308, 43.204157]]",1365,Retail
,,,638696,,2026-04-17T11:35:08.735218,LoopNet API,31478200,"[[-77.673524, 43.109445]]",3048,Industrial
,,,1079840,,2026-04-17T11:35:08.735219,LoopNet API,31300848,"[[-77.455286, 43.209852]]",613,Multi-Family
,,,1193604,,2026-04-17T11:35:08.735221,LoopNet API,30644543,"[[-77.623535, 43.147484]]",2054,Retail
,,,700913,,2026-04-17T11:35:08.735222,LoopNet API,29800269,"[[-77.5831, 43.092362]]",2810,Industrial
,,,1861065,,2026-04-17T11:35:08.735223,LoopNet API,29057874,"[[-77.636271, 43.0941]]",1666,Retail
,,,1885850,,2026-04-17T11:35:08.735224,LoopNet API,28764317,"[[-74.193444, 40.921858], [-77.656597, 43.11786]]",1320,Industrial
,,,983326,,2026-04-17T11:35:08.735226,LoopNet API,28639149,"[[-77.620477, 43.086632]]",517,Office
,,,1041977,,2026-04-17T11:35:08.735227,LoopNet API,28431245,"[[-77.587104, 43.18259]]",872,Retail
,,,378443,,2026-04-17T11:35:08.735229,LoopNet API,27373913,"[[-77.616208, 43.068077]]",935,Industrial
,,,540815,,2026-04-17T11:35:08.735230,LoopNet API,25607807,"[[-77.561877, 43.175906]]",2639,Multi-Family
,,,1783918,,2026-04-17T11:35:08.735231,LoopNet API,25060286,"[[-77.731417, 43.213995]]",4534,Retail
,,,383708,,2026-04-17T11:35:08.735232,LoopNet API,24504892,"[[-77.602434, 43.161704]]",810,Retail
,,,957841,,2026-04-17T11:35:08.735234,LoopNet API,22039846,"[[-77.711586, 43.210741]]",4998,Retail
,,,819519,,2026-04-17T11:35:08.735235,LoopNet API,18800479,"[[-77.697693, 43.105656]]",4625,Industrial
,,,383125,,2026-04-17T11:35:08.735236,LoopNet API,16334777,"[[-77.735362, 43.214659]]",1840,Multi-Family
,,,512848,,2026-04-17T11:35:08.735237,LoopNet API,9282621,"[[-77.66594, 43.014168]]",1259,Multi-Family
,,,1407269,,2026-04-17T11:35:08.735239,LoopNet API,40060772,"[[-77.58537, 43.190654]]",4492,Office
,,,134622,,2026-04-17T11:35:08.735240,LoopNet API,40060393,"[[-77.605212, 43.196182]]",513,Industrial
,,,106110,,2026-04-17T11:35:08.735241,LoopNet API,40044603,"[[-77.594262, 43.154185]]",2640,Multi-Family
,,,985169,,2026-04-17T11:35:08.735243,LoopNet API,39690768,"[[-77.636795, 43.199908]]",3915,Industrial
,,,466337,,2026-04-17T11:35:08.735244,LoopNet API,39135136,"[[-77.450523, 43.107187]]",2858,Office
,,,102995,,2026-04-17T11:35:08.735245,LoopNet API,38658005,"[[-77.649384, 43.161883]]",4170,Retail
,,,1710273,,2026-04-17T11:35:08.735247,LoopNet API,37835183,"[[-77.689202, 43.184202]]",3982,Retail
,,,548392,,2026-04-17T11:35:08.735248,LoopNet API,37802144,"[[-77.729757, 43.216637]]",2820,Multi-Family
,,,375844,,2026-04-17T11:35:08.735249,LoopNet API,37672628,"[[-77.58338, 43.161273]]",1004,Industrial
,,,1528755,,2026-04-17T11:35:08.735250,LoopNet API,36753479,"[[-77.609031, 43.188089]]",1953,Multi-Family
,,,1353602,,2026-04-17T11:35:08.735252,LoopNet API,34615563,"[[-77.606169, 43.123466]]",4557,Industrial
,,,1069083,,2026-04-17T11:35:08.735253,LoopNet API,33967070,"[[-77.600692, 43.090541]]",4900,Multi-Family
,,,185036,,2026-04-17T11:35:08.735254,LoopNet API,33594054,"[[-77.59515, 43.197256]]",697,Industrial
,,,1525783,,2026-04-17T11:35:08.735256,LoopNet API,33563624,"[[-77.670594, 43.205411]]",3446,Office
,,,1199708,,2026-04-17T11:35:08.735257,LoopNet API,31365120,"[[-77.617893, 43.104205]]",2290,Industrial
,,,167694,,2026-04-17T11:35:08.735258,LoopNet API,31072254,"[[-77.672354, 43.208394]]",3329,Industrial
,,,365178,,2026-04-17T11:35:08.735259,LoopNet API,29679893,"[[-77.625991, 43.083275]]",3100,Multi-Family
,,,1944141,,2026-04-17T11:35:08.735261,LoopNet API,27340026,"[[-77.596171, 43.094725]]",942,Industrial
,,,1010461,,2026-04-17T11:35:08.735262,LoopNet API,25423067,"[[-77.660068, 43.189489]]",1329,Retail
,,,962267,,2026-04-17T11:35:08.735263,LoopNet API,39240335,"[[-77.626972, 43.266573]]",3503,Retail
,,,1524310,,2026-04-17T11:35:08.735265,LoopNet API,38506503,"[[-77.722156, 43.147954]]",2672,Office
,,,1012334,,2026-04-17T11:35:08.735266,LoopNet API,39688759,"[[-77.491895, 43.134963]]",970,Retail
,,,1767222,,2026-04-17T11:35:08.735267,LoopNet API,40164406,"[[-77.556701, 43.119693]]",2091,Office
,,,1546481,,2026-04-17T11:35:08.735268,LoopNet API,40147316,"[[-77.641461, 43.262428]]",1376,Office
,,,1703267,,2026-04-17T11:35:08.735269,LoopNet API,40146424,"[[-77.673838, 43.164391]]",4568,Multi-Family
,,,1821104,,2026-04-17T11:35:08.735271,LoopNet API,40044964,"[[-77.601405, 43.208899]]",2013,Multi-Family
,,,1686193,,2026-04-17T11:35:08.735275,LoopNet API,39935759,"[[-77.59466, 43.158984]]",2091,Multi-Family
,,,1055631,,2026-04-17T11:35:08.735276,LoopNet API,39922564,"[[-77.629057, 43.164435]]",4906,Industrial
,,,667388,,2026-04-17T11:35:08.735277,LoopNet API,39893735,"[[-77.660457, 43.193003]]",2084,Office
,,,1259173,,2026-04-17T11:35:08.735279,LoopNet API,39494236,"[[-77.666297, 43.150598]]",1135,Office
,,,453507,,2026-04-17T11:35:08.735280,LoopNet API,39493768,"[[-77.652739, 43.183327]]",2215,Retail
,,,888621,,2026-04-17T11:35:08.735281,LoopNet API,39179151,"[[-77.637042, 43.21747]]",2541,Industrial
,,,131857,,2026-04-17T11:35:08.735282,LoopNet API,39135313,"[[-77.59963, 43.147174]]",3180,Multi-Family
,,,676404,,2026-04-17T11:35:08.735284,LoopNet API,38805754,"[[-77.609516, 43.159373], [-77.60937, 43.159498], [-77.609022, 43.159498]]",716,Retail
,,,686985,,2026-04-17T11:35:08.735285,LoopNet API,38672790,"[[-77.695841, 43.252085]]",3919,Industrial
,,,274359,,2026-04-17T11:35:08.735286,LoopNet API,38658813,"[[-77.62946, 43.144108]]",2887,Industrial
,,,1236160,,2026-04-17T11:35:08.735287,LoopNet API,38657835,"[[-77.680431, 43.165312]]",3322,Office
,,,1569876,,2026-04-17T11:35:08.735288,LoopNet API,38642840,"[[-77.63687, 43.178827], [-77.642536, 43.179533], [-77.642392, 43.179532], [-77.62665, 43.14951], [-77.62825, 43.15788], [-77.60167, 43.17348], [-77.64267, 43.17865], [-77.574784, 43.159554], [-77.642874, 43.178356], [-77.64269, 43.17833], [-77.648616, 43.175477]]",3461,Office
,,,621397,,2026-04-17T11:35:08.735290,LoopNet API,38349243,"[[-77.630426, 43.152136]]",3968,Multi-Family
,,,1949402,,2026-04-17T11:35:08.735291,LoopNet API,37635578,"[[-77.605897, 43.163075]]",1821,Multi-Family
,,,1550999,,2026-04-17T11:35:08.735292,LoopNet API,37597791,"[[-77.622107, 43.237705], [-77.650804, 43.149728], [-77.621603, 43.239027]]",2219,Multi-Family
,,,1212497,,2026-04-17T11:35:08.735293,LoopNet API,36720805,"[[-77.507789, 43.181558]]",4643,Multi-Family
,,,923447,,2026-04-17T11:35:08.735294,LoopNet API,36541756,"[[-77.609937, 43.162058]]",1292,Multi-Family
,,,594698,,2026-04-17T11:35:08.735295,LoopNet API,35743582,"[[-77.552951, 43.1471]]",3179,Office
,,,936980,,2026-04-17T11:35:08.735297,LoopNet API,35635912,"[[-77.663813, 43.204382]]",3224,Office
,,,126878,,2026-04-17T11:35:08.735298,LoopNet API,33820009,"[[-77.599713, 43.172094]]",2860,Retail
,,,1637060,,2026-04-17T11:35:08.735299,LoopNet API,33012857,"[[-77.750032, 43.254493]]",719,Office
,,,1613701,,2026-04-17T11:35:08.735301,LoopNet API,32888406,"[[-77.658047, 43.128951]]",1020,Multi-Family
,,,1583945,,2026-04-17T11:35:08.735302,LoopNet API,31278281,"[[-77.614263, 43.17995]]",3791,Multi-Family
,,,254425,,2026-04-17T11:35:08.735303,LoopNet API,28535219,"[[-77.640383, 43.058454]]",1821,Office
,,,1560507,,2026-04-17T11:35:08.735304,LoopNet API,25194189,"[[-77.5988, 43.20861]]",4422,Multi-Family
,,,469514,,2026-04-17T11:35:08.735305,LoopNet API,37336938,"[[-77.68565, 43.186082]]",3537,Office
,,,1489035,,2026-04-17T11:35:08.735307,LoopNet API,29771223,"[[-77.599426, 43.193142], [-77.599521, 43.192894], [-77.599646, 43.193356]]",3910,Multi-Family
,,,266104,,2026-04-17T11:35:08.735308,LoopNet API,25271303,"[[-77.652613, 43.187679]]",2639,Multi-Family
,,,1282352,,2026-04-17T11:35:08.735309,LoopNet API,15015949,"[[-77.43438, 43.15122]]",915,Retail
,,,1325952,,2026-04-17T11:35:08.735310,LoopNet API,37144799,"[[-77.445522, 43.127799], [-77.446778, 43.126919]]",2727,Retail
,,,990570,,2026-04-17T15:23:11.597575,LoopNet API,40167211,"[[-77.562736, 43.200697]]",2125,Retail
,,,1314934,,2026-04-17T15:23:11.597596,LoopNet API,40165640,"[[-77.628225, 43.172969]]",3873,Retail
,,,1411540,,2026-04-17T15:23:11.597603,LoopNet API,40148504,"[[-77.600309, 43.15064], [-77.600497, 43.150705]]",4398,Industrial
,,,1467272,,2026-04-17T15:23:11.597607,LoopNet API,40078420,"[[-77.573042, 43.160413]]",1873,Industrial
,,,1918285,,2026-04-17T15:23:11.597611,LoopNet API,40043513,"[[-77.6065, 43.11427]]",1704,Multi-Family
,,,1466314,,2026-04-17T15:23:11.597615,LoopNet API,39993415,"[[-77.611223, 43.160168]]",617,Multi-Family
,,,836593,,2026-04-17T15:23:11.597619,LoopNet API,39915284,"[[-77.607737, 43.15959]]",4662,Multi-Family
,,,161226,,2026-04-17T15:23:11.597622,LoopNet API,39871963,"[[-77.61928, 43.103326]]",1618,Retail
,,,814551,,2026-04-17T15:23:11.597626,LoopNet API,39854150,"[[-77.606577, 43.071999]]",1045,Retail
,,,763860,,2026-04-17T15:23:11.597630,LoopNet API,39817288,"[[-77.630988, 43.19586]]",763,Industrial
,,,1592599,,2026-04-17T15:23:11.597634,LoopNet API,39712189,"[[-77.678778, 43.108532]]",4123,Retail
,,,1547863,,2026-04-17T15:23:11.597637,LoopNet API,39625204,"[[-77.7088, 43.146607]]",4196,Industrial
,,,1123486,,2026-04-17T15:23:11.597641,LoopNet API,39616616,"[[-77.696694, 43.183124]]",2379,Industrial
,,,786311,,2026-04-17T15:23:11.597644,LoopNet API,39602403,"[[-77.452169, 43.208601]]",891,Office
,,,1671548,,2026-04-17T15:23:11.597648,LoopNet API,39577570,"[[-77.732154, 43.217996]]",2346,Multi-Family
,,,888604,,2026-04-17T15:23:11.597651,LoopNet API,39558241,"[[-77.486755, 43.079174]]",4038,Office
,,,1827823,,2026-04-17T15:23:11.597655,LoopNet API,39432321,"[[-77.603237, 43.115479]]",1591,Retail
,,,1005165,,2026-04-17T15:23:11.597658,LoopNet API,39402981,"[[-77.569621, 43.201708]]",2447,Industrial
,,,1592434,,2026-04-17T15:23:11.597661,LoopNet API,39388644,"[[-77.583062, 43.163556]]",2280,Office
,,,1194233,,2026-04-17T15:23:11.597665,LoopNet API,39322261,"[[-77.628546, 43.135555], [-77.62244, 43.13992], [-77.62866, 43.13642], [-77.64013, 43.12885]]",736,Industrial
,,,277667,,2026-04-17T15:23:11.597668,LoopNet API,39317559,"[[-77.652737, 43.184384]]",3163,Industrial
,,,1288410,,2026-04-17T15:23:11.597672,LoopNet API,39302800,"[[-77.687407, 43.208923]]",619,Office
,,,866446,,2026-04-17T15:23:11.597675,LoopNet API,39270340,"[[-77.596377, 43.140599], [-77.595678, 43.140665], [-77.596294, 43.140951], [-77.596385, 43.140912], [-77.596329, 43.140442]]",1076,Industrial
,,,558820,,2026-04-17T15:23:11.597678,LoopNet API,39265429,"[[-77.579476, 43.138666]]",587,Office
,,,756811,,2026-04-17T15:23:11.597681,LoopNet API,39265207,"[[-77.579987, 43.150797]]",3262,Multi-Family
,,,878669,,2026-04-17T15:23:11.597685,LoopNet API,39228650,"[[-77.615279, 43.101188]]",950,Multi-Family
,,,160329,,2026-04-17T15:23:11.597688,LoopNet API,39172088,"[[-77.674289, 43.111963]]",986,Retail
,,,1306646,,2026-04-17T15:23:11.597691,LoopNet API,39113038,"[[-77.641053, 43.146858]]",2139,Retail
,,,1886889,,2026-04-17T15:23:11.597695,LoopNet API,39108272,"[[-77.63549, 43.154894]]",4261,Industrial
,,,521023,,2026-04-17T15:23:11.597697,LoopNet API,39082310,"[[-77.607652, 43.180298]]",2802,Industrial
,,,1070951,,2026-04-17T15:23:11.597700,LoopNet API,39042100,"[[-77.632072, 43.179548]]",1199,Multi-Family
,,,1031511,,2026-04-17T15:23:11.597704,LoopNet API,39031619,"[[-77.559786, 43.169987]]",631,Industrial
,,,415168,,2026-04-17T15:23:11.597707,LoopNet API,39029056,"[[-77.629854, 43.253288]]",1775,Multi-Family
,,,533974,,2026-04-17T15:23:11.597710,LoopNet API,38834356,"[[-77.581409, 43.161119]]",1156,Retail
,,,1824167,,2026-04-17T15:23:11.597713,LoopNet API,38816016,"[[-77.66101, 43.149414]]",3929,Industrial
,,,1727582,,2026-04-17T15:23:11.597716,LoopNet API,38794915,"[[-77.651745, 43.145283]]",3375,Industrial
,,,529857,,2026-04-17T15:23:11.597719,LoopNet API,38693769,"[[-77.642082, 43.222331]]",828,Office
,,,887295,,2026-04-17T15:23:11.597722,LoopNet API,38636419,"[[-77.626949, 43.16643], [-77.600855, 43.173812]]",1155,Office
,,,1374718,,2026-04-17T15:23:11.597725,LoopNet API,38636410,"[[-77.661895, 43.046676]]",2161,Retail
,,,1218250,,2026-04-17T15:23:11.597728,LoopNet API,38610227,"[[-77.564976, 43.14901]]",658,Industrial
,,,648250,,2026-04-17T15:23:11.597731,LoopNet API,38553022,"[[-77.599309, 43.157494]]",3387,Retail
,,,1128239,,2026-04-17T15:23:11.597735,LoopNet API,38530756,"[[-77.59832, 43.159179]]",3929,Office
,,,1621727,,2026-04-17T15:23:11.597738,LoopNet API,38530691,"[[-77.599626, 43.159095]]",1341,Industrial
,,,555414,,2026-04-17T15:23:11.597741,LoopNet API,38500653,"[[-77.59903, 43.142998]]",921,Office
,,,1124400,,2026-04-17T15:23:11.597744,LoopNet API,38455770,"[[-77.63365, 43.197508]]",616,Multi-Family
,,,390357,,2026-04-17T15:23:11.597747,LoopNet API,38433685,"[[-77.509827, 43.178265]]",929,Office
,,,1775295,,2026-04-17T15:23:11.597750,LoopNet API,38423222,"[[-77.670455, 43.205365]]",725,Multi-Family
,,,1295886,,2026-04-17T15:23:11.597753,LoopNet API,38391803,"[[-77.69616, 43.221334]]",3717,Retail
,,,590903,,2026-04-17T15:23:11.597756,LoopNet API,38357735,"[[-77.61102, 43.25571]]",1895,Multi-Family
,,,417914,,2026-04-17T15:23:11.597759,LoopNet API,38353121,"[[-77.487226, 43.118583]]",4889,Industrial
,,,126802,,2026-04-17T15:23:11.597762,LoopNet API,38337053,"[[-77.736792, 43.182119]]",1808,Multi-Family
,,,309816,,2026-04-17T15:23:11.597766,LoopNet API,38306416,"[[-77.618951, 43.10377], [-77.619241, 43.104197]]",687,Retail
,,,477346,,2026-04-17T15:23:11.597769,LoopNet API,38263561,"[[-77.66493, 43.131087]]",1299,Retail
,,,541848,,2026-04-17T15:23:11.597772,LoopNet API,38226122,"[[-77.641095, 43.201649]]",3842,Office
,,,826291,,2026-04-17T15:23:11.597775,LoopNet API,38223668,"[[-77.508242, 43.18241]]",2256,Multi-Family
,,,773059,,2026-04-17T15:23:11.597779,LoopNet API,37994174,"[[-77.675616, 43.037633]]",1808,Office
,,,1126280,,2026-04-17T15:23:11.597782,LoopNet API,37974523,"[[-77.606928, 43.160039]]",689,Retail
,,,807268,,2026-04-17T15:23:11.597785,LoopNet API,37938064,"[[-77.609412, 43.159125]]",900,Office
,,,1578055,,2026-04-17T15:23:11.597788,LoopNet API,37863022,"[[-77.66444, 43.13292]]",2454,Multi-Family
,,,1452797,,2026-04-17T15:23:11.597791,LoopNet API,37840949,"[[-77.607784, 43.14062]]",4183,Retail
,,,402279,,2026-04-17T15:23:11.597794,LoopNet API,37766162,"[[-77.659114, 43.15824]]",4111,Office
,,,1809187,,2026-04-17T15:23:11.597797,LoopNet API,37685380,"[[-77.640861, 43.080778]]",2716,Office
,,,663525,,2026-04-17T15:23:11.597800,LoopNet API,37564679,"[[-77.601539, 43.089175], [-77.602465, 43.089255]]",2629,Office
,,,1756767,,2026-04-17T15:23:11.597803,LoopNet API,37405107,"[[-77.654446, 43.055679]]",2273,Industrial
,,,1209767,,2026-04-17T15:23:11.597806,LoopNet API,37029121,"[[-77.704267, 43.185293]]",3918,Industrial
,,,839368,,2026-04-17T15:23:11.597810,LoopNet API,36911005,"[[-77.665334, 43.133994]]",2998,Office
,,,1447825,,2026-04-17T15:23:11.597813,LoopNet API,36845807,"[[-77.521768, 43.091687]]",3023,Industrial
,,,668145,,2026-04-17T15:23:11.597816,LoopNet API,36712607,"[[-77.625163, 43.164318]]",1932,Multi-Family
,,,1927825,,2026-04-17T15:23:11.597819,LoopNet API,36694513,"[[-77.618797, 43.102607]]",2449,Multi-Family
,,,1075583,,2026-04-17T15:23:11.597822,LoopNet API,36693922,"[[-77.618859, 43.102351]]",1812,Office
,,,292941,,2026-04-17T15:23:11.597825,LoopNet API,36611613,"[[-77.628904, 43.174154]]",4937,Multi-Family
,,,1638441,,2026-04-17T15:23:11.597829,LoopNet API,36398849,"[[-77.581112, 43.0941]]",798,Industrial
,,,155567,,2026-04-17T15:23:11.597832,LoopNet API,35789458,"[[-77.710627, 43.146659]]",4682,Office
,,,605253,,2026-04-17T15:23:11.597835,LoopNet API,35561380,"[[-77.603447, 43.147115]]",1033,Office
,,,1569787,,2026-04-17T15:23:11.597838,LoopNet API,35029105,"[[-77.593411, 43.12617]]",1255,Retail
,,,1068352,,2026-04-17T15:23:11.597841,LoopNet API,34615706,"[[-77.631762, 43.087828]]",2398,Retail
,,,1826185,,2026-04-17T15:23:11.597844,LoopNet API,34483921,"[[-77.628616, 43.135441]]",3538,Office
,,,1029387,,2026-04-17T15:23:11.597849,LoopNet API,33831590,"[[-77.761502, 43.097409]]",1579,Multi-Family
,,,816908,,2026-04-17T15:23:11.597853,LoopNet API,33830092,"[[-77.734078, 43.095041]]",1567,Industrial
,,,1769560,,2026-04-17T15:23:11.597856,LoopNet API,33162249,"[[-77.611413, 43.155727]]",2166,Multi-Family
,,,1009554,,2026-04-17T15:23:11.597859,LoopNet API,33041169,"[[-77.593028, 43.146437]]",1459,Office
,,,599025,,2026-04-17T15:23:11.597862,LoopNet API,32968464,"[[-77.589541, 43.144419]]",2759,Retail
,,,1075020,,2026-04-17T15:23:11.597876,LoopNet API,32876301,"[[-77.693209, 43.210131]]",4133,Industrial
,,,1551212,,2026-04-17T15:23:11.597880,LoopNet API,32654787,"[[-77.650142, 43.135638]]",3403,Retail
,,,1646604,,2026-04-17T15:23:11.597883,LoopNet API,32554456,"[[-77.615191, 43.159897]]",1110,Industrial
,,,417518,,2026-04-17T15:23:11.597887,LoopNet API,32378445,"[[-77.665955, 43.259908]]",1748,Industrial
,,,791582,,2026-04-17T15:23:11.597890,LoopNet API,32108855,"[[-77.561308, 43.204157]]",2960,Office
,,,418536,,2026-04-17T15:23:11.597893,LoopNet API,31478200,"[[-77.673524, 43.109445]]",3100,Office
,,,1812679,,2026-04-17T15:23:11.597897,LoopNet API,31300848,"[[-77.455286, 43.209852]]",3329,Office
,,,197073,,2026-04-17T15:23:11.597900,LoopNet API,30644543,"[[-77.623535, 43.147484]]",2970,Multi-Family
,,,1605562,,2026-04-17T15:23:11.597903,LoopNet API,29800269,"[[-77.5831, 43.092362]]",3077,Multi-Family
,,,1300366,,2026-04-17T15:23:11.597907,LoopNet API,29057874,"[[-77.636271, 43.0941]]",571,Retail
,,,1942593,,2026-04-17T15:23:11.597910,LoopNet API,28764317,"[[-74.193444, 40.921858], [-77.656597, 43.11786]]",659,Retail
,,,524782,,2026-04-17T15:23:11.597914,LoopNet API,28639149,"[[-77.620477, 43.086632]]",1934,Retail
,,,487217,,2026-04-17T15:23:11.597917,LoopNet API,28431245,"[[-77.587104, 43.18259]]",4891,Industrial
,,,1514258,,2026-04-17T15:23:11.597921,LoopNet API,27373913,"[[-77.616208, 43.068077]]",1672,Multi-Family
,,,314484,,2026-04-17T15:23:11.597924,LoopNet API,25607807,"[[-77.561877, 43.175906]]",2803,Retail
,,,412811,,2026-04-17T15:23:11.597927,LoopNet API,25060286,"[[-77.731417, 43.213995]]",2526,Retail
,,,1857043,,2026-04-17T15:23:11.597930,LoopNet API,24504892,"[[-77.602434, 43.161704]]",4513,Retail
,,,111659,,2026-04-17T15:23:11.597933,LoopNet API,22039846,"[[-77.711586, 43.210741]]",1347,Retail
,,,275459,,2026-04-17T15:23:11.597937,LoopNet API,18800479,"[[-77.697693, 43.105656]]",4369,Retail
,,,1307273,,2026-04-17T15:23:11.597940,LoopNet API,16334777,"[[-77.735362, 43.214659]]",4863,Industrial
,,,1048108,,2026-04-17T15:23:11.597943,LoopNet API,9282621,"[[-77.66594, 43.014168]]",3765,Industrial
,,,1730336,,2026-04-17T15:23:11.597946,LoopNet API,40060772,"[[-77.58537, 43.190654]]",3978,Multi-Family
,,,984849,,2026-04-17T15:23:11.597950,LoopNet API,40060393,"[[-77.605212, 43.196182]]",2373,Multi-Family
,,,313519,,2026-04-17T15:23:11.597953,LoopNet API,40044603,"[[-77.594262, 43.154185]]",4993,Multi-Family
,,,1388468,,2026-04-17T15:23:11.597956,LoopNet API,39690768,"[[-77.636795, 43.199908]]",1635,Retail
,,,336808,,2026-04-17T15:23:11.597959,LoopNet API,39135136,"[[-77.450523, 43.107187]]",1893,Retail
,,,767955,,2026-04-17T15:23:11.597962,LoopNet API,38658005,"[[-77.649384, 43.161883]]",1562,Office
,,,1941026,,2026-04-17T15:23:11.597966,LoopNet API,37835183,"[[-77.689202, 43.184202]]",1895,Industrial
,,,185627,,2026-04-17T15:23:11.597970,LoopNet API,37802144,"[[-77.729757, 43.216637]]",4281,Multi-Family
,,,1545337,,2026-04-17T15:23:11.597973,LoopNet API,37672628,"[[-77.58338, 43.161273]]",888,Industrial
,,,1091358,,2026-04-17T15:23:11.597976,LoopNet API,36753479,"[[-77.609031, 43.188089]]",2697,Industrial
,,,490360,,2026-04-17T15:23:11.597979,LoopNet API,34615563,"[[-77.606169, 43.123466]]",4498,Office
,,,477592,,2026-04-17T15:23:11.597982,LoopNet API,33967070,"[[-77.600692, 43.090541]]",3082,Multi-Family
,,,1029375,,2026-04-17T15:23:11.597985,LoopNet API,33594054,"[[-77.59515, 43.197256]]",3191,Retail
,,,1793041,,2026-04-17T15:23:11.597988,LoopNet API,33563624,"[[-77.670594, 43.205411]]",2642,Retail
,,,853090,,2026-04-17T15:23:11.597991,LoopNet API,31365120,"[[-77.617893, 43.104205]]",622,Multi-Family
,,,960274,,2026-04-17T15:23:11.597994,LoopNet API,31072254,"[[-77.672354, 43.208394]]",964,Multi-Family
,,,724647,,2026-04-17T15:23:11.597997,LoopNet API,29679893,"[[-77.625991, 43.083275]]",1710,Multi-Family
,,,127619,,2026-04-17T15:23:11.598001,LoopNet API,27340026,"[[-77.596171, 43.094725]]",4166,Industrial
,,,981672,,2026-04-17T15:23:11.598004,LoopNet API,25423067,"[[-77.660068, 43.189489]]",2829,Multi-Family
,,,520799,,2026-04-17T15:23:11.598007,LoopNet API,39240335,"[[-77.626972, 43.266573]]",4174,Industrial
,,,1976458,,2026-04-17T15:23:11.598010,LoopNet API,38506503,"[[-77.722156, 43.147954]]",3016,Industrial
,,,1727606,,2026-04-17T15:23:11.598013,LoopNet API,39688759,"[[-77.491895, 43.134963]]",2761,Multi-Family
,,,1227846,,2026-04-17T15:23:11.598017,LoopNet API,40164406,"[[-77.556701, 43.119693]]",4768,Office
,,,579280,,2026-04-17T15:23:11.598020,LoopNet API,40147316,"[[-77.641461, 43.262428]]",4582,Industrial
,,,1016948,,2026-04-17T15:23:11.598023,LoopNet API,40044964,"[[-77.601405, 43.208899]]",881,Retail
,,,327798,,2026-04-17T15:23:11.598026,LoopNet API,39935759,"[[-77.59466, 43.158984]]",1920,Office
,,,1107701,,2026-04-17T15:23:11.598030,LoopNet API,39922564,"[[-77.629057, 43.164435]]",4341,Industrial
,,,231273,,2026-04-17T15:23:11.598033,LoopNet API,39893735,"[[-77.660457, 43.193003]]",2083,Office
,,,1143897,,2026-04-17T15:23:11.598036,LoopNet API,39494236,"[[-77.666297, 43.150598]]",4191,Industrial
,,,605640,,2026-04-17T15:23:11.598039,LoopNet API,39493768,"[[-77.652739, 43.183327]]",1395,Multi-Family
,,,1366827,,2026-04-17T15:23:11.598046,LoopNet API,39179151,"[[-77.637042, 43.21747]]",883,Office
,,,1554879,,2026-04-17T15:23:11.598050,LoopNet API,39135313,"[[-77.59963, 43.147174]]",2934,Multi-Family
,,,1838463,,2026-04-17T15:23:11.598053,LoopNet API,38805754,"[[-77.609516, 43.159373], [-77.60937, 43.159498], [-77.609022, 43.159498]]",3075,Retail
,,,511702,,2026-04-17T15:23:11.598056,LoopNet API,38672790,"[[-77.695841, 43.252085]]",2273,Retail
,,,256163,,2026-04-17T15:23:11.598059,LoopNet API,38658813,"[[-77.62946, 43.144108]]",2606,Multi-Family
,,,1816834,,2026-04-17T15:23:11.598062,LoopNet API,38657835,"[[-77.680431, 43.165312]]",3378,Multi-Family
,,,1268960,,2026-04-17T15:23:11.598065,LoopNet API,38642840,"[[-77.63687, 43.178827], [-77.642536, 43.179533], [-77.642392, 43.179532], [-77.62665, 43.14951], [-77.62825, 43.15788], [-77.60167, 43.17348], [-77.64267, 43.17865], [-77.574784, 43.159554], [-77.642874, 43.178356], [-77.64269, 43.17833], [-77.648616, 43.175477]]",3819,Retail
,,,250588,,2026-04-17T15:23:11.598068,LoopNet API,38349243,"[[-77.630426, 43.152136]]",4363,Industrial
,,,1998565,,2026-04-17T15:23:11.598071,LoopNet API,38172504,"[[-77.681036, 43.16491]]",2125,Office
,,,1654125,,2026-04-17T15:23:11.598075,LoopNet API,37635578,"[[-77.605897, 43.163075]]",1346,Industrial
,,,162553,,2026-04-17T15:23:11.598078,LoopNet API,37597791,"[[-77.622107, 43.237705], [-77.650804, 43.149728], [-77.621603, 43.239027]]",3946,Multi-Family
,,,273061,,2026-04-17T15:23:11.598081,LoopNet API,36720805,"[[-77.507789, 43.181558]]",1195,Retail
,,,303401,,2026-04-17T15:23:11.598084,LoopNet API,36541756,"[[-77.609937, 43.162058]]",3349,Industrial
,,,1351101,,2026-04-17T15:23:11.598087,LoopNet API,35743582,"[[-77.552951, 43.1471]]",4711,Multi-Family
,,,1537439,,2026-04-17T15:23:11.598090,LoopNet API,35635912,"[[-77.663813, 43.204382]]",3239,Office
,,,1204717,,2026-04-17T15:23:11.598093,LoopNet API,33820009,"[[-77.599713, 43.172094]]",4628,Retail
,,,319555,,2026-04-17T15:23:11.598097,LoopNet API,33012857,"[[-77.750032, 43.254493]]",3772,Multi-Family
,,,1177411,,2026-04-17T15:23:11.598100,LoopNet API,32888406,"[[-77.658047, 43.128951]]",3860,Multi-Family
,,,1189310,,2026-04-17T15:23:11.598103,LoopNet API,31278281,"[[-77.614263, 43.17995]]",1127,Retail
,,,771583,,2026-04-17T15:23:11.598106,LoopNet API,28535219,"[[-77.640383, 43.058454]]",3330,Office
,,,1058104,,2026-04-17T15:23:11.598109,LoopNet API,25194189,"[[-77.5988, 43.20861]]",564,Retail
,,,963768,,2026-04-17T15:23:11.598112,LoopNet API,37336938,"[[-77.68565, 43.186082]]",3014,Office
,,,1675805,,2026-04-17T15:23:11.598115,LoopNet API,29771223,"[[-77.599426, 43.193142], [-77.599521, 43.192894], [-77.599646, 43.193356]]",2407,Industrial
,,,760883,,2026-04-17T15:23:11.598118,LoopNet API,25271303,"[[-77.652613, 43.187679]]",571,Retail
,,,1156845,,2026-04-17T15:23:11.598122,LoopNet API,15015949,"[[-77.43438, 43.15122]]",4012,Multi-Family
,,,1250687,,2026-04-17T15:23:11.598125,LoopNet API,37144799,"[[-77.445522, 43.127799], [-77.446778, 43.126919]]",954,Industrial
,,,571326,,2026-04-17T16:08:20.549595,LoopNet API,40167211,"[[-77.562736, 43.200697]]",2469,Office
,,,1000494,,2026-04-17T16:08:20.549605,LoopNet API,40165640,"[[-77.628225, 43.172969]]",4387,Industrial
,,,486302,,2026-04-17T16:08:20.549608,LoopNet API,40148504,"[[-77.600309, 43.15064], [-77.600497, 43.150705]]",2260,Multi-Family
,,,1480904,,2026-04-17T16:08:20.549610,LoopNet API,40078420,"[[-77.573042, 43.160413]]",4913,Retail
,,,513075,,2026-04-17T16:08:20.549612,LoopNet API,40043513,"[[-77.6065, 43.11427]]",1976,Industrial
,,,1119509,,2026-04-17T16:08:20.549614,LoopNet API,39993415,"[[-77.611223, 43.160168]]",2744,Office
,,,447336,,2026-04-17T16:08:20.549615,LoopNet API,39915284,"[[-77.607737, 43.15959]]",2446,Retail
,,,684324,,2026-04-17T16:08:20.549617,LoopNet API,39871963,"[[-77.61928, 43.103326]]",4526,Office
,,,273706,,2026-04-17T16:08:20.549619,LoopNet API,39854150,"[[-77.606577, 43.071999]]",697,Industrial
,,,214629,,2026-04-17T16:08:20.549621,LoopNet API,39817288,"[[-77.630988, 43.19586]]",4922,Industrial
,,,1479621,,2026-04-17T16:08:20.549622,LoopNet API,39712189,"[[-77.678778, 43.108532]]",2749,Multi-Family
,,,1232389,,2026-04-17T16:08:20.549624,LoopNet API,39625204,"[[-77.7088, 43.146607]]",4066,Retail
,,,1925983,,2026-04-17T16:08:20.549626,LoopNet API,39616616,"[[-77.696694, 43.183124]]",3918,Industrial
,,,1942596,,2026-04-17T16:08:20.549628,LoopNet API,39602403,"[[-77.452169, 43.208601]]",3655,Multi-Family
,,,1507534,,2026-04-17T16:08:20.549629,LoopNet API,39577570,"[[-77.732154, 43.217996]]",4469,Industrial
,,,1262000,,2026-04-17T16:08:20.549630,LoopNet API,39558241,"[[-77.486755, 43.079174]]",782,Office
,,,1763571,,2026-04-17T16:08:20.549632,LoopNet API,39432321,"[[-77.603237, 43.115479]]",3867,Office
,,,1034099,,2026-04-17T16:08:20.549634,LoopNet API,39402981,"[[-77.569621, 43.201708]]",2022,Industrial
,,,694769,,2026-04-17T16:08:20.549635,LoopNet API,39388644,"[[-77.583062, 43.163556]]",3619,Multi-Family
,,,854780,,2026-04-17T16:08:20.549637,LoopNet API,39322261,"[[-77.628546, 43.135555], [-77.62244, 43.13992], [-77.62866, 43.13642], [-77.64013, 43.12885]]",2133,Multi-Family
,,,558196,,2026-04-17T16:08:20.549638,LoopNet API,39317559,"[[-77.652737, 43.184384]]",4180,Office
,,,363978,,2026-04-17T16:08:20.549639,LoopNet API,39302800,"[[-77.687407, 43.208923]]",4774,Office
,,,1188240,,2026-04-17T16:08:20.549641,LoopNet API,39270340,"[[-77.596377, 43.140599], [-77.595678, 43.140665], [-77.596294, 43.140951], [-77.596385, 43.140912], [-77.596329, 43.140442]]",4813,Multi-Family
,,,1938213,,2026-04-17T16:08:20.549642,LoopNet API,39265429,"[[-77.579476, 43.138666]]",3795,Retail
,,,666954,,2026-04-17T16:08:20.549643,LoopNet API,39265207,"[[-77.579987, 43.150797]]",3233,Industrial
,,,723779,,2026-04-17T16:08:20.549645,LoopNet API,39228650,"[[-77.615279, 43.101188]]",4217,Office
,,,530494,,2026-04-17T16:08:20.549646,LoopNet API,39172088,"[[-77.674289, 43.111963]]",1181,Multi-Family
,,,1752764,,2026-04-17T16:08:20.549647,LoopNet API,39113038,"[[-77.641053, 43.146858]]",4574,Industrial
,,,1070316,,2026-04-17T16:08:20.549649,LoopNet API,39108272,"[[-77.63549, 43.154894]]",2221,Industrial
,,,1677693,,2026-04-17T16:08:20.549650,LoopNet API,39082310,"[[-77.607652, 43.180298]]",2572,Office
,,,1199855,,2026-04-17T16:08:20.549651,LoopNet API,39042100,"[[-77.632072, 43.179548]]",3580,Retail
,,,907407,,2026-04-17T16:08:20.549652,LoopNet API,39031619,"[[-77.559786, 43.169987]]",4580,Industrial
,,,167436,,2026-04-17T16:08:20.549654,LoopNet API,39029056,"[[-77.629854, 43.253288]]",1121,Office
,,,238825,,2026-04-17T16:08:20.549655,LoopNet API,38834356,"[[-77.581409, 43.161119]]",1825,Office
,,,322432,,2026-04-17T16:08:20.549657,LoopNet API,38816016,"[[-77.66101, 43.149414]]",4555,Industrial
,,,395614,,2026-04-17T16:08:20.549658,LoopNet API,38794915,"[[-77.651745, 43.145283]]",3366,Industrial
,,,1046459,,2026-04-17T16:08:20.549659,LoopNet API,38693769,"[[-77.642082, 43.222331]]",4057,Office
,,,596374,,2026-04-17T16:08:20.549660,LoopNet API,38636419,"[[-77.626949, 43.16643], [-77.600855, 43.173812]]",1202,Industrial
,,,1595073,,2026-04-17T16:08:20.549662,LoopNet API,38636410,"[[-77.661895, 43.046676]]",1042,Multi-Family
,,,1821027,,2026-04-17T16:08:20.549663,LoopNet API,38610227,"[[-77.564976, 43.14901]]",4131,Retail
,,,985916,,2026-04-17T16:08:20.549664,LoopNet API,38553022,"[[-77.599309, 43.157494]]",4955,Multi-Family
,,,1571513,,2026-04-17T16:08:20.549666,LoopNet API,38530756,"[[-77.59832, 43.159179]]",4999,Industrial
,,,354827,,2026-04-17T16:08:20.549667,LoopNet API,38530691,"[[-77.599626, 43.159095]]",1839,Multi-Family
,,,198978,,2026-04-17T16:08:20.549668,LoopNet API,38500653,"[[-77.59903, 43.142998]]",1845,Industrial
,,,1196438,,2026-04-17T16:08:20.549670,LoopNet API,38455770,"[[-77.63365, 43.197508]]",2548,Retail
,,,1475789,,2026-04-17T16:08:20.549671,LoopNet API,38433685,"[[-77.509827, 43.178265]]",4190,Retail
,,,496214,,2026-04-17T16:08:20.549672,LoopNet API,38423222,"[[-77.670455, 43.205365]]",4179,Retail
,,,1045813,,2026-04-17T16:08:20.549673,LoopNet API,38391803,"[[-77.69616, 43.221334]]",1688,Office
,,,1648734,,2026-04-17T16:08:20.549674,LoopNet API,38357735,"[[-77.61102, 43.25571]]",4055,Retail
,,,108080,,2026-04-17T16:08:20.549676,LoopNet API,38353121,"[[-77.487226, 43.118583]]",3826,Office
,,,361843,,2026-04-17T16:08:20.549677,LoopNet API,38337053,"[[-77.736792, 43.182119]]",2265,Retail
,,,1867051,,2026-04-17T16:08:20.549678,LoopNet API,38306416,"[[-77.618951, 43.10377], [-77.619241, 43.104197]]",3690,Multi-Family
,,,515098,,2026-04-17T16:08:20.549679,LoopNet API,38263561,"[[-77.66493, 43.131087]]",4390,Office
,,,1607269,,2026-04-17T16:08:20.549681,LoopNet API,38226122,"[[-77.641095, 43.201649]]",1243,Industrial
,,,1504231,,2026-04-17T16:08:20.549682,LoopNet API,38223668,"[[-77.508242, 43.18241]]",1009,Multi-Family
,,,171862,,2026-04-17T16:08:20.549683,LoopNet API,37994174,"[[-77.675616, 43.037633]]",4190,Retail
,,,1875127,,2026-04-17T16:08:20.549684,LoopNet API,37974523,"[[-77.606928, 43.160039]]",4318,Industrial
,,,1646006,,2026-04-17T16:08:20.549686,LoopNet API,37938064,"[[-77.609412, 43.159125]]",1122,Industrial
,,,1248828,,2026-04-17T16:08:20.549687,LoopNet API,37863022,"[[-77.66444, 43.13292]]",3026,Retail
,,,186660,,2026-04-17T16:08:20.549688,LoopNet API,37840949,"[[-77.607784, 43.14062]]",984,Industrial
,,,655733,,2026-04-17T16:08:20.549689,LoopNet API,37766162,"[[-77.659114, 43.15824]]",2944,Office
,,,462671,,2026-04-17T16:08:20.549691,LoopNet API,37685380,"[[-77.640861, 43.080778]]",1243,Office
,,,1186457,,2026-04-17T16:08:20.549692,LoopNet API,37564679,"[[-77.601539, 43.089175], [-77.602465, 43.089255]]",3670,Industrial
,,,972997,,2026-04-17T16:08:20.549693,LoopNet API,37405107,"[[-77.654446, 43.055679]]",1978,Industrial
,,,1993119,,2026-04-17T16:08:20.549694,LoopNet API,37029121,"[[-77.704267, 43.185293]]",3669,Industrial
,,,273623,,2026-04-17T16:08:20.549696,LoopNet API,36911005,"[[-77.665334, 43.133994]]",3814,Multi-Family
,,,1126284,,2026-04-17T16:08:20.549697,LoopNet API,36845807,"[[-77.521768, 43.091687]]",3620,Retail
,,,1095871,,2026-04-17T16:08:20.549698,LoopNet API,36712607,"[[-77.625163, 43.164318]]",4629,Industrial
,,,377882,,2026-04-17T16:08:20.549699,LoopNet API,36694513,"[[-77.618797, 43.102607]]",736,Retail
,,,1057047,,2026-04-17T16:08:20.549701,LoopNet API,36693922,"[[-77.618859, 43.102351]]",2118,Industrial
,,,1721305,,2026-04-17T16:08:20.549702,LoopNet API,36611613,"[[-77.628904, 43.174154]]",1201,Multi-Family
,,,1731000,,2026-04-17T16:08:20.549703,LoopNet API,36398849,"[[-77.581112, 43.0941]]",2085,Office
,,,432951,,2026-04-17T16:08:20.549704,LoopNet API,35789458,"[[-77.710627, 43.146659]]",2972,Retail
,,,1658331,,2026-04-17T16:08:20.549705,LoopNet API,35561380,"[[-77.603447, 43.147115]]",3625,Office
,,,850273,,2026-04-17T16:08:20.549707,LoopNet API,35029105,"[[-77.593411, 43.12617]]",3905,Industrial
,,,735685,,2026-04-17T16:08:20.549708,LoopNet API,34615706,"[[-77.631762, 43.087828]]",2661,Industrial
,,,1937955,,2026-04-17T16:08:20.549709,LoopNet API,34483921,"[[-77.628616, 43.135441]]",4570,Industrial
,,,700188,,2026-04-17T16:08:20.549711,LoopNet API,33831590,"[[-77.761502, 43.097409]]",4990,Industrial
,,,483739,,2026-04-17T16:08:20.549712,LoopNet API,33830092,"[[-77.734078, 43.095041]]",4189,Industrial
,,,1853682,,2026-04-17T16:08:20.549714,LoopNet API,33162249,"[[-77.611413, 43.155727]]",4568,Retail
,,,831980,,2026-04-17T16:08:20.549721,LoopNet API,33041169,"[[-77.593028, 43.146437]]",1102,Multi-Family
,,,736964,,2026-04-17T16:08:20.549734,LoopNet API,32968464,"[[-77.589541, 43.144419]]",4621,Industrial
,,,1024456,,2026-04-17T16:08:20.549735,LoopNet API,32876301,"[[-77.693209, 43.210131]]",4501,Office
,,,846844,,2026-04-17T16:08:20.549737,LoopNet API,32654787,"[[-77.650142, 43.135638]]",4070,Office
,,,241872,,2026-04-17T16:08:20.549738,LoopNet API,32554456,"[[-77.615191, 43.159897]]",4031,Office
,,,1371872,,2026-04-17T16:08:20.549739,LoopNet API,32378445,"[[-77.665955, 43.259908]]",2146,Industrial
,,,583257,,2026-04-17T16:08:20.549741,LoopNet API,32108855,"[[-77.561308, 43.204157]]",3841,Multi-Family
,,,245447,,2026-04-17T16:08:20.549742,LoopNet API,31478200,"[[-77.673524, 43.109445]]",3581,Industrial
,,,1132583,,2026-04-17T16:08:20.549743,LoopNet API,31300848,"[[-77.455286, 43.209852]]",1914,Multi-Family
,,,381005,,2026-04-17T16:08:20.549744,LoopNet API,30644543,"[[-77.623535, 43.147484]]",4505,Industrial
,,,1264269,,2026-04-17T16:08:20.549746,LoopNet API,29800269,"[[-77.5831, 43.092362]]",963,Industrial
,,,1058113,,2026-04-17T16:08:20.549747,LoopNet API,29057874,"[[-77.636271, 43.0941]]",4386,Office
,,,830578,,2026-04-17T16:08:20.549748,LoopNet API,28764317,"[[-74.193444, 40.921858], [-77.656597, 43.11786]]",1706,Multi-Family
,,,1862990,,2026-04-17T16:08:20.549750,LoopNet API,28639149,"[[-77.620477, 43.086632]]",4286,Multi-Family
,,,173991,,2026-04-17T16:08:20.549752,LoopNet API,28431245,"[[-77.587104, 43.18259]]",3123,Office
,,,1955396,,2026-04-17T16:08:20.549753,LoopNet API,27373913,"[[-77.616208, 43.068077]]",2291,Industrial
,,,483601,,2026-04-17T16:08:20.549754,LoopNet API,25607807,"[[-77.561877, 43.175906]]",1815,Office
,,,1887345,,2026-04-17T16:08:20.549756,LoopNet API,25060286,"[[-77.731417, 43.213995]]",4422,Retail
,,,1855019,,2026-04-17T16:08:20.549757,LoopNet API,24504892,"[[-77.602434, 43.161704]]",3629,Office
,,,1242496,,2026-04-17T16:08:20.549758,LoopNet API,22039846,"[[-77.711586, 43.210741]]",4270,Retail
,,,827264,,2026-04-17T16:08:20.549760,LoopNet API,18800479,"[[-77.697693, 43.105656]]",4131,Industrial
,,,394985,,2026-04-17T16:08:20.549761,LoopNet API,16334777,"[[-77.735362, 43.214659]]",1448,Office
,,,1049695,,2026-04-17T16:08:20.549762,LoopNet API,9282621,"[[-77.66594, 43.014168]]",4860,Retail
,,,1659684,,2026-04-17T16:08:20.549764,LoopNet API,40060772,"[[-77.58537, 43.190654]]",3343,Industrial
,,,353174,,2026-04-17T16:08:20.549765,LoopNet API,40060393,"[[-77.605212, 43.196182]]",3217,Office
,,,1503396,,2026-04-17T16:08:20.549766,LoopNet API,40044603,"[[-77.594262, 43.154185]]",1904,Multi-Family
,,,179969,,2026-04-17T16:08:20.549768,LoopNet API,39690768,"[[-77.636795, 43.199908]]",2918,Retail
,,,1601536,,2026-04-17T16:08:20.549769,LoopNet API,39135136,"[[-77.450523, 43.107187]]",4534,Retail
,,,296568,,2026-04-17T16:08:20.549770,LoopNet API,38658005,"[[-77.649384, 43.161883]]",1435,Industrial
,,,1745422,,2026-04-17T16:08:20.549772,LoopNet API,37835183,"[[-77.689202, 43.184202]]",1268,Retail
,,,1607207,,2026-04-17T16:08:20.549773,LoopNet API,37802144,"[[-77.729757, 43.216637]]",4732,Office
,,,1206397,,2026-04-17T16:08:20.549774,LoopNet API,37672628,"[[-77.58338, 43.161273]]",4636,Industrial
,,,1416452,,2026-04-17T16:08:20.549776,LoopNet API,36753479,"[[-77.609031, 43.188089]]",3075,Retail
,,,452574,,2026-04-17T16:08:20.549777,LoopNet API,34615563,"[[-77.606169, 43.123466]]",4056,Multi-Family
,,,1599927,,2026-04-17T16:08:20.549778,LoopNet API,33967070,"[[-77.600692, 43.090541]]",1048,Office
,,,1378133,,2026-04-17T16:08:20.549780,LoopNet API,33594054,"[[-77.59515, 43.197256]]",1575,Retail
,,,1444169,,2026-04-17T16:08:20.549781,LoopNet API,33563624,"[[-77.670594, 43.205411]]",4332,Office
,,,163284,,2026-04-17T16:08:20.549782,LoopNet API,31365120,"[[-77.617893, 43.104205]]",4837,Industrial
,,,1624888,,2026-04-17T16:08:20.549784,LoopNet API,31072254,"[[-77.672354, 43.208394]]",4797,Office
,,,385195,,2026-04-17T16:08:20.549785,LoopNet API,29679893,"[[-77.625991, 43.083275]]",1050,Industrial
,,,1576084,,2026-04-17T16:08:20.549786,LoopNet API,27340026,"[[-77.596171, 43.094725]]",730,Office
,,,508357,,2026-04-17T16:08:20.549788,LoopNet API,25423067,"[[-77.660068, 43.189489]]",1916,Office
,,,204056,,2026-04-17T16:08:20.549789,LoopNet API,39240335,"[[-77.626972, 43.266573]]",2621,Multi-Family
,,,796806,,2026-04-17T16:08:20.549790,LoopNet API,38506503,"[[-77.722156, 43.147954]]",4154,Industrial
,,,466864,,2026-04-17T16:08:20.549792,LoopNet API,39688759,"[[-77.491895, 43.134963]]",516,Industrial
,,,1641296,,2026-04-17T16:08:20.549793,LoopNet API,40164406,"[[-77.556701, 43.119693]]",1616,Industrial
,,,1452873,,2026-04-17T16:08:20.549794,LoopNet API,40147316,"[[-77.641461, 43.262428]]",2499,Office
,,,192534,,2026-04-17T16:08:20.549795,LoopNet API,40044964,"[[-77.601405, 43.208899]]",1656,Industrial
,,,1658569,,2026-04-17T16:08:20.549796,LoopNet API,39935759,"[[-77.59466, 43.158984]]",2502,Office
,,,1720060,,2026-04-17T16:08:20.549798,LoopNet API,39922564,"[[-77.629057, 43.164435]]",620,Office
,,,656210,,2026-04-17T16:08:20.549799,LoopNet API,39893735,"[[-77.660457, 43.193003]]",2723,Retail
,,,1941867,,2026-04-17T16:08:20.549803,LoopNet API,39494236,"[[-77.666297, 43.150598]]",4571,Multi-Family
,,,1605075,,2026-04-17T16:08:20.549804,LoopNet API,39493768,"[[-77.652739, 43.183327]]",1148,Industrial
,,,159796,,2026-04-17T16:08:20.549806,LoopNet API,39179151,"[[-77.637042, 43.21747]]",669,Retail
,,,534324,,2026-04-17T16:08:20.549807,LoopNet API,39135313,"[[-77.59963, 43.147174]]",1575,Retail
,,,481056,,2026-04-17T16:08:20.549808,LoopNet API,38805754,"[[-77.609516, 43.159373], [-77.60937, 43.159498], [-77.609022, 43.159498]]",4176,Office
,,,1923964,,2026-04-17T16:08:20.549830,LoopNet API,38672790,"[[-77.695841, 43.252085]]",4938,Office
,,,1645939,,2026-04-17T16:08:20.549833,LoopNet API,38658813,"[[-77.62946, 43.144108]]",4326,Retail
,,,1490544,,2026-04-17T16:08:20.549834,LoopNet API,38657835,"[[-77.680431, 43.165312]]",3961,Multi-Family
,,,1085938,,2026-04-17T16:08:20.549835,LoopNet API,38642840,"[[-77.63687, 43.178827], [-77.642536, 43.179533], [-77.642392, 43.179532], [-77.62665, 43.14951], [-77.62825, 43.15788], [-77.60167, 43.17348], [-77.64267, 43.17865], [-77.574784, 43.159554], [-77.642874, 43.178356], [-77.64269, 43.17833], [-77.648616, 43.175477]]",3082,Office
,,,523022,,2026-04-17T16:08:20.549837,LoopNet API,38349243,"[[-77.630426, 43.152136]]",1315,Retail
,,,1033827,,2026-04-17T16:08:20.549838,LoopNet API,38172504,"[[-77.681036, 43.16491]]",1814,Multi-Family
,,,1474290,,2026-04-17T16:08:20.549840,LoopNet API,37635578,"[[-77.605897, 43.163075]]",3784,Office
,,,856262,,2026-04-17T16:08:20.549841,LoopNet API,37597791,"[[-77.622107, 43.237705], [-77.650804, 43.149728], [-77.621603, 43.239027]]",2597,Retail
,,,862827,,2026-04-17T16:08:20.549842,LoopNet API,36720805,"[[-77.507789, 43.181558]]",3599,Industrial
,,,1716534,,2026-04-17T16:08:20.549844,LoopNet API,36541756,"[[-77.609937, 43.162058]]",1365,Office
,,,1863476,,2026-04-17T16:08:20.549845,LoopNet API,35743582,"[[-77.552951, 43.1471]]",1674,Multi-Family
,,,1757896,,2026-04-17T16:08:20.549846,LoopNet API,35635912,"[[-77.663813, 43.204382]]",2661,Industrial
,,,1107020,,2026-04-17T16:08:20.549847,LoopNet API,33820009,"[[-77.599713, 43.172094]]",2167,Retail
,,,227598,,2026-04-17T16:08:20.549849,LoopNet API,33012857,"[[-77.750032, 43.254493]]",4379,Retail
,,,1226191,,2026-04-17T16:08:20.549851,LoopNet API,32888406,"[[-77.658047, 43.128951]]",2751,Retail
,,,1690631,,2026-04-17T16:08:20.549852,LoopNet API,31278281,"[[-77.614263, 43.17995]]",887,Industrial
,,,1302804,,2026-04-17T16:08:20.549853,LoopNet API,28535219,"[[-77.640383, 43.058454]]",4001,Multi-Family
,,,648600,,2026-04-17T16:08:20.549854,LoopNet API,25194189,"[[-77.5988, 43.20861]]",1376,Office
,,,1064633,,2026-04-17T16:08:20.549856,LoopNet API,37336938,"[[-77.68565, 43.186082]]",3605,Retail
,,,1354414,,2026-04-17T16:08:20.549857,LoopNet API,29771223,"[[-77.599426, 43.193142], [-77.599521, 43.192894], [-77.599646, 43.193356]]",1068,Industrial
,,,1236547,,2026-04-17T16:08:20.549858,LoopNet API,25271303,"[[-77.652613, 43.187679]]",3540,Office
,,,1048116,,2026-04-17T16:08:20.549860,LoopNet API,15015949,"[[-77.43438, 43.15122]]",1944,Office
,,,246611,,2026-04-17T16:08:20.549861,LoopNet API,37144799,"[[-77.445522, 43.127799], [-77.446778, 43.126919]]",4634,Multi-Family
,,,338061,,2026-04-24T17:49:28.209779,LoopNet API,39893735,"[[-77.660457, 43.193003]]",3078,Industrial
,,,961902,,2026-04-24T17:49:28.209792,LoopNet API,35580945,"[[-77.58521, 43.099027], [-77.615191, 43.159897], [-77.597745, 43.114269]]",2023,Retail
,,,225074,,2026-04-24T17:49:28.209796,LoopNet API,40249018,"[[-77.430051, 43.212429]]",1963,Retail
,,,1348462,,2026-04-24T17:49:28.209798,LoopNet API,40248577,"[[-77.560017, 43.156468]]",1933,Multi-Family
,,,1078833,,2026-04-24T17:49:28.209800,LoopNet API,40196679,"[[-77.652427, 43.152328]]",2701,Multi-Family
,,,1136877,,2026-04-24T17:49:28.209803,LoopNet API,40167211,"[[-77.562736, 43.200697]]",1475,Retail
,,,1788750,,2026-04-24T17:49:28.209805,LoopNet API,40165640,"[[-77.628225, 43.172969]]",3425,Multi-Family
,,,400364,,2026-04-24T17:49:28.209807,LoopNet API,40148504,"[[-77.600309, 43.15064], [-77.600497, 43.150705]]",618,Industrial
,,,1674391,,2026-04-24T17:49:28.209809,LoopNet API,40078420,"[[-77.573042, 43.160413]]",1018,Office
,,,536714,,2026-04-24T17:49:28.209812,LoopNet API,40043513,"[[-77.6065, 43.11427]]",3045,Office
,,,1000808,,2026-04-24T17:49:28.209814,LoopNet API,39993415,"[[-77.611223, 43.160168]]",560,Office
,,,969808,,2026-04-24T17:49:28.209816,LoopNet API,39915284,"[[-77.607737, 43.15959]]",2522,Retail
,,,829200,,2026-04-24T17:49:28.209818,LoopNet API,39871963,"[[-77.61928, 43.103326]]",4254,Industrial
,,,1209644,,2026-04-24T17:49:28.209820,LoopNet API,39817288,"[[-77.630988, 43.19586]]",3795,Retail
,,,1093913,,2026-04-24T17:49:28.209822,LoopNet API,39712189,"[[-77.678778, 43.108532]]",2484,Multi-Family
,,,1649838,,2026-04-24T17:49:28.209824,LoopNet API,39625204,"[[-77.7088, 43.146607]]",3853,Retail
,,,667306,,2026-04-24T17:49:28.209826,LoopNet API,39616616,"[[-77.696694, 43.183124]]",1159,Retail
,,,171561,,2026-04-24T17:49:28.209828,LoopNet API,39602403,"[[-77.452169, 43.208601]]",2023,Office
,,,910674,,2026-04-24T17:49:28.209830,LoopNet API,39577570,"[[-77.732154, 43.217996]]",1964,Multi-Family
,,,130260,,2026-04-24T17:49:28.209832,LoopNet API,39558241,"[[-77.486755, 43.079174]]",3622,Multi-Family
,,,275863,,2026-04-24T17:49:28.209834,LoopNet API,39432321,"[[-77.603237, 43.115479]]",2960,Office
,,,400996,,2026-04-24T17:49:28.209836,LoopNet API,39402981,"[[-77.569621, 43.201708]]",4335,Retail
,,,211155,,2026-04-24T17:49:28.209837,LoopNet API,39388644,"[[-77.583062, 43.163556]]",1251,Industrial
,,,1859315,,2026-04-24T17:49:28.209839,LoopNet API,39322261,"[[-77.628546, 43.135555], [-77.62244, 43.13992], [-77.62866, 43.13642], [-77.64013, 43.12885]]",696,Industrial
,,,1019630,,2026-04-24T17:49:28.209841,LoopNet API,39317559,"[[-77.652737, 43.184384]]",4004,Retail
,,,1213668,,2026-04-24T17:49:28.209842,LoopNet API,39302800,"[[-77.687407, 43.208923]]",1126,Office
,,,404775,,2026-04-24T17:49:28.209844,LoopNet API,39270340,"[[-77.596377, 43.140599], [-77.595678, 43.140665], [-77.596294, 43.140951], [-77.596385, 43.140912], [-77.596329, 43.140442]]",3958,Retail
,,,1675561,,2026-04-24T17:49:28.209846,LoopNet API,39265429,"[[-77.579476, 43.138666]]",3941,Industrial
,,,1745369,,2026-04-24T17:49:28.209848,LoopNet API,39265207,"[[-77.579987, 43.150797]]",2176,Industrial
,,,413543,,2026-04-24T17:49:28.209849,LoopNet API,39228650,"[[-77.615279, 43.101188]]",4151,Multi-Family
,,,1492253,,2026-04-24T17:49:28.209851,LoopNet API,39172088,"[[-77.674289, 43.111963]]",4856,Retail
,,,1195299,,2026-04-24T17:49:28.209853,LoopNet API,39113038,"[[-77.641053, 43.146858]]",3774,Retail
,,,1824676,,2026-04-24T17:49:28.209854,LoopNet API,39108272,"[[-77.63549, 43.154894]]",3623,Multi-Family
,,,1604445,,2026-04-24T17:49:28.209856,LoopNet API,39082310,"[[-77.607652, 43.180298]]",916,Industrial
,,,805805,,2026-04-24T17:49:28.209858,LoopNet API,39042100,"[[-77.632072, 43.179548]]",1021,Office
,,,536221,,2026-04-24T17:49:28.209860,LoopNet API,39031619,"[[-77.559786, 43.169987]]",2950,Retail
,,,1474618,,2026-04-24T17:49:28.209861,LoopNet API,39029056,"[[-77.629854, 43.253288]]",3349,Office
,,,441919,,2026-04-24T17:49:28.209863,LoopNet API,38905443,"[[-77.586462, 43.163805]]",3261,Office
,,,582593,,2026-04-24T17:49:28.209865,LoopNet API,38834356,"[[-77.581409, 43.161119]]",1154,Multi-Family
,,,1371623,,2026-04-24T17:49:28.209867,LoopNet API,38816016,"[[-77.66101, 43.149414]]",697,Industrial
,,,1516904,,2026-04-24T17:49:28.209868,LoopNet API,38794915,"[[-77.651745, 43.145283]]",3014,Multi-Family
,,,1607679,,2026-04-24T17:49:28.209870,LoopNet API,38693769,"[[-77.642082, 43.222331]]",946,Multi-Family
,,,1928851,,2026-04-24T17:49:28.209872,LoopNet API,38636419,"[[-77.626949, 43.16643], [-77.600855, 43.173812]]",4395,Retail
,,,107613,,2026-04-24T17:49:28.209874,LoopNet API,38636410,"[[-77.661895, 43.046676]]",3055,Multi-Family
,,,1553930,,2026-04-24T17:49:28.209875,LoopNet API,38610227,"[[-77.564976, 43.14901]]",2543,Office
,,,1058991,,2026-04-24T17:49:28.209877,LoopNet API,38553022,"[[-77.599309, 43.157494]]",1788,Industrial
,,,1965895,,2026-04-24T17:49:28.209879,LoopNet API,38530756,"[[-77.59832, 43.159179]]",838,Retail
,,,287358,,2026-04-24T17:49:28.209880,LoopNet API,38530691,"[[-77.599626, 43.159095]]",1575,Office
,,,526090,,2026-04-24T17:49:28.209882,LoopNet API,38500653,"[[-77.59903, 43.142998]]",2343,Retail
,,,630583,,2026-04-24T17:49:28.209884,LoopNet API,38455770,"[[-77.63365, 43.197508]]",1169,Retail
,,,742424,,2026-04-24T17:49:28.209885,LoopNet API,38433685,"[[-77.509827, 43.178265]]",937,Retail
,,,744898,,2026-04-24T17:49:28.209887,LoopNet API,38423222,"[[-77.670455, 43.205365]]",3094,Industrial
,,,1814709,,2026-04-24T17:49:28.209889,LoopNet API,38357735,"[[-77.61102, 43.25571]]",3414,Multi-Family
,,,431901,,2026-04-24T17:49:28.209891,LoopNet API,38353121,"[[-77.487226, 43.118583]]",2054,Office
,,,608859,,2026-04-24T17:49:28.209892,LoopNet API,38337053,"[[-77.736792, 43.182119]]",4903,Industrial
,,,303695,,2026-04-24T17:49:28.209894,LoopNet API,38306416,"[[-77.618951, 43.10377], [-77.619241, 43.104197]]",1574,Multi-Family
,,,1980024,,2026-04-24T17:49:28.209896,LoopNet API,38263561,"[[-77.66493, 43.131087]]",2536,Office
,,,1034609,,2026-04-24T17:49:28.209897,LoopNet API,38226122,"[[-77.641095, 43.201649]]",2690,Multi-Family
,,,1390727,,2026-04-24T17:49:28.209899,LoopNet API,37994174,"[[-77.675616, 43.037633]]",3464,Industrial
,,,1600269,,2026-04-24T17:49:28.209901,LoopNet API,37974523,"[[-77.606928, 43.160039]]",4428,Multi-Family
,,,1833207,,2026-04-24T17:49:28.209903,LoopNet API,37938064,"[[-77.609412, 43.159125]]",3193,Office
,,,201803,,2026-04-24T17:49:28.209904,LoopNet API,37863022,"[[-77.66444, 43.13292]]",2986,Multi-Family
,,,1379194,,2026-04-24T17:49:28.209906,LoopNet API,37840949,"[[-77.607784, 43.14062]]",2823,Retail
,,,1508025,,2026-04-24T17:49:28.209908,LoopNet API,37766162,"[[-77.659114, 43.15824]]",3842,Retail
,,,1615480,,2026-04-24T17:49:28.209910,LoopNet API,37685380,"[[-77.640861, 43.080778]]",2229,Multi-Family
,,,170773,,2026-04-24T17:49:28.209912,LoopNet API,37564679,"[[-77.601539, 43.089175], [-77.602465, 43.089255]]",2604,Multi-Family
,,,1336166,,2026-04-24T17:49:28.209914,LoopNet API,37029121,"[[-77.704267, 43.185293]]",3973,Multi-Family
,,,1217786,,2026-04-24T17:49:28.209915,LoopNet API,36911005,"[[-77.665334, 43.133994]]",4922,Office
,,,1063900,,2026-04-24T17:49:28.209917,LoopNet API,36845807,"[[-77.521768, 43.091687]]",1319,Multi-Family
,,,831359,,2026-04-24T17:49:28.209918,LoopNet API,36712607,"[[-77.625163, 43.164318]]",4485,Multi-Family
,,,125502,,2026-04-24T17:49:28.209920,LoopNet API,36694513,"[[-77.618797, 43.102607]]",4580,Retail
,,,1542834,,2026-04-24T17:49:28.209922,LoopNet API,36693922,"[[-77.618859, 43.102351]]",4359,Multi-Family
,,,1771558,,2026-04-24T17:49:28.209924,LoopNet API,36611613,"[[-77.628904, 43.174154]]",1775,Office
,,,908612,,2026-04-24T17:49:28.209925,LoopNet API,36398849,"[[-77.581112, 43.0941]]",3940,Industrial
,,,1007585,,2026-04-24T17:49:28.209927,LoopNet API,35789458,"[[-77.710627, 43.146659]]",4157,Office
,,,818283,,2026-04-24T17:49:28.209929,LoopNet API,35561380,"[[-77.603447, 43.147115]]",1795,Retail
,,,960437,,2026-04-24T17:49:28.209930,LoopNet API,35029105,"[[-77.593411, 43.12617]]",4839,Retail
,,,1688875,,2026-04-24T17:49:28.209933,LoopNet API,34615706,"[[-77.631762, 43.087828]]",2453,Office
,,,685507,,2026-04-24T17:49:28.209935,LoopNet API,34483921,"[[-77.628616, 43.135441]]",3129,Industrial
,,,426674,,2026-04-24T17:49:28.209937,LoopNet API,33831590,"[[-77.761502, 43.097409]]",816,Multi-Family
,,,1180034,,2026-04-24T17:49:28.209939,LoopNet API,33162249,"[[-77.611413, 43.155727]]",4272,Multi-Family
,,,187509,,2026-04-24T17:49:28.209941,LoopNet API,33041169,"[[-77.593028, 43.146437]]",983,Industrial
,,,258797,,2026-04-24T17:49:28.209942,LoopNet API,32968464,"[[-77.589541, 43.144419]]",1636,Retail
,,,895835,,2026-04-24T17:49:28.209944,LoopNet API,32876301,"[[-77.693209, 43.210131]]",1400,Retail
,,,1918377,,2026-04-24T17:49:28.209946,LoopNet API,32654787,"[[-77.650142, 43.135638]]",2851,Multi-Family
,,,121494,,2026-04-24T17:49:28.209948,LoopNet API,32554456,"[[-77.615191, 43.159897]]",2396,Multi-Family
,,,867107,,2026-04-24T17:49:28.209949,LoopNet API,32378445,"[[-77.665955, 43.259908]]",1709,Office
,,,632140,,2026-04-24T17:49:28.209951,LoopNet API,32108855,"[[-77.561308, 43.204157]]",2888,Office
,,,508181,,2026-04-24T17:49:28.209953,LoopNet API,31478200,"[[-77.673524, 43.109445]]",4320,Multi-Family
,,,1672494,,2026-04-24T17:49:28.209955,LoopNet API,31300848,"[[-77.455286, 43.209852]]",2835,Retail
,,,1940051,,2026-04-24T17:49:28.209956,LoopNet API,30644543,"[[-77.623535, 43.147484]]",3212,Office
,,,1306948,,2026-04-24T17:49:28.209978,LoopNet API,29800269,"[[-77.5831, 43.092362]]",4532,Retail
,,,473215,,2026-04-24T17:49:28.209981,LoopNet API,29057874,"[[-77.636271, 43.0941]]",3739,Industrial
,,,152364,,2026-04-24T17:49:28.209983,LoopNet API,28764317,"[[-74.193444, 40.921858], [-77.656597, 43.11786]]",1555,Industrial
,,,1815388,,2026-04-24T17:49:28.209985,LoopNet API,28639149,"[[-77.620477, 43.086632]]",4989,Multi-Family
,,,698074,,2026-04-24T17:49:28.209987,LoopNet API,28431245,"[[-77.587104, 43.18259]]",4501,Industrial
,,,563539,,2026-04-24T17:49:28.209989,LoopNet API,27373913,"[[-77.616208, 43.068077]]",4438,Multi-Family
,,,288295,,2026-04-24T17:49:28.209991,LoopNet API,25607807,"[[-77.561877, 43.175906]]",2545,Retail
,,,1006956,,2026-04-24T17:49:28.209993,LoopNet API,25060286,"[[-77.731417, 43.213995]]",4591,Office
,,,118856,,2026-04-24T17:49:28.209995,LoopNet API,24504892,"[[-77.602434, 43.161704]]",3910,Retail
,,,1712849,,2026-04-24T17:49:28.209997,LoopNet API,22039846,"[[-77.711586, 43.210741]]",2599,Retail
,,,1056361,,2026-04-24T17:49:28.209998,LoopNet API,18800479,"[[-77.697693, 43.105656]]",4622,Retail
,,,224566,,2026-04-24T17:49:28.210000,LoopNet API,16334777,"[[-77.735362, 43.214659]]",1285,Industrial
,,,1308818,,2026-04-24T17:49:28.210002,LoopNet API,9282621,"[[-77.66594, 43.014168]]",3077,Multi-Family
,,,744497,,2026-04-24T17:49:28.210004,LoopNet API,40264721,"[[-77.634923, 43.082694]]",3318,Industrial
,,,1698592,,2026-04-24T17:49:28.210006,LoopNet API,40060772,"[[-77.58537, 43.190654]]",1725,Industrial
,,,952534,,2026-04-24T17:49:28.210008,LoopNet API,40060393,"[[-77.605212, 43.196182]]",3843,Industrial
,,,1931067,,2026-04-24T17:49:28.210009,LoopNet API,40044603,"[[-77.594262, 43.154185]]",2356,Retail
,,,1276817,,2026-04-24T17:49:28.210017,LoopNet API,39690768,"[[-77.636795, 43.199908]]",2748,Retail
,,,459100,,2026-04-24T17:49:28.210020,LoopNet API,39135136,"[[-77.450523, 43.107187]]",3643,Retail
,,,847835,,2026-04-24T17:49:28.210022,LoopNet API,38658005,"[[-77.649384, 43.161883]]",2711,Retail
,,,261919,,2026-04-24T17:49:28.210023,LoopNet API,37835183,"[[-77.689202, 43.184202]]",3514,Multi-Family
,,,1986881,,2026-04-24T17:49:28.210025,LoopNet API,37802144,"[[-77.729757, 43.216637]]",4770,Retail
,,,1093313,,2026-04-24T17:49:28.210027,LoopNet API,37672628,"[[-77.58338, 43.161273]]",4668,Retail
,,,1985582,,2026-04-24T17:49:28.210029,LoopNet API,36753479,"[[-77.609031, 43.188089]]",3153,Industrial
,,,1593277,,2026-04-24T17:49:28.210031,LoopNet API,33967070,"[[-77.600692, 43.090541]]",4651,Retail
,,,1740407,,2026-04-24T17:49:28.210033,LoopNet API,33594054,"[[-77.59515, 43.197256]]",787,Retail
,,,1998748,,2026-04-24T17:49:28.210034,LoopNet API,33563624,"[[-77.670594, 43.205411]]",1079,Multi-Family
,,,1786893,,2026-04-24T17:49:28.210036,LoopNet API,31365120,"[[-77.617893, 43.104205]]",1440,Multi-Family
,,,1277058,,2026-04-24T17:49:28.210038,LoopNet API,31072254,"[[-77.672354, 43.208394]]",2808,Retail
,,,880350,,2026-04-24T17:49:28.210040,LoopNet API,29679893,"[[-77.625991, 43.083275]]",4309,Industrial
,,,1474422,,2026-04-24T17:49:28.210042,LoopNet API,27340026,"[[-77.596171, 43.094725]]",4555,Retail
,,,693852,,2026-04-24T17:49:28.210043,LoopNet API,25423067,"[[-77.660068, 43.189489]]",2320,Industrial
,,,722600,,2026-04-24T17:49:28.210045,LoopNet API,39240335,"[[-77.626972, 43.266573]]",4217,Industrial
,,,485678,,2026-04-24T17:49:28.210047,LoopNet API,38506503,"[[-77.722156, 43.147954]]",4786,Retail
,,,948890,,2026-04-24T17:49:28.210048,LoopNet API,39688759,"[[-77.491895, 43.134963]]",2703,Multi-Family
,,,974025,,2026-04-24T17:49:28.210050,LoopNet API,40147316,"[[-77.641461, 43.262428]]",1582,Industrial
,,,148629,,2026-04-24T17:49:28.210052,LoopNet API,39935759,"[[-77.59466, 43.158984]]",1563,Industrial
,,,1534982,,2026-04-24T17:49:28.210054,LoopNet API,39922564,"[[-77.629057, 43.164435]]",4663,Multi-Family
,,,1044791,,2026-04-24T17:49:28.210056,LoopNet API,39493768,"[[-77.652739, 43.183327]]",3755,Industrial
,,,1259014,,2026-04-24T17:49:28.210057,LoopNet API,39179151,"[[-77.637042, 43.21747]]",4126,Office
,,,492513,,2026-04-24T17:49:28.210059,LoopNet API,39135313,"[[-77.59963, 43.147174]]",4237,Office
,,,1841833,,2026-04-24T17:49:28.210061,LoopNet API,38805754,"[[-77.609516, 43.159373], [-77.60937, 43.159498], [-77.609022, 43.159498]]",3900,Office
,,,1155261,,2026-04-24T17:49:28.210063,LoopNet API,38672790,"[[-77.695841, 43.252085]]",4406,Office
,,,198399,,2026-04-24T17:49:28.210065,LoopNet API,38658813,"[[-77.62946, 43.144108]]",3363,Industrial
,,,692579,,2026-04-24T17:49:28.210067,LoopNet API,38657835,"[[-77.680431, 43.165312]]",975,Retail
,,,811225,,2026-04-24T17:49:28.210069,LoopNet API,38642840,"[[-77.63687, 43.178827], [-77.642536, 43.179533], [-77.642392, 43.179532], [-77.62665, 43.14951], [-77.62825, 43.15788], [-77.60167, 43.17348], [-77.64267, 43.17865], [-77.574784, 43.159554], [-77.642874, 43.178356], [-77.64269, 43.17833], [-77.648616, 43.175477]]",1161,Office
,,,1313756,,2026-04-24T17:49:28.210071,LoopNet API,38349243,"[[-77.630426, 43.152136]]",3617,Multi-Family
,,,1232843,,2026-04-24T17:49:28.210072,LoopNet API,38172504,"[[-77.681036, 43.16491]]",3908,Office
,,,1194027,,2026-04-24T17:49:28.210074,LoopNet API,37635578,"[[-77.605897, 43.163075]]",4457,Office
,,,1835549,,2026-04-24T17:49:28.210076,LoopNet API,37597791,"[[-77.622107, 43.237705], [-77.650804, 43.149728], [-77.621603, 43.239027]]",2445,Retail
,,,1787015,,2026-04-24T17:49:28.210077,LoopNet API,37405107,"[[-77.654446, 43.055679]]",2855,Office
,,,597006,,2026-04-24T17:49:28.210079,LoopNet API,36720805,"[[-77.507789, 43.181558]]",1928,Office
,,,265600,,2026-04-24T17:49:28.210081,LoopNet API,36541756,"[[-77.609937, 43.162058]]",1986,Multi-Family
,,,1176060,,2026-04-24T17:49:28.210082,LoopNet API,36012352,"[[-77.547591, 43.226692]]",2406,Office
,,,1156764,,2026-04-24T17:49:28.210084,LoopNet API,35743582,"[[-77.552951, 43.1471]]",2252,Retail
,,,442575,,2026-04-24T17:49:28.210085,LoopNet API,35635912,"[[-77.663813, 43.204382]]",716,Multi-Family
,,,1330305,,2026-04-24T17:49:28.210087,LoopNet API,33830092,"[[-77.734078, 43.095041]]",3840,Office
,,,473999,,2026-04-24T17:49:28.210089,LoopNet API,33820009,"[[-77.599713, 43.172094]]",3655,Industrial
,,,1971534,,2026-04-24T17:49:28.210091,LoopNet API,33012857,"[[-77.750032, 43.254493]]",3760,Office
,,,449939,,2026-04-24T17:49:28.210093,LoopNet API,32888406,"[[-77.658047, 43.128951]]",2153,Retail
,,,172519,,2026-04-24T17:49:28.210095,LoopNet API,31278281,"[[-77.614263, 43.17995]]",4818,Office
,,,1040181,,2026-04-24T17:49:28.210096,LoopNet API,28535219,"[[-77.640383, 43.058454]]",3178,Industrial
,,,729565,,2026-04-24T17:49:28.210098,LoopNet API,25194189,"[[-77.5988, 43.20861]]",3048,Industrial
,,,275986,,2026-04-24T17:49:28.210100,LoopNet API,39001771,"[[-77.569704, 43.130621]]",2768,Retail
,,,1503652,,2026-04-24T17:49:28.210101,LoopNet API,37336938,"[[-77.68565, 43.186082]]",2992,Retail
,,,1785972,,2026-04-24T17:49:28.210103,LoopNet API,29771223,"[[-77.599426, 43.193142], [-77.599521, 43.192894], [-77.599646, 43.193356]]",627,Retail
,,,1992863,,2026-04-24T17:49:28.210105,LoopNet API,25271303,"[[-77.652613, 43.187679]]",1264,Retail
,,,1698325,,2026-04-24T17:49:28.210106,LoopNet API,15015949,"[[-77.43438, 43.15122]]",2365,Industrial
,,,1925071,,2026-04-24T17:49:28.210108,LoopNet API,37144799,"[[-77.445522, 43.127799], [-77.446778, 43.126919]]",863,Retail
,,,1932859,,2026-04-24T18:20:27.989987,LoopNet API,39893735,"[[-77.660457, 43.193003]]",1034,Office
,,,432852,,2026-04-24T18:20:27.989997,LoopNet API,35580945,"[[-77.58521, 43.099027], [-77.615191, 43.159897], [-77.597745, 43.114269]]",4963,Office
,,,199526,,2026-04-24T18:20:27.990000,LoopNet API,40249018,"[[-77.430051, 43.212429]]",3364,Office
,,,335761,,2026-04-24T18:20:27.990002,LoopNet API,40248577,"[[-77.560017, 43.156468]]",3202,Retail
,,,399537,,2026-04-24T18:20:27.990004,LoopNet API,40196679,"[[-77.652427, 43.152328]]",2382,Office
,,,716983,,2026-04-24T18:20:27.990005,LoopNet API,40167211,"[[-77.562736, 43.200697]]",4451,Retail
,,,901002,,2026-04-24T18:20:27.990007,LoopNet API,40165640,"[[-77.628225, 43.172969]]",4220,Multi-Family
,,,856515,,2026-04-24T18:20:27.990009,LoopNet API,40148504,"[[-77.600309, 43.15064], [-77.600497, 43.150705]]",3771,Multi-Family
,,,1662782,,2026-04-24T18:20:27.990011,LoopNet API,40078420,"[[-77.573042, 43.160413]]",1807,Industrial
,,,1408398,,2026-04-24T18:20:27.990012,LoopNet API,40043513,"[[-77.6065, 43.11427]]",4550,Office
,,,163234,,2026-04-24T18:20:27.990014,LoopNet API,39993415,"[[-77.611223, 43.160168]]",787,Retail
,,,498601,,2026-04-24T18:20:27.990016,LoopNet API,39915284,"[[-77.607737, 43.15959]]",994,Office
,,,158738,,2026-04-24T18:20:27.990017,LoopNet API,39871963,"[[-77.61928, 43.103326]]",4257,Retail
,,,484017,,2026-04-24T18:20:27.990019,LoopNet API,39817288,"[[-77.630988, 43.19586]]",3954,Multi-Family
,,,377931,,2026-04-24T18:20:27.990021,LoopNet API,39712189,"[[-77.678778, 43.108532]]",3321,Industrial
,,,1234733,,2026-04-24T18:20:27.990022,LoopNet API,39625204,"[[-77.7088, 43.146607]]",4616,Office
,,,1407721,,2026-04-24T18:20:27.990024,LoopNet API,39616616,"[[-77.696694, 43.183124]]",3730,Retail
,,,908460,,2026-04-24T18:20:27.990026,LoopNet API,39602403,"[[-77.452169, 43.208601]]",2629,Retail
,,,192428,,2026-04-24T18:20:27.990027,LoopNet API,39577570,"[[-77.732154, 43.217996]]",3297,Retail
,,,1696202,,2026-04-24T18:20:27.990028,LoopNet API,39558241,"[[-77.486755, 43.079174]]",4059,Retail
,,,950614,,2026-04-24T18:20:27.990030,LoopNet API,39432321,"[[-77.603237, 43.115479]]",3712,Office
,,,1002050,,2026-04-24T18:20:27.990031,LoopNet API,39402981,"[[-77.569621, 43.201708]]",1044,Retail
,,,372526,,2026-04-24T18:20:27.990032,LoopNet API,39388644,"[[-77.583062, 43.163556]]",652,Multi-Family
,,,1173599,,2026-04-24T18:20:27.990034,LoopNet API,39322261,"[[-77.628546, 43.135555], [-77.62244, 43.13992], [-77.62866, 43.13642], [-77.64013, 43.12885]]",2369,Office
,,,523277,,2026-04-24T18:20:27.990035,LoopNet API,39317559,"[[-77.652737, 43.184384]]",655,Office
,,,1838210,,2026-04-24T18:20:27.990037,LoopNet API,39302800,"[[-77.687407, 43.208923]]",3305,Retail
,,,100462,,2026-04-24T18:20:27.990038,LoopNet API,39270340,"[[-77.596377, 43.140599], [-77.595678, 43.140665], [-77.596294, 43.140951], [-77.596385, 43.140912], [-77.596329, 43.140442]]",2752,Retail
,,,727176,,2026-04-24T18:20:27.990039,LoopNet API,39265429,"[[-77.579476, 43.138666]]",1973,Industrial
,,,859840,,2026-04-24T18:20:27.990041,LoopNet API,39265207,"[[-77.579987, 43.150797]]",2315,Multi-Family
,,,1213934,,2026-04-24T18:20:27.990042,LoopNet API,39228650,"[[-77.615279, 43.101188]]",856,Multi-Family
,,,103940,,2026-04-24T18:20:27.990043,LoopNet API,39172088,"[[-77.674289, 43.111963]]",2287,Industrial
,,,536316,,2026-04-24T18:20:27.990045,LoopNet API,39113038,"[[-77.641053, 43.146858]]",2754,Multi-Family
,,,1192129,,2026-04-24T18:20:27.990046,LoopNet API,39108272,"[[-77.63549, 43.154894]]",1264,Industrial
,,,461625,,2026-04-24T18:20:27.990047,LoopNet API,39082310,"[[-77.607652, 43.180298]]",3238,Multi-Family
,,,791930,,2026-04-24T18:20:27.990049,LoopNet API,39042100,"[[-77.632072, 43.179548]]",4404,Retail
,,,1651652,,2026-04-24T18:20:27.990050,LoopNet API,39031619,"[[-77.559786, 43.169987]]",3528,Office
,,,411289,,2026-04-24T18:20:27.990051,LoopNet API,39029056,"[[-77.629854, 43.253288]]",3493,Multi-Family
,,,433688,,2026-04-24T18:20:27.990052,LoopNet API,38905443,"[[-77.586462, 43.163805]]",3795,Office
,,,788437,,2026-04-24T18:20:27.990054,LoopNet API,38834356,"[[-77.581409, 43.161119]]",680,Industrial
,,,792812,,2026-04-24T18:20:27.990055,LoopNet API,38816016,"[[-77.66101, 43.149414]]",1575,Multi-Family
,,,1011147,,2026-04-24T18:20:27.990056,LoopNet API,38794915,"[[-77.651745, 43.145283]]",4095,Multi-Family
,,,1384546,,2026-04-24T18:20:27.990058,LoopNet API,38693769,"[[-77.642082, 43.222331]]",583,Office
,,,507275,,2026-04-24T18:20:27.990059,LoopNet API,38636419,"[[-77.626949, 43.16643], [-77.600855, 43.173812]]",4785,Industrial
,,,1648067,,2026-04-24T18:20:27.990060,LoopNet API,38636410,"[[-77.661895, 43.046676]]",572,Retail
,,,117425,,2026-04-24T18:20:27.990061,LoopNet API,38610227,"[[-77.564976, 43.14901]]",4977,Office
,,,1109040,,2026-04-24T18:20:27.990063,LoopNet API,38553022,"[[-77.599309, 43.157494]]",1647,Retail
,,,249818,,2026-04-24T18:20:27.990064,LoopNet API,38530756,"[[-77.59832, 43.159179]]",2761,Retail
,,,1153543,,2026-04-24T18:20:27.990065,LoopNet API,38530691,"[[-77.599626, 43.159095]]",4740,Industrial
,,,394881,,2026-04-24T18:20:27.990066,LoopNet API,38500653,"[[-77.59903, 43.142998]]",4316,Multi-Family
,,,894382,,2026-04-24T18:20:27.990068,LoopNet API,38455770,"[[-77.63365, 43.197508]]",3334,Multi-Family
,,,1139934,,2026-04-24T18:20:27.990069,LoopNet API,38433685,"[[-77.509827, 43.178265]]",1976,Office
,,,806749,,2026-04-24T18:20:27.990074,LoopNet API,38423222,"[[-77.670455, 43.205365]]",1347,Office
,,,119305,,2026-04-24T18:20:27.990075,LoopNet API,38357735,"[[-77.61102, 43.25571]]",1960,Multi-Family
,,,844186,,2026-04-24T18:20:27.990076,LoopNet API,38353121,"[[-77.487226, 43.118583]]",4172,Retail
,,,939513,,2026-04-24T18:20:27.990078,LoopNet API,38337053,"[[-77.736792, 43.182119]]",3674,Retail
,,,390995,,2026-04-24T18:20:27.990079,LoopNet API,38306416,"[[-77.618951, 43.10377], [-77.619241, 43.104197]]",4519,Multi-Family
,,,1586268,,2026-04-24T18:20:27.990080,LoopNet API,38263561,"[[-77.66493, 43.131087]]",4251,Industrial
,,,708382,,2026-04-24T18:20:27.990081,LoopNet API,38226122,"[[-77.641095, 43.201649]]",2089,Retail
,,,1137615,,2026-04-24T18:20:27.990082,LoopNet API,37994174,"[[-77.675616, 43.037633]]",1867,Office
,,,1711059,,2026-04-24T18:20:27.990083,LoopNet API,37974523,"[[-77.606928, 43.160039]]",1049,Multi-Family
,,,401417,,2026-04-24T18:20:27.990085,LoopNet API,37938064,"[[-77.609412, 43.159125]]",2017,Office
,,,167537,,2026-04-24T18:20:27.990086,LoopNet API,37863022,"[[-77.66444, 43.13292]]",575,Retail
,,,1942613,,2026-04-24T18:20:27.990087,LoopNet API,37840949,"[[-77.607784, 43.14062]]",2352,Multi-Family
,,,813597,,2026-04-24T18:20:27.990088,LoopNet API,37766162,"[[-77.659114, 43.15824]]",1676,Retail
,,,881872,,2026-04-24T18:20:27.990089,LoopNet API,37685380,"[[-77.640861, 43.080778]]",3128,Retail
,,,1057118,,2026-04-24T18:20:27.990091,LoopNet API,37564679,"[[-77.601539, 43.089175], [-77.602465, 43.089255]]",3152,Office
,,,653763,,2026-04-24T18:20:27.990092,LoopNet API,37029121,"[[-77.704267, 43.185293]]",4832,Retail
,,,743649,,2026-04-24T18:20:27.990093,LoopNet API,36911005,"[[-77.665334, 43.133994]]",2455,Industrial
,,,725473,,2026-04-24T18:20:27.990094,LoopNet API,36845807,"[[-77.521768, 43.091687]]",4517,Multi-Family
,,,1564557,,2026-04-24T18:20:27.990096,LoopNet API,36712607,"[[-77.625163, 43.164318]]",2440,Industrial
,,,1950993,,2026-04-24T18:20:27.990097,LoopNet API,36694513,"[[-77.618797, 43.102607]]",930,Industrial
,,,614277,,2026-04-24T18:20:27.990098,LoopNet API,36693922,"[[-77.618859, 43.102351]]",4361,Multi-Family
,,,681615,,2026-04-24T18:20:27.990099,LoopNet API,36611613,"[[-77.628904, 43.174154]]",3320,Retail
,,,869767,,2026-04-24T18:20:27.990101,LoopNet API,36398849,"[[-77.581112, 43.0941]]",3110,Office
,,,1710636,,2026-04-24T18:20:27.990102,LoopNet API,35789458,"[[-77.710627, 43.146659]]",621,Multi-Family
,,,539410,,2026-04-24T18:20:27.990103,LoopNet API,35561380,"[[-77.603447, 43.147115]]",2033,Industrial
,,,595959,,2026-04-24T18:20:27.990104,LoopNet API,35029105,"[[-77.593411, 43.12617]]",3293,Retail
,,,1422225,,2026-04-24T18:20:27.990111,LoopNet API,34615706,"[[-77.631762, 43.087828]]",3576,Multi-Family
,,,878736,,2026-04-24T18:20:27.990112,LoopNet API,34483921,"[[-77.628616, 43.135441]]",2805,Industrial
,,,323990,,2026-04-24T18:20:27.990114,LoopNet API,33831590,"[[-77.761502, 43.097409]]",4895,Industrial
,,,142165,,2026-04-24T18:20:27.990115,LoopNet API,33162249,"[[-77.611413, 43.155727]]",873,Retail
,,,1679656,,2026-04-24T18:20:27.990116,LoopNet API,33041169,"[[-77.593028, 43.146437]]",1031,Retail
,,,1078441,,2026-04-24T18:20:27.990118,LoopNet API,32968464,"[[-77.589541, 43.144419]]",1282,Office
,,,1928265,,2026-04-24T18:20:27.990119,LoopNet API,32876301,"[[-77.693209, 43.210131]]",1686,Industrial
,,,1655718,,2026-04-24T18:20:27.990120,LoopNet API,32654787,"[[-77.650142, 43.135638]]",4006,Office
,,,660259,,2026-04-24T18:20:27.990121,LoopNet API,32554456,"[[-77.615191, 43.159897]]",3143,Retail
,,,1039128,,2026-04-24T18:20:27.990122,LoopNet API,32378445,"[[-77.665955, 43.259908]]",985,Office
,,,1004701,,2026-04-24T18:20:27.990124,LoopNet API,32108855,"[[-77.561308, 43.204157]]",1514,Office
,,,779982,,2026-04-24T18:20:27.990125,LoopNet API,31478200,"[[-77.673524, 43.109445]]",863,Retail
,,,1298193,,2026-04-24T18:20:27.990126,LoopNet API,31300848,"[[-77.455286, 43.209852]]",3219,Multi-Family
,,,1755233,,2026-04-24T18:20:27.990128,LoopNet API,30644543,"[[-77.623535, 43.147484]]",2530,Industrial
,,,951437,,2026-04-24T18:20:27.990129,LoopNet API,29800269,"[[-77.5831, 43.092362]]",528,Industrial
,,,1029384,,2026-04-24T18:20:27.990130,LoopNet API,29057874,"[[-77.636271, 43.0941]]",3372,Industrial
,,,898911,,2026-04-24T18:20:27.990132,LoopNet API,28764317,"[[-74.193444, 40.921858], [-77.656597, 43.11786]]",3543,Retail
,,,1012454,,2026-04-24T18:20:27.990133,LoopNet API,28639149,"[[-77.620477, 43.086632]]",2788,Industrial
,,,145257,,2026-04-24T18:20:27.990134,LoopNet API,28431245,"[[-77.587104, 43.18259]]",2913,Industrial
,,,1363012,,2026-04-24T18:20:27.990135,LoopNet API,27373913,"[[-77.616208, 43.068077]]",3190,Office
,,,821708,,2026-04-24T18:20:27.990137,LoopNet API,25607807,"[[-77.561877, 43.175906]]",2113,Industrial
,,,1569299,,2026-04-24T18:20:27.990138,LoopNet API,25060286,"[[-77.731417, 43.213995]]",2933,Office
,,,1366345,,2026-04-24T18:20:27.990139,LoopNet API,24504892,"[[-77.602434, 43.161704]]",1000,Industrial
,,,1605164,,2026-04-24T18:20:27.990141,LoopNet API,22039846,"[[-77.711586, 43.210741]]",2903,Office
,,,1150509,,2026-04-24T18:20:27.990142,LoopNet API,18800479,"[[-77.697693, 43.105656]]",1450,Retail
,,,1710251,,2026-04-24T18:20:27.990143,LoopNet API,16334777,"[[-77.735362, 43.214659]]",4849,Multi-Family
,,,1966291,,2026-04-24T18:20:27.990145,LoopNet API,9282621,"[[-77.66594, 43.014168]]",977,Industrial
,,,875573,,2026-04-24T18:20:27.990146,LoopNet API,40264721,"[[-77.634923, 43.082694]]",4166,Multi-Family
,,,1609624,,2026-04-24T18:20:27.990147,LoopNet API,40060772,"[[-77.58537, 43.190654]]",4258,Multi-Family
,,,1359484,,2026-04-24T18:20:27.990149,LoopNet API,40060393,"[[-77.605212, 43.196182]]",1162,Industrial
,,,1700230,,2026-04-24T18:20:27.990150,LoopNet API,40044603,"[[-77.594262, 43.154185]]",1542,Retail
,,,247995,,2026-04-24T18:20:27.990151,LoopNet API,39690768,"[[-77.636795, 43.199908]]",2574,Multi-Family
,,,1317160,,2026-04-24T18:20:27.990153,LoopNet API,39135136,"[[-77.450523, 43.107187]]",1402,Retail
,,,1564107,,2026-04-24T18:20:27.990154,LoopNet API,38658005,"[[-77.649384, 43.161883]]",3881,Office
,,,341313,,2026-04-24T18:20:27.990155,LoopNet API,37835183,"[[-77.689202, 43.184202]]",801,Office
,,,946641,,2026-04-24T18:20:27.990157,LoopNet API,37802144,"[[-77.729757, 43.216637]]",4287,Multi-Family
,,,491671,,2026-04-24T18:20:27.990158,LoopNet API,37672628,"[[-77.58338, 43.161273]]",4482,Office
,,,1161382,,2026-04-24T18:20:27.990159,LoopNet API,36753479,"[[-77.609031, 43.188089]]",4272,Retail
,,,1956759,,2026-04-24T18:20:27.990160,LoopNet API,33967070,"[[-77.600692, 43.090541]]",1305,Industrial
,,,966762,,2026-04-24T18:20:27.990162,LoopNet API,33594054,"[[-77.59515, 43.197256]]",2054,Office
,,,830837,,2026-04-24T18:20:27.990163,LoopNet API,33563624,"[[-77.670594, 43.205411]]",4059,Office
,,,770024,,2026-04-24T18:20:27.990164,LoopNet API,31365120,"[[-77.617893, 43.104205]]",3068,Multi-Family
,,,1476333,,2026-04-24T18:20:27.990165,LoopNet API,31072254,"[[-77.672354, 43.208394]]",3106,Retail
,,,1886592,,2026-04-24T18:20:27.990167,LoopNet API,29679893,"[[-77.625991, 43.083275]]",2620,Industrial
,,,487523,,2026-04-24T18:20:27.990168,LoopNet API,27340026,"[[-77.596171, 43.094725]]",827,Industrial
,,,1754538,,2026-04-24T18:20:27.990169,LoopNet API,25423067,"[[-77.660068, 43.189489]]",2413,Industrial
,,,1687507,,2026-04-24T18:20:27.990170,LoopNet API,39240335,"[[-77.626972, 43.266573]]",2384,Office
,,,1059270,,2026-04-24T18:20:27.990171,LoopNet API,38506503,"[[-77.722156, 43.147954]]",1152,Industrial
,,,1130799,,2026-04-24T18:20:27.990173,LoopNet API,39688759,"[[-77.491895, 43.134963]]",2502,Retail
,,,815822,,2026-04-24T18:20:27.990174,LoopNet API,40147316,"[[-77.641461, 43.262428]]",1955,Industrial
,,,1215615,,2026-04-24T18:20:27.990175,LoopNet API,39935759,"[[-77.59466, 43.158984]]",2024,Multi-Family
,,,1846742,,2026-04-24T18:20:27.990178,LoopNet API,39922564,"[[-77.629057, 43.164435]]",2725,Multi-Family
,,,308431,,2026-04-24T18:20:27.990180,LoopNet API,39493768,"[[-77.652739, 43.183327]]",900,Industrial
,,,1317029,,2026-04-24T18:20:27.990181,LoopNet API,39179151,"[[-77.637042, 43.21747]]",4772,Industrial
,,,638391,,2026-04-24T18:20:27.990182,LoopNet API,39135313,"[[-77.59963, 43.147174]]",4849,Industrial
,,,1571726,,2026-04-24T18:20:27.990183,LoopNet API,38805754,"[[-77.609516, 43.159373], [-77.60937, 43.159498], [-77.609022, 43.159498]]",3350,Multi-Family
,,,994877,,2026-04-24T18:20:27.990185,LoopNet API,38672790,"[[-77.695841, 43.252085]]",4732,Office
,,,986401,,2026-04-24T18:20:27.990186,LoopNet API,38658813,"[[-77.62946, 43.144108]]",1581,Office
,,,944762,,2026-04-24T18:20:27.990187,LoopNet API,38657835,"[[-77.680431, 43.165312]]",4463,Industrial
,,,362111,,2026-04-24T18:20:27.990188,LoopNet API,38642840,"[[-77.63687, 43.178827], [-77.642536, 43.179533], [-77.642392, 43.179532], [-77.62665, 43.14951], [-77.62825, 43.15788], [-77.60167, 43.17348], [-77.64267, 43.17865], [-77.574784, 43.159554], [-77.642874, 43.178356], [-77.64269, 43.17833], [-77.648616, 43.175477]]",3281,Retail
,,,1037502,,2026-04-24T18:20:27.990190,LoopNet API,38349243,"[[-77.630426, 43.152136]]",3843,Retail
,,,219607,,2026-04-24T18:20:27.990191,LoopNet API,38172504,"[[-77.681036, 43.16491]]",3061,Multi-Family
,,,460635,,2026-04-24T18:20:27.990192,LoopNet API,37635578,"[[-77.605897, 43.163075]]",1321,Office
,,,548046,,2026-04-24T18:20:27.990193,LoopNet API,37597791,"[[-77.622107, 43.237705], [-77.650804, 43.149728], [-77.621603, 43.239027]]",4078,Retail
,,,418585,,2026-04-24T18:20:27.990195,LoopNet API,37405107,"[[-77.654446, 43.055679]]",1560,Multi-Family
,,,999872,,2026-04-24T18:20:27.990196,LoopNet API,36720805,"[[-77.507789, 43.181558]]",2609,Office
,,,471841,,2026-04-24T18:20:27.990197,LoopNet API,36541756,"[[-77.609937, 43.162058]]",1494,Multi-Family
,,,1658330,,2026-04-24T18:20:27.990198,LoopNet API,36012352,"[[-77.547591, 43.226692]]",2786,Multi-Family
,,,1781857,,2026-04-24T18:20:27.990200,LoopNet API,35743582,"[[-77.552951, 43.1471]]",3892,Industrial
,,,782492,,2026-04-24T18:20:27.990201,LoopNet API,35635912,"[[-77.663813, 43.204382]]",2077,Office
,,,1043073,,2026-04-24T18:20:27.990202,LoopNet API,33830092,"[[-77.734078, 43.095041]]",3462,Office
,,,1856618,,2026-04-24T18:20:27.990203,LoopNet API,33820009,"[[-77.599713, 43.172094]]",2854,Multi-Family
,,,203222,,2026-04-24T18:20:27.990205,LoopNet API,33012857,"[[-77.750032, 43.254493]]",2159,Retail
,,,106262,,2026-04-24T18:20:27.990207,LoopNet API,32888406,"[[-77.658047, 43.128951]]",2423,Multi-Family
,,,1822576,,2026-04-24T18:20:27.990208,LoopNet API,31278281,"[[-77.614263, 43.17995]]",3975,Multi-Family
,,,674304,,2026-04-24T18:20:27.990209,LoopNet API,28535219,"[[-77.640383, 43.058454]]",1102,Industrial
,,,901013,,2026-04-24T18:20:27.990211,LoopNet API,25194189,"[[-77.5988, 43.20861]]",952,Multi-Family
,,,1726144,,2026-04-24T18:20:27.990212,LoopNet API,39001771,"[[-77.569704, 43.130621]]",3791,Industrial
,,,1894602,,2026-04-24T18:20:27.990213,LoopNet API,37336938,"[[-77.68565, 43.186082]]",1054,Office
,,,1991514,,2026-04-24T18:20:27.990214,LoopNet API,29771223,"[[-77.599426, 43.193142], [-77.599521, 43.192894], [-77.599646, 43.193356]]",3995,Industrial
,,,1904648,,2026-04-24T18:20:27.990216,LoopNet API,25271303,"[[-77.652613, 43.187679]]",1363,Retail
,,,900422,,2026-04-24T18:20:27.990217,LoopNet API,15015949,"[[-77.43438, 43.15122]]",2513,Office
,,,725930,,2026-04-24T18:20:27.990218,LoopNet API,37144799,"[[-77.445522, 43.127799], [-77.446778, 43.126919]]",3728,Office
,,,1738432,,2026-04-25T17:22:12.920513,LoopNet API,40249018,"[[-77.430051, 43.212429]]",3199,Multi-Family
,,,1125510,,2026-04-25T17:22:12.920537,LoopNet API,40248577,"[[-77.560017, 43.156468]]",945,Multi-Family
,,,1841980,,2026-04-25T17:22:12.920543,LoopNet API,40196679,"[[-77.652427, 43.152328]]",2451,Office
,,,1785718,,2026-04-25T17:22:12.920548,LoopNet API,40167211,"[[-77.562736, 43.200697]]",796,Retail
,,,1569307,,2026-04-25T17:22:12.920553,LoopNet API,40165640,"[[-77.628225, 43.172969]]",3688,Industrial
,,,809249,,2026-04-25T17:22:12.920559,LoopNet API,40148504,"[[-77.600309, 43.15064], [-77.600497, 43.150705]]",2779,Multi-Family
,,,812707,,2026-04-25T17:22:12.920562,LoopNet API,40078420,"[[-77.573042, 43.160413]]",1408,Retail
,,,718256,,2026-04-25T17:22:12.920566,LoopNet API,40043513,"[[-77.6065, 43.11427]]",3102,Retail
,,,406419,,2026-04-25T17:22:12.920570,LoopNet API,39993415,"[[-77.611223, 43.160168]]",1082,Retail
,,,1481910,,2026-04-25T17:22:12.920574,LoopNet API,39915284,"[[-77.607737, 43.15959]]",546,Office
,,,1464163,,2026-04-25T17:22:12.920577,LoopNet API,39893735,"[[-77.660457, 43.193003]]",762,Industrial
,,,1771620,,2026-04-25T17:22:12.920581,LoopNet API,39871963,"[[-77.61928, 43.103326]]",1159,Multi-Family
,,,1831445,,2026-04-25T17:22:12.920585,LoopNet API,39817288,"[[-77.630988, 43.19586]]",3057,Retail
,,,1758413,,2026-04-25T17:22:12.920589,LoopNet API,39712189,"[[-77.678778, 43.108532]]",2041,Industrial
,,,1640286,,2026-04-25T17:22:12.920592,LoopNet API,39625204,"[[-77.7088, 43.146607]]",2159,Multi-Family
,,,1893066,,2026-04-25T17:22:12.920596,LoopNet API,39616616,"[[-77.696694, 43.183124]]",930,Retail
,,,1791883,,2026-04-25T17:22:12.920599,LoopNet API,39602403,"[[-77.452169, 43.208601]]",2681,Retail
,,,1499285,,2026-04-25T17:22:12.920603,LoopNet API,39577570,"[[-77.732154, 43.217996]]",2709,Industrial
,,,1670592,,2026-04-25T17:22:12.920607,LoopNet API,39558241,"[[-77.486755, 43.079174]]",3921,Office
,,,663996,,2026-04-25T17:22:12.920611,LoopNet API,39432321,"[[-77.603237, 43.115479]]",2780,Office
,,,962740,,2026-04-25T17:22:12.920614,LoopNet API,39402981,"[[-77.569621, 43.201708]]",1051,Retail
,,,530029,,2026-04-25T17:22:12.920617,LoopNet API,39388644,"[[-77.583062, 43.163556]]",4085,Multi-Family
,,,1792129,,2026-04-25T17:22:12.920621,LoopNet API,39322261,"[[-77.628546, 43.135555], [-77.62244, 43.13992], [-77.62866, 43.13642], [-77.64013, 43.12885]]",4045,Industrial
,,,355498,,2026-04-25T17:22:12.920624,LoopNet API,39317559,"[[-77.652737, 43.184384]]",1643,Office
,,,1026707,,2026-04-25T17:22:12.920627,LoopNet API,39302800,"[[-77.687407, 43.208923]]",1097,Multi-Family
,,,623166,,2026-04-25T17:22:12.920631,LoopNet API,39270340,"[[-77.596377, 43.140599], [-77.595678, 43.140665], [-77.596294, 43.140951], [-77.596385, 43.140912], [-77.596329, 43.140442]]",2526,Industrial
,,,1141296,,2026-04-25T17:22:12.920634,LoopNet API,39265429,"[[-77.579476, 43.138666]]",1817,Office
,,,830490,,2026-04-25T17:22:12.920638,LoopNet API,39265207,"[[-77.579987, 43.150797]]",4470,Industrial
,,,528132,,2026-04-25T17:22:12.920641,LoopNet API,39228650,"[[-77.615279, 43.101188]]",4570,Retail
,,,829508,,2026-04-25T17:22:12.920644,LoopNet API,39172088,"[[-77.674289, 43.111963]]",4219,Retail
,,,420943,,2026-04-25T17:22:12.920647,LoopNet API,39113038,"[[-77.641053, 43.146858]]",574,Retail
,,,1322367,,2026-04-25T17:22:12.920651,LoopNet API,39108272,"[[-77.63549, 43.154894]]",2774,Industrial
,,,1855642,,2026-04-25T17:22:12.920654,LoopNet API,39082310,"[[-77.607652, 43.180298]]",4437,Multi-Family
,,,1206116,,2026-04-25T17:22:12.920657,LoopNet API,39042100,"[[-77.632072, 43.179548]]",1451,Multi-Family
,,,1849519,,2026-04-25T17:22:12.920660,LoopNet API,39031619,"[[-77.559786, 43.169987]]",2613,Office
,,,829996,,2026-04-25T17:22:12.920663,LoopNet API,39029056,"[[-77.629854, 43.253288]]",3138,Multi-Family
,,,1661034,,2026-04-25T17:22:12.920667,LoopNet API,38905443,"[[-77.586462, 43.163805]]",2691,Industrial
,,,239537,,2026-04-25T17:22:12.920670,LoopNet API,38834356,"[[-77.581409, 43.161119]]",3725,Office
,,,1995231,,2026-04-25T17:22:12.920673,LoopNet API,38816016,"[[-77.66101, 43.149414]]",4519,Office
,,,1844069,,2026-04-25T17:22:12.920676,LoopNet API,38794915,"[[-77.651745, 43.145283]]",972,Office
,,,1797908,,2026-04-25T17:22:12.920679,LoopNet API,38693769,"[[-77.642082, 43.222331]]",1141,Industrial
,,,895572,,2026-04-25T17:22:12.920683,LoopNet API,38636419,"[[-77.626949, 43.16643], [-77.600855, 43.173812]]",4720,Multi-Family
,,,576385,,2026-04-25T17:22:12.920686,LoopNet API,38636410,"[[-77.661895, 43.046676]]",2406,Industrial
,,,234579,,2026-04-25T17:22:12.920689,LoopNet API,38610227,"[[-77.564976, 43.14901]]",1722,Retail
,,,1381508,,2026-04-25T17:22:12.920692,LoopNet API,38553022,"[[-77.599309, 43.157494]]",816,Office
,,,863661,,2026-04-25T17:22:12.920695,LoopNet API,38530756,"[[-77.59832, 43.159179]]",2794,Industrial
,,,938445,,2026-04-25T17:22:12.920699,LoopNet API,38530691,"[[-77.599626, 43.159095]]",2741,Retail
,,,193142,,2026-04-25T17:22:12.920702,LoopNet API,38500653,"[[-77.59903, 43.142998]]",2406,Multi-Family
,,,1732593,,2026-04-25T17:22:12.920705,LoopNet API,38455770,"[[-77.63365, 43.197508]]",2315,Office
,,,537933,,2026-04-25T17:22:12.920708,LoopNet API,38433685,"[[-77.509827, 43.178265]]",1962,Multi-Family
,,,1547120,,2026-04-25T17:22:12.920711,LoopNet API,38423222,"[[-77.670455, 43.205365]]",3432,Industrial
,,,131104,,2026-04-25T17:22:12.920714,LoopNet API,38357735,"[[-77.61102, 43.25571]]",2747,Office
,,,1418801,,2026-04-25T17:22:12.920717,LoopNet API,38353121,"[[-77.487226, 43.118583]]",4690,Office
,,,1031257,,2026-04-25T17:22:12.920721,LoopNet API,38337053,"[[-77.736792, 43.182119]]",786,Retail
,,,1690899,,2026-04-25T17:22:12.920724,LoopNet API,38306416,"[[-77.618951, 43.10377], [-77.619241, 43.104197]]",1611,Office
,,,1215865,,2026-04-25T17:22:12.920727,LoopNet API,38263561,"[[-77.66493, 43.131087]]",4337,Industrial
,,,1260349,,2026-04-25T17:22:12.920730,LoopNet API,38226122,"[[-77.641095, 43.201649]]",1140,Office
,,,1069076,,2026-04-25T17:22:12.920734,LoopNet API,37994174,"[[-77.675616, 43.037633]]",1079,Industrial
,,,1005864,,2026-04-25T17:22:12.920737,LoopNet API,37974523,"[[-77.606928, 43.160039]]",903,Multi-Family
,,,1863473,,2026-04-25T17:22:12.920740,LoopNet API,37938064,"[[-77.609412, 43.159125]]",3592,Office
,,,1023948,,2026-04-25T17:22:12.920743,LoopNet API,37863022,"[[-77.66444, 43.13292]]",3156,Industrial
,,,1174223,,2026-04-25T17:22:12.920746,LoopNet API,37840949,"[[-77.607784, 43.14062]]",2804,Industrial
,,,1173251,,2026-04-25T17:22:12.920750,LoopNet API,37766162,"[[-77.659114, 43.15824]]",4314,Industrial
,,,1546440,,2026-04-25T17:22:12.920753,LoopNet API,37685380,"[[-77.640861, 43.080778]]",4683,Industrial
,,,689881,,2026-04-25T17:22:12.920756,LoopNet API,37564679,"[[-77.601539, 43.089175], [-77.602465, 43.089255]]",3335,Industrial
,,,630395,,2026-04-25T17:22:12.920760,LoopNet API,37029121,"[[-77.704267, 43.185293]]",4978,Office
,,,1955405,,2026-04-25T17:22:12.920763,LoopNet API,36911005,"[[-77.665334, 43.133994]]",542,Office
,,,772742,,2026-04-25T17:22:12.920766,LoopNet API,36845807,"[[-77.521768, 43.091687]]",563,Office
,,,487620,,2026-04-25T17:22:12.920770,LoopNet API,36712607,"[[-77.625163, 43.164318]]",4252,Multi-Family
,,,612874,,2026-04-25T17:22:12.920773,LoopNet API,36694513,"[[-77.618797, 43.102607]]",3807,Industrial
,,,191413,,2026-04-25T17:22:12.920776,LoopNet API,36693922,"[[-77.618859, 43.102351]]",2593,Multi-Family
,,,1126023,,2026-04-25T17:22:12.920779,LoopNet API,36611613,"[[-77.628904, 43.174154]]",3630,Office
,,,951693,,2026-04-25T17:22:12.920783,LoopNet API,36398849,"[[-77.581112, 43.0941]]",3318,Retail
,,,270709,,2026-04-25T17:22:12.920786,LoopNet API,35789458,"[[-77.710627, 43.146659]]",1187,Multi-Family
,,,1308064,,2026-04-25T17:22:12.920789,LoopNet API,35561380,"[[-77.603447, 43.147115]]",3752,Industrial
,,,1497804,,2026-04-25T17:22:12.920792,LoopNet API,35029105,"[[-77.593411, 43.12617]]",4888,Office
,,,1826028,,2026-04-25T17:22:12.920795,LoopNet API,34615706,"[[-77.631762, 43.087828]]",3652,Industrial
,,,1628837,,2026-04-25T17:22:12.920800,LoopNet API,34483921,"[[-77.628616, 43.135441]]",3300,Multi-Family
,,,1928857,,2026-04-25T17:22:12.920804,LoopNet API,33831590,"[[-77.761502, 43.097409]]",1484,Multi-Family
,,,1181800,,2026-04-25T17:22:12.920807,LoopNet API,33162249,"[[-77.611413, 43.155727]]",1949,Retail
,,,837627,,2026-04-25T17:22:12.920810,LoopNet API,33041169,"[[-77.593028, 43.146437]]",4359,Office
,,,1685542,,2026-04-25T17:22:12.920814,LoopNet API,32968464,"[[-77.589541, 43.144419]]",3734,Office
,,,1421963,,2026-04-25T17:22:12.920817,LoopNet API,32876301,"[[-77.693209, 43.210131]]",1099,Office
,,,1429517,,2026-04-25T17:22:12.920821,LoopNet API,32654787,"[[-77.650142, 43.135638]]",1411,Industrial
,,,975499,,2026-04-25T17:22:12.920824,LoopNet API,32554456,"[[-77.615191, 43.159897]]",3832,Retail
,,,1490292,,2026-04-25T17:22:12.920827,LoopNet API,32378445,"[[-77.665955, 43.259908]]",2680,Multi-Family
,,,1473227,,2026-04-25T17:22:12.920831,LoopNet API,32108855,"[[-77.561308, 43.204157]]",2708,Multi-Family
,,,528658,,2026-04-25T17:22:12.920834,LoopNet API,31478200,"[[-77.673524, 43.109445]]",2784,Multi-Family
,,,822172,,2026-04-25T17:22:12.920838,LoopNet API,31300848,"[[-77.455286, 43.209852]]",4739,Office
,,,1492178,,2026-04-25T17:22:12.920841,LoopNet API,30644543,"[[-77.623535, 43.147484]]",2409,Industrial
,,,669418,,2026-04-25T17:22:12.920845,LoopNet API,29800269,"[[-77.5831, 43.092362]]",4427,Multi-Family
,,,1650590,,2026-04-25T17:22:12.920848,LoopNet API,29057874,"[[-77.636271, 43.0941]]",2215,Office
,,,1862546,,2026-04-25T17:22:12.920851,LoopNet API,28764317,"[[-74.193444, 40.921858], [-77.656597, 43.11786]]",3818,Industrial
,,,799055,,2026-04-25T17:22:12.920856,LoopNet API,28639149,"[[-77.620477, 43.086632]]",739,Industrial
,,,1208765,,2026-04-25T17:22:12.920859,LoopNet API,28431245,"[[-77.587104, 43.18259]]",1387,Industrial
,,,781847,,2026-04-25T17:22:12.920863,LoopNet API,27373913,"[[-77.616208, 43.068077]]",3816,Multi-Family
,,,689566,,2026-04-25T17:22:12.920866,LoopNet API,25607807,"[[-77.561877, 43.175906]]",3092,Office
,,,257477,,2026-04-25T17:22:12.920869,LoopNet API,25060286,"[[-77.731417, 43.213995]]",4363,Retail
,,,1591806,,2026-04-25T17:22:12.920873,LoopNet API,22039846,"[[-77.711586, 43.210741]]",2919,Multi-Family
,,,174380,,2026-04-25T17:22:12.920876,LoopNet API,18800479,"[[-77.697693, 43.105656]]",3333,Multi-Family
,,,1596682,,2026-04-25T17:22:12.920879,LoopNet API,16334777,"[[-77.735362, 43.214659]]",2112,Industrial
,,,1261694,,2026-04-25T17:22:12.920883,LoopNet API,9282621,"[[-77.66594, 43.014168]]",596,Industrial
,,,566114,,2026-04-25T17:22:12.920886,LoopNet API,40264721,"[[-77.634923, 43.082694]]",4967,Industrial
,,,740096,,2026-04-25T17:22:12.920890,LoopNet API,40060772,"[[-77.58537, 43.190654]]",1000,Industrial
,,,365739,,2026-04-25T17:22:12.920893,LoopNet API,40060393,"[[-77.605212, 43.196182]]",1369,Multi-Family
,,,1482673,,2026-04-25T17:22:12.920896,LoopNet API,40044603,"[[-77.594262, 43.154185]]",1192,Multi-Family
,,,1916109,,2026-04-25T17:22:12.920900,LoopNet API,39690768,"[[-77.636795, 43.199908]]",1329,Industrial
,,,721213,,2026-04-25T17:22:12.920903,LoopNet API,39135136,"[[-77.450523, 43.107187]]",4935,Retail
,,,1372310,,2026-04-25T17:22:12.920906,LoopNet API,38658005,"[[-77.649384, 43.161883]]",2955,Industrial
,,,1084373,,2026-04-25T17:22:12.920911,LoopNet API,37835183,"[[-77.689202, 43.184202]]",2062,Multi-Family
,,,1233184,,2026-04-25T17:22:12.920914,LoopNet API,37802144,"[[-77.729757, 43.216637]]",1591,Multi-Family
,,,821731,,2026-04-25T17:22:12.920918,LoopNet API,37672628,"[[-77.58338, 43.161273]]",4413,Multi-Family
,,,1234316,,2026-04-25T17:22:12.920921,LoopNet API,36753479,"[[-77.609031, 43.188089]]",3045,Multi-Family
,,,936958,,2026-04-25T17:22:12.920924,LoopNet API,35580945,"[[-77.58521, 43.099027], [-77.615191, 43.159897], [-77.597745, 43.114269]]",1415,Retail
,,,673324,,2026-04-25T17:22:12.920927,LoopNet API,33967070,"[[-77.600692, 43.090541]]",2866,Multi-Family
,,,592543,,2026-04-25T17:22:12.920931,LoopNet API,33594054,"[[-77.59515, 43.197256]]",1664,Office
,,,1651501,,2026-04-25T17:22:12.920934,LoopNet API,33563624,"[[-77.670594, 43.205411]]",4684,Retail
,,,1944198,,2026-04-25T17:22:12.920937,LoopNet API,31365120,"[[-77.617893, 43.104205]]",946,Retail
,,,1706980,,2026-04-25T17:22:12.920940,LoopNet API,31072254,"[[-77.672354, 43.208394]]",2317,Multi-Family
,,,1127852,,2026-04-25T17:22:12.920944,LoopNet API,29679893,"[[-77.625991, 43.083275]]",3630,Industrial
,,,580094,,2026-04-25T17:22:12.920962,LoopNet API,27340026,"[[-77.596171, 43.094725]]",3608,Retail
,,,1617266,,2026-04-25T17:22:12.920965,LoopNet API,25423067,"[[-77.660068, 43.189489]]",2682,Retail
,,,1713837,,2026-04-25T17:22:12.920969,LoopNet API,39240335,"[[-77.626972, 43.266573]]",2328,Industrial
,,,104953,,2026-04-25T17:22:12.920972,LoopNet API,38506503,"[[-77.722156, 43.147954]]",2832,Industrial
,,,1325856,,2026-04-25T17:22:12.920976,LoopNet API,39688759,"[[-77.491895, 43.134963]]",580,Office
,,,721848,,2026-04-25T17:22:12.920979,LoopNet API,40147316,"[[-77.641461, 43.262428]]",600,Multi-Family
,,,1238001,,2026-04-25T17:22:12.920983,LoopNet API,39935759,"[[-77.59466, 43.158984]]",725,Retail
,,,592038,,2026-04-25T17:22:12.920986,LoopNet API,39922564,"[[-77.629057, 43.164435]]",3026,Retail
,,,741369,,2026-04-25T17:22:12.920990,LoopNet API,39493768,"[[-77.652739, 43.183327]]",4778,Industrial
,,,266464,,2026-04-25T17:22:12.920994,LoopNet API,39479662,"[[-77.687841, 43.129255]]",2511,Multi-Family
,,,1506765,,2026-04-25T17:22:12.920997,LoopNet API,39179151,"[[-77.637042, 43.21747]]",1239,Office
,,,199260,,2026-04-25T17:22:12.921000,LoopNet API,39147739,"[[-77.431603, 43.218146]]",4899,Office
,,,1505297,,2026-04-25T17:22:12.921003,LoopNet API,39135313,"[[-77.59963, 43.147174]]",2592,Office
,,,1553374,,2026-04-25T17:22:12.921007,LoopNet API,38985531,"[[-77.635785, 43.095101]]",4210,Multi-Family
,,,857331,,2026-04-25T17:22:12.921010,LoopNet API,38805754,"[[-77.609516, 43.159373], [-77.60937, 43.159498], [-77.609022, 43.159498]]",4303,Retail
,,,1434122,,2026-04-25T17:22:12.921013,LoopNet API,38658813,"[[-77.62946, 43.144108]]",4104,Office
,,,313427,,2026-04-25T17:22:12.921016,LoopNet API,38657835,"[[-77.680431, 43.165312]]",2911,Industrial
,,,1936591,,2026-04-25T17:22:12.921019,LoopNet API,38642840,"[[-77.63687, 43.178827], [-77.642536, 43.179533], [-77.642392, 43.179532], [-77.62665, 43.14951], [-77.62825, 43.15788], [-77.60167, 43.17348], [-77.64267, 43.17865], [-77.574784, 43.159554], [-77.642874, 43.178356], [-77.64269, 43.17833], [-77.648616, 43.175477]]",2092,Retail
,,,368488,,2026-04-25T17:22:12.921022,LoopNet API,38404159,"[[-77.560597, 43.09562]]",521,Office
,,,791196,,2026-04-25T17:22:12.921026,LoopNet API,38349243,"[[-77.630426, 43.152136]]",643,Retail
,,,239003,,2026-04-25T17:22:12.921029,LoopNet API,38172504,"[[-77.681036, 43.16491]]",4071,Industrial
,,,1564982,,2026-04-25T17:22:12.921032,LoopNet API,38057609,"[[-77.646874, 43.0616]]",4356,Industrial
,,,1912095,,2026-04-25T17:22:12.921035,LoopNet API,37635578,"[[-77.605897, 43.163075]]",740,Multi-Family
,,,483167,,2026-04-25T17:22:12.921038,LoopNet API,37597791,"[[-77.622107, 43.237705], [-77.650804, 43.149728], [-77.621603, 43.239027]]",2330,Industrial
,,,685297,,2026-04-25T17:22:12.921042,LoopNet API,37405107,"[[-77.654446, 43.055679]]",3689,Industrial
,,,363311,,2026-04-25T17:22:12.921045,LoopNet API,36999876,"[[-77.618147, 43.103253]]",1069,Retail
,,,1881541,,2026-04-25T17:22:12.921048,LoopNet API,36850609,"[[-77.558548, 43.163768]]",4653,Multi-Family
,,,272359,,2026-04-25T17:22:12.921051,LoopNet API,36720805,"[[-77.507789, 43.181558]]",992,Multi-Family
,,,1488989,,2026-04-25T17:22:12.921054,LoopNet API,36666411,"[[-77.650218, 43.062672]]",670,Office
,,,321506,,2026-04-25T17:22:12.921058,LoopNet API,36541756,"[[-77.609937, 43.162058]]",2291,Multi-Family
,,,1505220,,2026-04-25T17:22:12.921061,LoopNet API,36360042,"[[-77.485085, 43.113571]]",755,Office
,,,1484470,,2026-04-25T17:22:12.921064,LoopNet API,35743582,"[[-77.552951, 43.1471]]",4994,Retail
,,,951628,,2026-04-25T17:22:12.921068,LoopNet API,35635912,"[[-77.663813, 43.204382]]",1230,Office
,,,685843,,2026-04-25T17:22:12.921071,LoopNet API,35459458,"[[-77.440719, 43.124942]]",4204,Industrial
,,,1185999,,2026-04-25T17:22:12.921074,LoopNet API,35365801,"[[-77.614428, 43.251083]]",4453,Multi-Family
,,,803312,,2026-04-25T17:22:12.921077,LoopNet API,35040848,"[[-77.798563, 43.21765]]",3628,Industrial
,,,775598,,2026-04-25T17:22:12.921080,LoopNet API,34997248,"[[-77.516096, 43.090089]]",2099,Office
,,,221134,,2026-04-25T17:22:12.921084,LoopNet API,34937180,"[[-77.617645, 43.155925]]",2248,Office
,,,965041,,2026-04-25T17:22:12.921087,LoopNet API,34552719,"[[-77.642921, 43.054479]]",832,Office
,,,1124788,,2026-04-25T17:22:12.921090,LoopNet API,34166632,"[[-77.639791, 43.164369]]",2654,Retail
,,,673572,,2026-04-25T17:22:12.921093,LoopNet API,33830092,"[[-77.734078, 43.095041]]",1648,Industrial
,,,1686032,,2026-04-25T17:22:12.921096,LoopNet API,33820009,"[[-77.599713, 43.172094]]",2354,Industrial
,,,1865076,,2026-04-25T17:22:12.921100,LoopNet API,33012857,"[[-77.750032, 43.254493]]",3274,Multi-Family
,,,1076839,,2026-04-25T17:22:12.921103,LoopNet API,32888406,"[[-77.658047, 43.128951]]",3588,Multi-Family
,,,1344274,,2026-04-25T17:22:12.921106,LoopNet API,31419247,"[[-77.639821, 43.179525]]",969,Retail
,,,1605919,,2026-04-25T17:22:12.921109,LoopNet API,31278281,"[[-77.614263, 43.17995]]",1243,Multi-Family
,,,885778,,2026-04-25T17:22:12.921112,LoopNet API,31073658,"[[-77.425694, 43.166068]]",3213,Industrial
,,,1919204,,2026-04-25T17:22:12.921115,LoopNet API,25194189,"[[-77.5988, 43.20861]]",3607,Office
,,,1014566,,2026-04-25T17:22:12.921118,LoopNet API,24504892,"[[-77.602434, 43.161704]]",2902,Multi-Family
,,,1095720,,2026-04-25T17:22:12.921122,LoopNet API,15082433,"[[-77.60579, 43.15914]]",4351,Retail
,,,1614234,,2026-04-25T17:22:12.921125,LoopNet API,39001771,"[[-77.569704, 43.130621]]",4361,Industrial
,,,1897971,,2026-04-25T17:22:12.921128,LoopNet API,38095938,"[[-77.611612, 43.137413]]",2209,Multi-Family
,,,1711551,,2026-04-25T17:22:12.921131,LoopNet API,37902719,"[[-77.666541, 43.046159]]",1701,Office
,,,368366,,2026-04-25T17:22:12.921135,LoopNet API,37615125,"[[-77.714708, 43.213511]]",4015,Retail
,,,1061527,,2026-04-25T17:22:12.921138,LoopNet API,37336938,"[[-77.68565, 43.186082]]",1711,Retail
,,,250832,,2026-04-25T17:22:12.921142,LoopNet API,36916302,"[[-77.694933, 43.263417]]",2246,Office
,,,1890168,,2026-04-25T17:22:12.921145,LoopNet API,29771223,"[[-77.599426, 43.193142], [-77.599521, 43.192894], [-77.599646, 43.193356]]",897,Retail
,,,1014664,,2026-04-25T17:22:12.921148,LoopNet API,25271303,"[[-77.652613, 43.187679]]",2400,Industrial
,,,913505,,2026-04-25T17:22:12.921151,LoopNet API,15015949,"[[-77.43438, 43.15122]]",3895,Retail
,,,248804,,2026-04-25T17:22:12.921154,LoopNet API,37144799,"[[-77.445522, 43.127799], [-77.446778, 43.126919]]",4695,Office
